<?xml version="1.0" encoding="UTF-8"?>
<kml xmlns="http://www.opengis.net/kml/2.2">
<Document>
  <name>Australian Weather Stations</name>
  <description>Bureau of Meteorology weather stations</description>
  <Style id="active">
    <IconStyle><Icon><href>http://maps.google.com/mapfiles/ms/icons/green-dot.png</href></Icon></IconStyle>
  </Style>
  <Style id="closed">
    <IconStyle><Icon><href>http://maps.google.com/mapfiles/ms/icons/grey-dot.png</href></Icon></IconStyle>
  </Style>
  <Folder>
    <name>Australian Weather Stations</name>
    <Placemark>
      <name>O'CONNOR</name>
      <styleUrl>#closed</styleUrl>
      <Point><coordinates>149.1188,-35.25,0</coordinates></Point>
    </Placemark>
    <Placemark>
      <name>ANNUELLO</name>
      <styleUrl>#active</styleUrl>
      <Point><coordinates>142.7807,-34.8497,52</coordinates></Point>
    </Placemark>
    <Placemark>
      <name>ANNUELLO (MOSTANK)</name>
      <styleUrl>#closed</styleUrl>
      <Point><coordinates>142.75,-34.8,0</coordinates></Point>
    </Placemark>
    <Placemark>
      <name>BANNERTON</name>
      <styleUrl>#closed</styleUrl>
      <Point><coordinates>142.7902,-34.7233,83</coordinates></Point>
    </Placemark>
    <Placemark>
      <name>BARING (KINTA)</name>
      <styleUrl>#closed</styleUrl>
      <Point><coordinates>142.0667,-35.3833,80</coordinates></Point>
    </Placemark>
    <Placemark>
      <name>BENETOOK NORTH</name>
      <styleUrl>#closed</styleUrl>
      <Point><coordinates>141.8,-34.1,0</coordinates></Point>
    </Placemark>
    <Placemark>
      <name>CARWARP</name>
      <styleUrl>#closed</styleUrl>
      <Point><coordinates>142.2,-34.4667,58</coordinates></Point>
    </Placemark>
    <Placemark>
      <name>TUTYE (BUNUROUK) COMPARISON</name>
      <styleUrl>#active</styleUrl>
      <Point><coordinates>141.4935,-35.2858,60</coordinates></Point>
    </Placemark>
    <Placemark>
      <name>CHINKAPOOK</name>
      <styleUrl>#closed</styleUrl>
      <Point><coordinates>142.95,-35.2,0</coordinates></Point>
    </Placemark>
    <Placemark>
      <name>COLIGNAN</name>
      <styleUrl>#closed</styleUrl>
      <Point><coordinates>142.4,-34.5,0</coordinates></Point>
    </Placemark>
    <Placemark>
      <name>COWANGIE</name>
      <styleUrl>#closed</styleUrl>
      <Point><coordinates>141.3828,-35.2339,43</coordinates></Point>
    </Placemark>
    <Placemark>
      <name>CRAMENTON</name>
      <styleUrl>#closed</styleUrl>
      <Point><coordinates>142.4667,-34.8,0</coordinates></Point>
    </Placemark>
    <Placemark>
      <name>MANANGATANG (DAYTRAP)</name>
      <styleUrl>#closed</styleUrl>
      <Point><coordinates>142.8014,-35.1966,62</coordinates></Point>
    </Placemark>
    <Placemark>
      <name>MANANGATANG (EUREKA EAST)</name>
      <styleUrl>#active</styleUrl>
      <Point><coordinates>143.0001,-35.1702,60</coordinates></Point>
    </Placemark>
    <Placemark>
      <name>GALAH</name>
      <styleUrl>#active</styleUrl>
      <Point><coordinates>142.1716,-35.0974,52</coordinates></Point>
    </Placemark>
    <Placemark>
      <name>HAYSDALE</name>
      <styleUrl>#closed</styleUrl>
      <Point><coordinates>143.2667,-34.8833,0</coordinates></Point>
    </Placemark>
    <Placemark>
      <name>IRYMPLE (ARLINGTON)</name>
      <styleUrl>#active</styleUrl>
      <Point><coordinates>142.1512,-34.2262,45</coordinates></Point>
    </Placemark>
    <Placemark>
      <name>KADOON</name>
      <styleUrl>#closed</styleUrl>
      <Point><coordinates>141.4,-35.2,0</coordinates></Point>
    </Placemark>
    <Placemark>
      <name>MANANGATANG (CHINKAPOOK)</name>
      <styleUrl>#active</styleUrl>
      <Point><coordinates>142.0401,-35.9448,58</coordinates></Point>
    </Placemark>
    <Placemark>
      <name>MANANGATANG (COCAMBA)</name>
      <styleUrl>#active</styleUrl>
      <Point><coordinates>142.9194,-35.1136,55</coordinates></Point>
    </Placemark>
    <Placemark>
      <name>KARAWINNA 2</name>
      <styleUrl>#closed</styleUrl>
      <Point><coordinates>141.7,-34.4,0</coordinates></Point>
    </Placemark>
    <Placemark>
      <name>KARAWINNA SOUTH</name>
      <styleUrl>#closed</styleUrl>
      <Point><coordinates>141.7,-34.4,0</coordinates></Point>
    </Placemark>
    <Placemark>
      <name>KOOLOONONG</name>
      <styleUrl>#closed</styleUrl>
      <Point><coordinates>143.1333,-34.8833,0</coordinates></Point>
    </Placemark>
    <Placemark>
      <name>KULWIN</name>
      <styleUrl>#closed</styleUrl>
      <Point><coordinates>142.65,-35.1,0</coordinates></Point>
    </Placemark>
    <Placemark>
      <name>KURNWILL</name>
      <styleUrl>#closed</styleUrl>
      <Point><coordinates>141.3923,-34.4613,80</coordinates></Point>
    </Placemark>
    <Placemark>
      <name>ROBINVALE (KYNDALYN PARK)</name>
      <styleUrl>#closed</styleUrl>
      <Point><coordinates>142.9276,-34.7122,53</coordinates></Point>
    </Placemark>
    <Placemark>
      <name>MANANGATANG</name>
      <styleUrl>#active</styleUrl>
      <Point><coordinates>142.8832,-35.0551,55</coordinates></Point>
    </Placemark>
    <Placemark>
      <name>MERBEIN CSIRO RESEARCH STATION</name>
      <styleUrl>#closed</styleUrl>
      <Point><coordinates>142.04,-34.2133,56.4</coordinates></Point>
    </Placemark>
    <Placemark>
      <name>MERBEIN SRWSC</name>
      <styleUrl>#closed</styleUrl>
      <Point><coordinates>142.0667,-34.1667,0</coordinates></Point>
    </Placemark>
    <Placemark>
      <name>MERBEIN WEST</name>
      <styleUrl>#closed</styleUrl>
      <Point><coordinates>142,-34.2,0</coordinates></Point>
    </Placemark>
    <Placemark>
      <name>MERINGUR</name>
      <styleUrl>#closed</styleUrl>
      <Point><coordinates>141.3352,-34.3895,100</coordinates></Point>
    </Placemark>
    <Placemark>
      <name>MERRINEE</name>
      <styleUrl>#active</styleUrl>
      <Point><coordinates>141.758,-34.3846,63</coordinates></Point>
    </Placemark>
    <Placemark>
      <name>MILDURA AIRPORT</name>
      <styleUrl>#active</styleUrl>
      <Point><coordinates>142.0867,-34.2358,50</coordinates></Point>
    </Placemark>
    <Placemark>
      <name>MILDURA SE</name>
      <styleUrl>#closed</styleUrl>
      <Point><coordinates>142.1667,-34.2164,49</coordinates></Point>
    </Placemark>
    <Placemark>
      <name>MITTYACK</name>
      <styleUrl>#closed</styleUrl>
      <Point><coordinates>142.6667,-35.15,59</coordinates></Point>
    </Placemark>
    <Placemark>
      <name>MOONDAH THE PINES</name>
      <styleUrl>#closed</styleUrl>
      <Point><coordinates>143,-35,0</coordinates></Point>
    </Placemark>
    <Placemark>
      <name>MORKALLA NORTH</name>
      <styleUrl>#closed</styleUrl>
      <Point><coordinates>141.173,-34.2942,57</coordinates></Point>
    </Placemark>
    <Placemark>
      <name>MULCRA</name>
      <styleUrl>#closed</styleUrl>
      <Point><coordinates>141.1,-35.1667,88</coordinates></Point>
    </Placemark>
    <Placemark>
      <name>MURRAY LOCK NUMBER 9</name>
      <styleUrl>#active</styleUrl>
      <Point><coordinates>141.5996,-34.1928,30</coordinates></Point>
    </Placemark>
    <Placemark>
      <name>MURRAYVILLE</name>
      <styleUrl>#active</styleUrl>
      <Point><coordinates>141.1789,-35.2628,71</coordinates></Point>
    </Placemark>
    <Placemark>
      <name>NANDALY</name>
      <styleUrl>#closed</styleUrl>
      <Point><coordinates>142.7,-35.3167,66</coordinates></Point>
    </Placemark>
    <Placemark>
      <name>NEDS CORNER</name>
      <styleUrl>#closed</styleUrl>
      <Point><coordinates>141.3333,-34.3167,0</coordinates></Point>
    </Placemark>
    <Placemark>
      <name>NINYEUNOOK (WATTLE VALE)</name>
      <styleUrl>#closed</styleUrl>
      <Point><coordinates>143.4,-36,0</coordinates></Point>
    </Placemark>
    <Placemark>
      <name>BANNERTON (CARINA PARK)</name>
      <styleUrl>#active</styleUrl>
      <Point><coordinates>142.7421,-34.7536,69</coordinates></Point>
    </Placemark>
    <Placemark>
      <name>NULKWYNE KIAMAL</name>
      <styleUrl>#active</styleUrl>
      <Point><coordinates>142.1765,-34.9272,42</coordinates></Point>
    </Placemark>
    <Placemark>
      <name>NYAH</name>
      <styleUrl>#active</styleUrl>
      <Point><coordinates>143.37,-35.1762,80</coordinates></Point>
    </Placemark>
    <Placemark>
      <name>NYAH WEST POST OFFICE</name>
      <styleUrl>#closed</styleUrl>
      <Point><coordinates>143.3333,-35.1833,77</coordinates></Point>
    </Placemark>
    <Placemark>
      <name>NYAH (YARRABY TANK)</name>
      <styleUrl>#active</styleUrl>
      <Point><coordinates>142.2781,-35.167,80</coordinates></Point>
    </Placemark>
    <Placemark>
      <name>OUYEN (POST OFFICE)</name>
      <styleUrl>#active</styleUrl>
      <Point><coordinates>142.3125,-35.0682,65</coordinates></Point>
    </Placemark>
    <Placemark>
      <name>PANITYA</name>
      <styleUrl>#closed</styleUrl>
      <Point><coordinates>141.1,-35.25,0</coordinates></Point>
    </Placemark>
    <Placemark>
      <name>PIANGIL</name>
      <styleUrl>#closed</styleUrl>
      <Point><coordinates>143.3,-35.5,64</coordinates></Point>
    </Placemark>
    <Placemark>
      <name>PIRA WILD HORSE PLAINS</name>
      <styleUrl>#active</styleUrl>
      <Point><coordinates>143.3471,-35.2551,89</coordinates></Point>
    </Placemark>
    <Placemark>
      <name>PIRLTA</name>
      <styleUrl>#active</styleUrl>
      <Point><coordinates>141.9038,-34.362,60</coordinates></Point>
    </Placemark>
    <Placemark>
      <name>RED CLIFFS (POST OFFICE)</name>
      <styleUrl>#active</styleUrl>
      <Point><coordinates>142.1882,-34.3075,67</coordinates></Point>
    </Placemark>
    <Placemark>
      <name>ROBINVALE</name>
      <styleUrl>#active</styleUrl>
      <Point><coordinates>142.7686,-34.5898,60</coordinates></Point>
    </Placemark>
    <Placemark>
      <name>TIEGA</name>
      <styleUrl>#closed</styleUrl>
      <Point><coordinates>142.2,-35.1,50.3</coordinates></Point>
    </Placemark>
    <Placemark>
      <name>TOWAN</name>
      <styleUrl>#closed</styleUrl>
      <Point><coordinates>143.2,-35.1,62.8</coordinates></Point>
    </Placemark>
    <Placemark>
      <name>TULILLAH</name>
      <styleUrl>#closed</styleUrl>
      <Point><coordinates>141.8667,-34.2,0</coordinates></Point>
    </Placemark>
    <Placemark>
      <name>TUNART SOUTH</name>
      <styleUrl>#closed</styleUrl>
      <Point><coordinates>141.3,-34.5,0</coordinates></Point>
    </Placemark>
    <Placemark>
      <name>TUTYE</name>
      <styleUrl>#closed</styleUrl>
      <Point><coordinates>141.5,-35.2,0</coordinates></Point>
    </Placemark>
    <Placemark>
      <name>TYNTYNDER STATION</name>
      <styleUrl>#closed</styleUrl>
      <Point><coordinates>143.5,-35.2,67.1</coordinates></Point>
    </Placemark>
    <Placemark>
      <name>TYNTYNDER WEST</name>
      <styleUrl>#closed</styleUrl>
      <Point><coordinates>143.4,-35.2,0</coordinates></Point>
    </Placemark>
    <Placemark>
      <name>UNDERBOOL</name>
      <styleUrl>#closed</styleUrl>
      <Point><coordinates>141.8167,-35.1667,0</coordinates></Point>
    </Placemark>
    <Placemark>
      <name>WAGANT</name>
      <styleUrl>#closed</styleUrl>
      <Point><coordinates>142.5,-35.1,0</coordinates></Point>
    </Placemark>
    <Placemark>
      <name>WALPA (DANYO)</name>
      <styleUrl>#active</styleUrl>
      <Point><coordinates>141.2611,-35.0924,60</coordinates></Point>
    </Placemark>
    <Placemark>
      <name>WALPEUP RESEARCH</name>
      <styleUrl>#active</styleUrl>
      <Point><coordinates>142.004,-35.1201,105</coordinates></Point>
    </Placemark>
    <Placemark>
      <name>WALPEUP</name>
      <styleUrl>#closed</styleUrl>
      <Point><coordinates>142.0237,-35.1369,113</coordinates></Point>
    </Placemark>
    <Placemark>
      <name>WEMEN</name>
      <styleUrl>#closed</styleUrl>
      <Point><coordinates>142.7,-34.7,0</coordinates></Point>
    </Placemark>
    <Placemark>
      <name>WERRIMULL</name>
      <styleUrl>#active</styleUrl>
      <Point><coordinates>141.5954,-34.3883,65</coordinates></Point>
    </Placemark>
    <Placemark>
      <name>WILLAH</name>
      <styleUrl>#closed</styleUrl>
      <Point><coordinates>141.9,-34.5,0</coordinates></Point>
    </Placemark>
    <Placemark>
      <name>WINNAMBOOL (KULWIN)</name>
      <styleUrl>#active</styleUrl>
      <Point><coordinates>142.7392,-34.9536,71</coordinates></Point>
    </Placemark>
    <Placemark>
      <name>WOOD WOOD</name>
      <styleUrl>#closed</styleUrl>
      <Point><coordinates>143.35,-35.1,0</coordinates></Point>
    </Placemark>
    <Placemark>
      <name>WOORINEEN</name>
      <styleUrl>#closed</styleUrl>
      <Point><coordinates>143.5,-35.3,0</coordinates></Point>
    </Placemark>
    <Placemark>
      <name>WOORNACK</name>
      <styleUrl>#closed</styleUrl>
      <Point><coordinates>142.4833,-35.15,0</coordinates></Point>
    </Placemark>
    <Placemark>
      <name>YARRARA</name>
      <styleUrl>#closed</styleUrl>
      <Point><coordinates>141.4167,-34.4,0</coordinates></Point>
    </Placemark>
    <Placemark>
      <name>YUNGERA</name>
      <styleUrl>#closed</styleUrl>
      <Point><coordinates>143.1,-34.8,0</coordinates></Point>
    </Placemark>
    <Placemark>
      <name>MALLANBOOL</name>
      <styleUrl>#closed</styleUrl>
      <Point><coordinates>141.5333,-34.5,0</coordinates></Point>
    </Placemark>
    <Placemark>
      <name>STRATTON</name>
      <styleUrl>#closed</styleUrl>
      <Point><coordinates>142.6,-35.4,0</coordinates></Point>
    </Placemark>
    <Placemark>
      <name>MILDURA POST OFFICE</name>
      <styleUrl>#closed</styleUrl>
      <Point><coordinates>142.2,-34.1833,53.9</coordinates></Point>
    </Placemark>
    <Placemark>
      <name>WALPEUP AREA GAUGE</name>
      <styleUrl>#closed</styleUrl>
      <Point><coordinates>142,-35.1,0</coordinates></Point>
    </Placemark>
    <Placemark>
      <name>NATYA</name>
      <styleUrl>#closed</styleUrl>
      <Point><coordinates>143.2333,-34.95,0</coordinates></Point>
    </Placemark>
    <Placemark>
      <name>BARING (PATCHWOLLOCK)</name>
      <styleUrl>#closed</styleUrl>
      <Point><coordinates>142,-35.3,0</coordinates></Point>
    </Placemark>
    <Placemark>
      <name>BENETOOK STATE SCHOOL</name>
      <styleUrl>#closed</styleUrl>
      <Point><coordinates>142,-34.4,0</coordinates></Point>
    </Placemark>
    <Placemark>
      <name>CHILLINGOLLAH</name>
      <styleUrl>#closed</styleUrl>
      <Point><coordinates>143.05,-35.2833,0</coordinates></Point>
    </Placemark>
    <Placemark>
      <name>GUNAMALARY</name>
      <styleUrl>#closed</styleUrl>
      <Point><coordinates>141.1,-35.4,0</coordinates></Point>
    </Placemark>
    <Placemark>
      <name>HATTAH</name>
      <styleUrl>#closed</styleUrl>
      <Point><coordinates>142.3,-34.75,0</coordinates></Point>
    </Placemark>
    <Placemark>
      <name>IRYMPLE</name>
      <styleUrl>#closed</styleUrl>
      <Point><coordinates>142.1667,-34.2333,46</coordinates></Point>
    </Placemark>
    <Placemark>
      <name>KARAWINNA POST OFFICE</name>
      <styleUrl>#closed</styleUrl>
      <Point><coordinates>141.7,-34.4,0</coordinates></Point>
    </Placemark>
    <Placemark>
      <name>KARAWINNA 1</name>
      <styleUrl>#closed</styleUrl>
      <Point><coordinates>141.7,-34.4,0</coordinates></Point>
    </Placemark>
    <Placemark>
      <name>KOLEYA</name>
      <styleUrl>#closed</styleUrl>
      <Point><coordinates>141.7,-34.5,0</coordinates></Point>
    </Placemark>
    <Placemark>
      <name>LAKE CULLULLERAINE (MILDURA (CULLULLERAI</name>
      <styleUrl>#active</styleUrl>
      <Point><coordinates>141.5982,-34.2871,59</coordinates></Point>
    </Placemark>
    <Placemark>
      <name>KOLEYA (COWANS TANK)</name>
      <styleUrl>#closed</styleUrl>
      <Point><coordinates>141.7,-34.5,0</coordinates></Point>
    </Placemark>
    <Placemark>
      <name>NANDALY (TYRELL WEST)</name>
      <styleUrl>#closed</styleUrl>
      <Point><coordinates>142.7,-35.4,0</coordinates></Point>
    </Placemark>
    <Placemark>
      <name>NEDS CORNER HOMESTEAD</name>
      <styleUrl>#closed</styleUrl>
      <Point><coordinates>141.5,-34.2,0</coordinates></Point>
    </Placemark>
    <Placemark>
      <name>NOWINGI</name>
      <styleUrl>#closed</styleUrl>
      <Point><coordinates>142.2,-34.6,0</coordinates></Point>
    </Placemark>
    <Placemark>
      <name>NOWIE</name>
      <styleUrl>#closed</styleUrl>
      <Point><coordinates>142.3,-35.3,0</coordinates></Point>
    </Placemark>
    <Placemark>
      <name>PANITYA EAST</name>
      <styleUrl>#closed</styleUrl>
      <Point><coordinates>141.1,-35.25,0</coordinates></Point>
    </Placemark>
    <Placemark>
      <name>PIANGIL (BURRA BURRA)</name>
      <styleUrl>#closed</styleUrl>
      <Point><coordinates>143.3,-35.05,0</coordinates></Point>
    </Placemark>
    <Placemark>
      <name>TARRANGO</name>
      <styleUrl>#closed</styleUrl>
      <Point><coordinates>141.8,-34.4,0</coordinates></Point>
    </Placemark>
    <Placemark>
      <name>UNDERBOOL (CHESIS PLAINS)</name>
      <styleUrl>#closed</styleUrl>
      <Point><coordinates>141.8,-35.2,0</coordinates></Point>
    </Placemark>
    <Placemark>
      <name>YOUNGEIRA</name>
      <styleUrl>#closed</styleUrl>
      <Point><coordinates>143.1,-34.8,0</coordinates></Point>
    </Placemark>
    <Placemark>
      <name>DANYO</name>
      <styleUrl>#closed</styleUrl>
      <Point><coordinates>141.3,-35.3,0</coordinates></Point>
    </Placemark>
    <Placemark>
      <name>KARWEEN SOUTH</name>
      <styleUrl>#closed</styleUrl>
      <Point><coordinates>141.2667,-34.4667,0</coordinates></Point>
    </Placemark>
    <Placemark>
      <name>NANGILOC</name>
      <styleUrl>#closed</styleUrl>
      <Point><coordinates>142.35,-34.4833,57.9</coordinates></Point>
    </Placemark>
    <Placemark>
      <name>BRONZEWING</name>
      <styleUrl>#active</styleUrl>
      <Point><coordinates>142.3725,-35.189,50</coordinates></Point>
    </Placemark>
    <Placemark>
      <name>NOWINGI WEST</name>
      <styleUrl>#closed</styleUrl>
      <Point><coordinates>142,-34.6333,0</coordinates></Point>
    </Placemark>
    <Placemark>
      <name>BOUNDARY BEND</name>
      <styleUrl>#active</styleUrl>
      <Point><coordinates>143.1506,-34.7164,58</coordinates></Point>
    </Placemark>
    <Placemark>
      <name>MURRAYVILLE (CARINA)</name>
      <styleUrl>#active</styleUrl>
      <Point><coordinates>141.0808,-35.2484,100</coordinates></Point>
    </Placemark>
    <Placemark>
      <name>TUTYE (BUNUROUK)</name>
      <styleUrl>#active</styleUrl>
      <Point><coordinates>141.4949,-35.2848,66</coordinates></Point>
    </Placemark>
    <Placemark>
      <name>LINGA</name>
      <styleUrl>#closed</styleUrl>
      <Point><coordinates>141.6922,-35.1683,70</coordinates></Point>
    </Placemark>
    <Placemark>
      <name>MURRAYVILLE (NGALLO)</name>
      <styleUrl>#active</styleUrl>
      <Point><coordinates>141.0625,-35.3678,120</coordinates></Point>
    </Placemark>
    <Placemark>
      <name>BERROOK</name>
      <styleUrl>#active</styleUrl>
      <Point><coordinates>141.0054,-34.947,59</coordinates></Point>
    </Placemark>
    <Placemark>
      <name>HATTAH LAKES</name>
      <styleUrl>#closed</styleUrl>
      <Point><coordinates>142.3333,-34.7667,39</coordinates></Point>
    </Placemark>
    <Placemark>
      <name>MURRAY RIVER AT SWAN HILL</name>
      <styleUrl>#active</styleUrl>
      <Point><coordinates>143.564,-35.3278,75</coordinates></Point>
    </Placemark>
    <Placemark>
      <name>BOINKA</name>
      <styleUrl>#closed</styleUrl>
      <Point><coordinates>141.6,-35.2,0</coordinates></Point>
    </Placemark>
    <Placemark>
      <name>CULLULLERAINE</name>
      <styleUrl>#closed</styleUrl>
      <Point><coordinates>141.5833,-34.2833,0</coordinates></Point>
    </Placemark>
    <Placemark>
      <name>MITTYACK WEST</name>
      <styleUrl>#closed</styleUrl>
      <Point><coordinates>142.5,-35.2,0</coordinates></Point>
    </Placemark>
    <Placemark>
      <name>MERRINEE NORTH</name>
      <styleUrl>#closed</styleUrl>
      <Point><coordinates>141.8,-34.2,0</coordinates></Point>
    </Placemark>
    <Placemark>
      <name>MERRINEE (KOMBAHLA)</name>
      <styleUrl>#closed</styleUrl>
      <Point><coordinates>141.8,-34.35,73.2</coordinates></Point>
    </Placemark>
    <Placemark>
      <name>GAYFIELD</name>
      <styleUrl>#closed</styleUrl>
      <Point><coordinates>142.4,-34.8,0</coordinates></Point>
    </Placemark>
    <Placemark>
      <name>BARING NORTH</name>
      <styleUrl>#closed</styleUrl>
      <Point><coordinates>142.0833,-35.3333,0</coordinates></Point>
    </Placemark>
    <Placemark>
      <name>KEMBLY (MURRAY RIVER @ BELOW WAKOOL JUNC</name>
      <styleUrl>#active</styleUrl>
      <Point><coordinates>143.3417,-34.85,60</coordinates></Point>
    </Placemark>
    <Placemark>
      <name>KOORKAB</name>
      <styleUrl>#closed</styleUrl>
      <Point><coordinates>143.1,-34.8333,0</coordinates></Point>
    </Placemark>
    <Placemark>
      <name>GLENCAIRN POST OFFICE</name>
      <styleUrl>#closed</styleUrl>
      <Point><coordinates>143.0667,-35.0667,0</coordinates></Point>
    </Placemark>
    <Placemark>
      <name>TEMPY</name>
      <styleUrl>#closed</styleUrl>
      <Point><coordinates>142.4167,-35.35,76.2</coordinates></Point>
    </Placemark>
    <Placemark>
      <name>MURRAY RIVER @ MILDURA WEIR HG</name>
      <styleUrl>#active</styleUrl>
      <Point><coordinates>142.1626,-34.1728,40</coordinates></Point>
    </Placemark>
    <Placemark>
      <name>ROBINVALE CONSOLIDATED SCHOOL</name>
      <styleUrl>#closed</styleUrl>
      <Point><coordinates>142.7833,-34.6,49</coordinates></Point>
    </Placemark>
    <Placemark>
      <name>HAYSDALE (ORANA)</name>
      <styleUrl>#closed</styleUrl>
      <Point><coordinates>142.3167,-34.9,0</coordinates></Point>
    </Placemark>
    <Placemark>
      <name>MANANGATANG (DINAN)</name>
      <styleUrl>#closed</styleUrl>
      <Point><coordinates>142.8,-34.9,0</coordinates></Point>
    </Placemark>
    <Placemark>
      <name>PATCHEWOLLOCK NORTH</name>
      <styleUrl>#closed</styleUrl>
      <Point><coordinates>142.1,-35.3,0</coordinates></Point>
    </Placemark>
    <Placemark>
      <name>BERROOK</name>
      <styleUrl>#closed</styleUrl>
      <Point><coordinates>141,-34.8,0</coordinates></Point>
    </Placemark>
    <Placemark>
      <name>OUYEN (TRINITA)</name>
      <styleUrl>#closed</styleUrl>
      <Point><coordinates>142.3,-34.8667,0</coordinates></Point>
    </Placemark>
    <Placemark>
      <name>WERRIMUL (MERINGUR NORTH)</name>
      <styleUrl>#closed</styleUrl>
      <Point><coordinates>141.3333,-34.2667,0</coordinates></Point>
    </Placemark>
    <Placemark>
      <name>WOOD WOOD (PRETTY PINE)</name>
      <styleUrl>#closed</styleUrl>
      <Point><coordinates>143.1833,-35.2333,0</coordinates></Point>
    </Placemark>
    <Placemark>
      <name>LINDSAY POINT</name>
      <styleUrl>#active</styleUrl>
      <Point><coordinates>141.0166,-34.1051,59</coordinates></Point>
    </Placemark>
    <Placemark>
      <name>LAKE CULLULLERAINE</name>
      <styleUrl>#closed</styleUrl>
      <Point><coordinates>141.5878,-34.2747,40</coordinates></Point>
    </Placemark>
    <Placemark>
      <name>MURRAY RIVER @ BOUNDARY BEND</name>
      <styleUrl>#active</styleUrl>
      <Point><coordinates>143.1726,-34.717,0</coordinates></Point>
    </Placemark>
    <Placemark>
      <name>ROBINVALE (KYNDALYN PARK COMPARISON)</name>
      <styleUrl>#active</styleUrl>
      <Point><coordinates>142.9297,-34.7223,67</coordinates></Point>
    </Placemark>
    <Placemark>
      <name>BAEL BAEL</name>
      <styleUrl>#closed</styleUrl>
      <Point><coordinates>143.7,-35.7,0</coordinates></Point>
    </Placemark>
    <Placemark>
      <name>QUAMBATOOK (BARRAPORT NORTH)</name>
      <styleUrl>#active</styleUrl>
      <Point><coordinates>143.6479,-35.9809,111</coordinates></Point>
    </Placemark>
    <Placemark>
      <name>BEAUCHAMP</name>
      <styleUrl>#closed</styleUrl>
      <Point><coordinates>143.6,-35.6,0</coordinates></Point>
    </Placemark>
    <Placemark>
      <name>BEULAH</name>
      <styleUrl>#closed</styleUrl>
      <Point><coordinates>142.4,-35.9,88.4</coordinates></Point>
    </Placemark>
    <Placemark>
      <name>BEULAH</name>
      <styleUrl>#active</styleUrl>
      <Point><coordinates>142.4213,-35.9368,89</coordinates></Point>
    </Placemark>
    <Placemark>
      <name>BERRIWILLOCK</name>
      <styleUrl>#active</styleUrl>
      <Point><coordinates>142.995,-35.6367,72</coordinates></Point>
    </Placemark>
    <Placemark>
      <name>BIRCHIP 2</name>
      <styleUrl>#closed</styleUrl>
      <Point><coordinates>142.85,-35.9,0</coordinates></Point>
    </Placemark>
    <Placemark>
      <name>BIRCHIP POST OFFICE</name>
      <styleUrl>#closed</styleUrl>
      <Point><coordinates>142.9156,-35.9825,102</coordinates></Point>
    </Placemark>
    <Placemark>
      <name>BIRCHIP (WOODLANDS)</name>
      <styleUrl>#active</styleUrl>
      <Point><coordinates>142.851,-35.9244,100</coordinates></Point>
    </Placemark>
    <Placemark>
      <name>BOIGBEAT</name>
      <styleUrl>#active</styleUrl>
      <Point><coordinates>142.9207,-35.5504,60</coordinates></Point>
    </Placemark>
    <Placemark>
      <name>HOPETOUN AIRPORT</name>
      <styleUrl>#active</styleUrl>
      <Point><coordinates>142.3569,-35.7151,77.3</coordinates></Point>
    </Placemark>
    <Placemark>
      <name>WAGON FLAT</name>
      <styleUrl>#active</styleUrl>
      <Point><coordinates>141.3883,-35.8726,135</coordinates></Point>
    </Placemark>
    <Placemark>
      <name>BUDGERUM EAST</name>
      <styleUrl>#closed</styleUrl>
      <Point><coordinates>143.6667,-35.7833,91</coordinates></Point>
    </Placemark>
    <Placemark>
      <name>WATCHUPGA (WILLANGIE)</name>
      <styleUrl>#closed</styleUrl>
      <Point><coordinates>142.7333,-35.7,0</coordinates></Point>
    </Placemark>
    <Placemark>
      <name>CULGOA</name>
      <styleUrl>#active</styleUrl>
      <Point><coordinates>143.1074,-35.717,85</coordinates></Point>
    </Placemark>
    <Placemark>
      <name>GAMA</name>
      <styleUrl>#active</styleUrl>
      <Point><coordinates>142.5432,-35.5574,81</coordinates></Point>
    </Placemark>
    <Placemark>
      <name>BOORT (GREDGWIN)</name>
      <styleUrl>#active</styleUrl>
      <Point><coordinates>143.6099,-35.9743,132</coordinates></Point>
    </Placemark>
    <Placemark>
      <name>GREDGWIN 3</name>
      <styleUrl>#closed</styleUrl>
      <Point><coordinates>143.55,-36,0</coordinates></Point>
    </Placemark>
    <Placemark>
      <name>HOPETOUN</name>
      <styleUrl>#closed</styleUrl>
      <Point><coordinates>142.3703,-35.7344,100</coordinates></Point>
    </Placemark>
    <Placemark>
      <name>KENMARE</name>
      <styleUrl>#closed</styleUrl>
      <Point><coordinates>142.1667,-35.9167,85</coordinates></Point>
    </Placemark>
    <Placemark>
      <name>KINNABULLA</name>
      <styleUrl>#closed</styleUrl>
      <Point><coordinates>142.8,-35.9,0</coordinates></Point>
    </Placemark>
    <Placemark>
      <name>LAKE BOGA (KUNAT)</name>
      <styleUrl>#active</styleUrl>
      <Point><coordinates>143.5284,-35.5414,90</coordinates></Point>
    </Placemark>
    <Placemark>
      <name>LAKE CHARM</name>
      <styleUrl>#closed</styleUrl>
      <Point><coordinates>143.8,-35.6,0</coordinates></Point>
    </Placemark>
    <Placemark>
      <name>LALBERT</name>
      <styleUrl>#active</styleUrl>
      <Point><coordinates>143.3769,-35.6694,85</coordinates></Point>
    </Placemark>
    <Placemark>
      <name>LAKE BOGA STATE RESERVOIR</name>
      <styleUrl>#closed</styleUrl>
      <Point><coordinates>143.6333,-35.45,68.6</coordinates></Point>
    </Placemark>
    <Placemark>
      <name>LAKE BOGA</name>
      <styleUrl>#active</styleUrl>
      <Point><coordinates>143.6286,-35.4609,71</coordinates></Point>
    </Placemark>
    <Placemark>
      <name>LASCELLES</name>
      <styleUrl>#closed</styleUrl>
      <Point><coordinates>142.5811,-35.6071,78</coordinates></Point>
    </Placemark>
    <Placemark>
      <name>LEAGHUR</name>
      <styleUrl>#closed</styleUrl>
      <Point><coordinates>143.7809,-35.9653,90</coordinates></Point>
    </Placemark>
    <Placemark>
      <name>BIRCHIP (MARLBED)</name>
      <styleUrl>#active</styleUrl>
      <Point><coordinates>142.8768,-35.7955,90</coordinates></Point>
    </Placemark>
    <Placemark>
      <name>MEATIAN</name>
      <styleUrl>#closed</styleUrl>
      <Point><coordinates>143.3,-35.7,0</coordinates></Point>
    </Placemark>
    <Placemark>
      <name>NARRAPORT</name>
      <styleUrl>#closed</styleUrl>
      <Point><coordinates>143.0353,-35.9963,98</coordinates></Point>
    </Placemark>
    <Placemark>
      <name>NULLAWIL</name>
      <styleUrl>#closed</styleUrl>
      <Point><coordinates>143.1667,-35.85,91</coordinates></Point>
    </Placemark>
    <Placemark>
      <name>NYPO</name>
      <styleUrl>#closed</styleUrl>
      <Point><coordinates>142,-35.7,0</coordinates></Point>
    </Placemark>
    <Placemark>
      <name>PATCHEWOLLOCK</name>
      <styleUrl>#closed</styleUrl>
      <Point><coordinates>142.1869,-35.3832,75</coordinates></Point>
    </Placemark>
    <Placemark>
      <name>QUAMBATOOK SOUTH</name>
      <styleUrl>#active</styleUrl>
      <Point><coordinates>143.4992,-35.9296,95</coordinates></Point>
    </Placemark>
    <Placemark>
      <name>RAINBOW POST OFFICE</name>
      <styleUrl>#active</styleUrl>
      <Point><coordinates>141.995,-35.8975,90</coordinates></Point>
    </Placemark>
    <Placemark>
      <name>RAINBOW (PELLA)</name>
      <styleUrl>#active</styleUrl>
      <Point><coordinates>141.937,-35.8317,79</coordinates></Point>
    </Placemark>
    <Placemark>
      <name>RAINBOW (PIGICK)</name>
      <styleUrl>#closed</styleUrl>
      <Point><coordinates>141.8172,-35.8715,91</coordinates></Point>
    </Placemark>
    <Placemark>
      <name>ROSEBERY</name>
      <styleUrl>#closed</styleUrl>
      <Point><coordinates>142.4,-35.8,0</coordinates></Point>
    </Placemark>
    <Placemark>
      <name>SEA LAKE (POST OFFICE)</name>
      <styleUrl>#active</styleUrl>
      <Point><coordinates>142.8494,-35.5046,54</coordinates></Point>
    </Placemark>
    <Placemark>
      <name>SEA LAKE (MARSTON DOWNS)</name>
      <styleUrl>#active</styleUrl>
      <Point><coordinates>142.7267,-35.5254,80</coordinates></Point>
    </Placemark>
    <Placemark>
      <name>SPEED (POST OFFICE)</name>
      <styleUrl>#closed</styleUrl>
      <Point><coordinates>142.438,-35.4004,85</coordinates></Point>
    </Placemark>
    <Placemark>
      <name>SWAN HILL POST OFFICE</name>
      <styleUrl>#closed</styleUrl>
      <Point><coordinates>143.5533,-35.3406,70</coordinates></Point>
    </Placemark>
    <Placemark>
      <name>SWAN HILL HIGH SCHOOL</name>
      <styleUrl>#closed</styleUrl>
      <Point><coordinates>143.5833,-35.3667,0</coordinates></Point>
    </Placemark>
    <Placemark>
      <name>TORRITA</name>
      <styleUrl>#closed</styleUrl>
      <Point><coordinates>141.9,-35.5,0</coordinates></Point>
    </Placemark>
    <Placemark>
      <name>TRESCO</name>
      <styleUrl>#closed</styleUrl>
      <Point><coordinates>143.7,-35.5,0</coordinates></Point>
    </Placemark>
    <Placemark>
      <name>TRESCO SRWSC</name>
      <styleUrl>#closed</styleUrl>
      <Point><coordinates>143.7,-35.5,0</coordinates></Point>
    </Placemark>
    <Placemark>
      <name>TYRRELL DOWNS</name>
      <styleUrl>#active</styleUrl>
      <Point><coordinates>142.9853,-35.3629,59</coordinates></Point>
    </Placemark>
    <Placemark>
      <name>ULTIMA (POST OFFICE)</name>
      <styleUrl>#active</styleUrl>
      <Point><coordinates>143.2674,-35.4702,79</coordinates></Point>
    </Placemark>
    <Placemark>
      <name>WAITCHIE</name>
      <styleUrl>#closed</styleUrl>
      <Point><coordinates>143.1,-35.3667,52</coordinates></Point>
    </Placemark>
    <Placemark>
      <name>WATCHUPGA</name>
      <styleUrl>#closed</styleUrl>
      <Point><coordinates>142.8,-35.75,0</coordinates></Point>
    </Placemark>
    <Placemark>
      <name>RAINBOW (WERRAP (OAK-LEA))</name>
      <styleUrl>#active</styleUrl>
      <Point><coordinates>141.935,-35.9417,83</coordinates></Point>
    </Placemark>
    <Placemark>
      <name>WOOMELANG</name>
      <styleUrl>#active</styleUrl>
      <Point><coordinates>142.6664,-35.6803,79</coordinates></Point>
    </Placemark>
    <Placemark>
      <name>YANGA (WARNE)</name>
      <styleUrl>#closed</styleUrl>
      <Point><coordinates>143.0333,-35.8167,0</coordinates></Point>
    </Placemark>
    <Placemark>
      <name>YARTO</name>
      <styleUrl>#closed</styleUrl>
      <Point><coordinates>142.3,-35.4667,0</coordinates></Point>
    </Placemark>
    <Placemark>
      <name>TURRIFF</name>
      <styleUrl>#closed</styleUrl>
      <Point><coordinates>142.4667,-35.4667,76</coordinates></Point>
    </Placemark>
    <Placemark>
      <name>QUAMBATOOK</name>
      <styleUrl>#closed</styleUrl>
      <Point><coordinates>143.5145,-35.8409,91</coordinates></Point>
    </Placemark>
    <Placemark>
      <name>HOPEVALE</name>
      <styleUrl>#closed</styleUrl>
      <Point><coordinates>142.3,-35.9,0</coordinates></Point>
    </Placemark>
    <Placemark>
      <name>NETHERBY (HOPEVALE)</name>
      <styleUrl>#closed</styleUrl>
      <Point><coordinates>142.3,-35.9,0</coordinates></Point>
    </Placemark>
    <Placemark>
      <name>BUDGERUM</name>
      <styleUrl>#closed</styleUrl>
      <Point><coordinates>143.6,-35.8,0</coordinates></Point>
    </Placemark>
    <Placemark>
      <name>FAIRLEY</name>
      <styleUrl>#closed</styleUrl>
      <Point><coordinates>143.9,-35.7,76.2</coordinates></Point>
    </Placemark>
    <Placemark>
      <name>GOSHEN</name>
      <styleUrl>#closed</styleUrl>
      <Point><coordinates>143.5,-35.5,0</coordinates></Point>
    </Placemark>
    <Placemark>
      <name>GREDGWIN (BARRAPORT NORTH)</name>
      <styleUrl>#closed</styleUrl>
      <Point><coordinates>143.7,-36,0</coordinates></Point>
    </Placemark>
    <Placemark>
      <name>JERUK</name>
      <styleUrl>#closed</styleUrl>
      <Point><coordinates>143.3833,-36.0167,0</coordinates></Point>
    </Placemark>
    <Placemark>
      <name>LAKE CORRONG</name>
      <styleUrl>#closed</styleUrl>
      <Point><coordinates>142.4,-35.7,0</coordinates></Point>
    </Placemark>
    <Placemark>
      <name>LALBERT EAST</name>
      <styleUrl>#closed</styleUrl>
      <Point><coordinates>143.5,-35.7,0</coordinates></Point>
    </Placemark>
    <Placemark>
      <name>PENTAL ISLAND</name>
      <styleUrl>#closed</styleUrl>
      <Point><coordinates>143.7,-35.4,0</coordinates></Point>
    </Placemark>
    <Placemark>
      <name>BERRIWILLOCK (SPRINGFIELD)</name>
      <styleUrl>#closed</styleUrl>
      <Point><coordinates>143.1,-35.6,0</coordinates></Point>
    </Placemark>
    <Placemark>
      <name>TITTYBONG PINE GROVE FARM</name>
      <styleUrl>#closed</styleUrl>
      <Point><coordinates>143.4,-35.8,0</coordinates></Point>
    </Placemark>
    <Placemark>
      <name>TOWANINNIE</name>
      <styleUrl>#closed</styleUrl>
      <Point><coordinates>143.4,-35.9,0</coordinates></Point>
    </Placemark>
    <Placemark>
      <name>ULTIMA EAST</name>
      <styleUrl>#closed</styleUrl>
      <Point><coordinates>143.5,-35.4,0</coordinates></Point>
    </Placemark>
    <Placemark>
      <name>ULTIMA</name>
      <styleUrl>#closed</styleUrl>
      <Point><coordinates>143.3,-35.5,0</coordinates></Point>
    </Placemark>
    <Placemark>
      <name>WAITCHIE CENTRAL</name>
      <styleUrl>#closed</styleUrl>
      <Point><coordinates>143.1,-35.4,0</coordinates></Point>
    </Placemark>
    <Placemark>
      <name>WARNE</name>
      <styleUrl>#closed</styleUrl>
      <Point><coordinates>143.05,-35.8167,0</coordinates></Point>
    </Placemark>
    <Placemark>
      <name>WORTONGIE (WILLANGIE EAST)</name>
      <styleUrl>#closed</styleUrl>
      <Point><coordinates>141.9,-35.75,0</coordinates></Point>
    </Placemark>
    <Placemark>
      <name>GREDGWIN (FERRIBY)</name>
      <styleUrl>#closed</styleUrl>
      <Point><coordinates>143.5,-36,0</coordinates></Point>
    </Placemark>
    <Placemark>
      <name>LAKE MERAN</name>
      <styleUrl>#closed</styleUrl>
      <Point><coordinates>143.75,-35.9167,97</coordinates></Point>
    </Placemark>
    <Placemark>
      <name>TYRELL WEST (PINE VIEW)</name>
      <styleUrl>#closed</styleUrl>
      <Point><coordinates>142.6667,-35.4167,0</coordinates></Point>
    </Placemark>
    <Placemark>
      <name>NINYEUNOOK (WATTLE VALE)</name>
      <styleUrl>#closed</styleUrl>
      <Point><coordinates>143.4,-36,0</coordinates></Point>
    </Placemark>
    <Placemark>
      <name>NINYEUNOOK</name>
      <styleUrl>#active</styleUrl>
      <Point><coordinates>143.3719,-36.0086,105</coordinates></Point>
    </Placemark>
    <Placemark>
      <name>KALPIENUNG POST OFFICE</name>
      <styleUrl>#closed</styleUrl>
      <Point><coordinates>143.25,-35.9,0</coordinates></Point>
    </Placemark>
    <Placemark>
      <name>KALPIENUNG</name>
      <styleUrl>#closed</styleUrl>
      <Point><coordinates>143.2333,-35.8667,94</coordinates></Point>
    </Placemark>
    <Placemark>
      <name>BEULAH WEST</name>
      <styleUrl>#active</styleUrl>
      <Point><coordinates>142.2806,-35.9338,95</coordinates></Point>
    </Placemark>
    <Placemark>
      <name>RAINBOW</name>
      <styleUrl>#closed</styleUrl>
      <Point><coordinates>141.9915,-35.8966,88</coordinates></Point>
    </Placemark>
    <Placemark>
      <name>SWAN HILL SR&amp;WSC</name>
      <styleUrl>#closed</styleUrl>
      <Point><coordinates>143.55,-35.35,66</coordinates></Point>
    </Placemark>
    <Placemark>
      <name>DUMOSA</name>
      <styleUrl>#closed</styleUrl>
      <Point><coordinates>143.2167,-35.9333,0</coordinates></Point>
    </Placemark>
    <Placemark>
      <name>MACORNA NORTH</name>
      <styleUrl>#closed</styleUrl>
      <Point><coordinates>143.85,-35.8667,0</coordinates></Point>
    </Placemark>
    <Placemark>
      <name>HOPETOUN RWC</name>
      <styleUrl>#closed</styleUrl>
      <Point><coordinates>142.3656,-35.7253,76.2</coordinates></Point>
    </Placemark>
    <Placemark>
      <name>BIRCHIP CROPPING GROUP</name>
      <styleUrl>#active</styleUrl>
      <Point><coordinates>142.915,-35.987,105</coordinates></Point>
    </Placemark>
    <Placemark>
      <name>CURYO SOUTH (MORTON PLAINS)</name>
      <styleUrl>#closed</styleUrl>
      <Point><coordinates>142.8,-35.85,0</coordinates></Point>
    </Placemark>
    <Placemark>
      <name>NORMANVILLE</name>
      <styleUrl>#closed</styleUrl>
      <Point><coordinates>143.7167,-35.8167,0</coordinates></Point>
    </Placemark>
    <Placemark>
      <name>LEAGHUR DAM</name>
      <styleUrl>#closed</styleUrl>
      <Point><coordinates>143.8,-35.9833,0</coordinates></Point>
    </Placemark>
    <Placemark>
      <name>KANGAROO LAKE</name>
      <styleUrl>#closed</styleUrl>
      <Point><coordinates>143.7667,-35.55,0</coordinates></Point>
    </Placemark>
    <Placemark>
      <name>TELOPEA DOWNS (BUCKHURST)</name>
      <styleUrl>#closed</styleUrl>
      <Point><coordinates>141.0311,-35.9472,0</coordinates></Point>
    </Placemark>
    <Placemark>
      <name>SWAN HILL AERODROME</name>
      <styleUrl>#active</styleUrl>
      <Point><coordinates>143.5416,-35.3766,71</coordinates></Point>
    </Placemark>
    <Placemark>
      <name>HOPETOUN (WIRRBIBIAL DOWNS)</name>
      <styleUrl>#active</styleUrl>
      <Point><coordinates>142.2688,-35.6704,82</coordinates></Point>
    </Placemark>
    <Placemark>
      <name>RAINBOW RADAR</name>
      <styleUrl>#active</styleUrl>
      <Point><coordinates>142.0133,-35.9975,0</coordinates></Point>
    </Placemark>
    <Placemark>
      <name>YAAPEET</name>
      <styleUrl>#active</styleUrl>
      <Point><coordinates>142.0031,-35.6856,80</coordinates></Point>
    </Placemark>
    <Placemark>
      <name>RAINBOW RADAR RAIN GAUGE</name>
      <styleUrl>#active</styleUrl>
      <Point><coordinates>142.0105,-35.9974,115</coordinates></Point>
    </Placemark>
    <Placemark>
      <name>RAINBOW (PIGICK COMPARISON)</name>
      <styleUrl>#active</styleUrl>
      <Point><coordinates>141.8172,-35.8715,91</coordinates></Point>
    </Placemark>
    <Placemark>
      <name>BIRCHIP (MARLBED COMPARISON)</name>
      <styleUrl>#active</styleUrl>
      <Point><coordinates>142.8767,-35.798,90</coordinates></Point>
    </Placemark>
    <Placemark>
      <name>WARRACKNABEAL (AILSA)</name>
      <styleUrl>#active</styleUrl>
      <Point><coordinates>142.3339,-36.3575,116</coordinates></Point>
    </Placemark>
    <Placemark>
      <name>TELOPEA DOWNS (BLUE HILLS)</name>
      <styleUrl>#active</styleUrl>
      <Point><coordinates>140.995,-36.1011,130</coordinates></Point>
    </Placemark>
    <Placemark>
      <name>CORACK EAST</name>
      <styleUrl>#closed</styleUrl>
      <Point><coordinates>143.1,-36.1,0</coordinates></Point>
    </Placemark>
    <Placemark>
      <name>BANGERANG NORTH</name>
      <styleUrl>#closed</styleUrl>
      <Point><coordinates>142.6081,-36.105,99.1</coordinates></Point>
    </Placemark>
    <Placemark>
      <name>BOXDALE</name>
      <styleUrl>#closed</styleUrl>
      <Point><coordinates>141.5,-36.35,0</coordinates></Point>
    </Placemark>
    <Placemark>
      <name>BRIM</name>
      <styleUrl>#closed</styleUrl>
      <Point><coordinates>142.4167,-36.0667,97</coordinates></Point>
    </Placemark>
    <Placemark>
      <name>BUNGELUKE</name>
      <styleUrl>#closed</styleUrl>
      <Point><coordinates>143.3167,-36.0667,0</coordinates></Point>
    </Placemark>
    <Placemark>
      <name>COPE COPE</name>
      <styleUrl>#active</styleUrl>
      <Point><coordinates>143.1186,-36.4367,139</coordinates></Point>
    </Placemark>
    <Placemark>
      <name>DIAPUR</name>
      <styleUrl>#closed</styleUrl>
      <Point><coordinates>141.45,-36.3,99</coordinates></Point>
    </Placemark>
    <Placemark>
      <name>DIAPUR (BLEAK HOUSE)</name>
      <styleUrl>#closed</styleUrl>
      <Point><coordinates>141.5,-36.3,168</coordinates></Point>
    </Placemark>
    <Placemark>
      <name>DIMBOOLA</name>
      <styleUrl>#active</styleUrl>
      <Point><coordinates>142.0327,-36.4644,111.3</coordinates></Point>
    </Placemark>
    <Placemark>
      <name>DONALD POST OFFICE</name>
      <styleUrl>#closed</styleUrl>
      <Point><coordinates>143,-36.4,114</coordinates></Point>
    </Placemark>
    <Placemark>
      <name>GALAQUIL EAST</name>
      <styleUrl>#closed</styleUrl>
      <Point><coordinates>142.6,-36.1,100.6</coordinates></Point>
    </Placemark>
    <Placemark>
      <name>GERANG GERUNG</name>
      <styleUrl>#active</styleUrl>
      <Point><coordinates>141.8797,-36.3986,138</coordinates></Point>
    </Placemark>
    <Placemark>
      <name>GLENLEE</name>
      <styleUrl>#active</styleUrl>
      <Point><coordinates>141.8588,-36.256,123</coordinates></Point>
    </Placemark>
    <Placemark>
      <name>NHILL AERODROME</name>
      <styleUrl>#active</styleUrl>
      <Point><coordinates>141.6486,-36.3093,138.9</coordinates></Point>
    </Placemark>
    <Placemark>
      <name>JUNG</name>
      <styleUrl>#closed</styleUrl>
      <Point><coordinates>142.3608,-36.6064,152.4</coordinates></Point>
    </Placemark>
    <Placemark>
      <name>JUNG JUNG</name>
      <styleUrl>#closed</styleUrl>
      <Point><coordinates>142.4,-36.6,0</coordinates></Point>
    </Placemark>
    <Placemark>
      <name>KELLALAC (WARRACKNABEAL AIRPORT)</name>
      <styleUrl>#active</styleUrl>
      <Point><coordinates>142.4161,-36.3203,118.3</coordinates></Point>
    </Placemark>
    <Placemark>
      <name>KATYIL</name>
      <styleUrl>#closed</styleUrl>
      <Point><coordinates>142.1,-36.3,129.8</coordinates></Point>
    </Placemark>
    <Placemark>
      <name>LAEN</name>
      <styleUrl>#closed</styleUrl>
      <Point><coordinates>142.8,-36.45,125</coordinates></Point>
    </Placemark>
    <Placemark>
      <name>LAKE HINDMARSH SOUTH</name>
      <styleUrl>#closed</styleUrl>
      <Point><coordinates>141.95,-36.1,97.5</coordinates></Point>
    </Placemark>
    <Placemark>
      <name>LAKE HINDMARSH WEST STATE SCHO</name>
      <styleUrl>#closed</styleUrl>
      <Point><coordinates>141.85,-36.0667,0</coordinates></Point>
    </Placemark>
    <Placemark>
      <name>LAWLOIT</name>
      <styleUrl>#closed</styleUrl>
      <Point><coordinates>141.45,-36.4,169.5</coordinates></Point>
    </Placemark>
    <Placemark>
      <name>LECOR VIEW POINT</name>
      <styleUrl>#closed</styleUrl>
      <Point><coordinates>141.1,-36.4,0</coordinates></Point>
    </Placemark>
    <Placemark>
      <name>LILLIMUR ESTATE</name>
      <styleUrl>#closed</styleUrl>
      <Point><coordinates>141.1144,-36.3664,135</coordinates></Point>
    </Placemark>
    <Placemark>
      <name>LILLIMUR (KILDONAN)</name>
      <styleUrl>#closed</styleUrl>
      <Point><coordinates>141.1,-36.3,0</coordinates></Point>
    </Placemark>
    <Placemark>
      <name>LITCHFIELD</name>
      <styleUrl>#closed</styleUrl>
      <Point><coordinates>142.85,-36.2833,117</coordinates></Point>
    </Placemark>
    <Placemark>
      <name>LORQUON</name>
      <styleUrl>#closed</styleUrl>
      <Point><coordinates>141.7586,-36.1526,110</coordinates></Point>
    </Placemark>
    <Placemark>
      <name>MINYIP (POST OFFICE)</name>
      <styleUrl>#active</styleUrl>
      <Point><coordinates>142.5881,-36.4597,129.8</coordinates></Point>
    </Placemark>
    <Placemark>
      <name>TELOPEA DOWNS (MEENGO RAIN GAUGE)</name>
      <styleUrl>#active</styleUrl>
      <Point><coordinates>141.1003,-36.0821,142</coordinates></Point>
    </Placemark>
    <Placemark>
      <name>NHILL</name>
      <styleUrl>#closed</styleUrl>
      <Point><coordinates>141.6367,-36.3347,133</coordinates></Point>
    </Placemark>
    <Placemark>
      <name>GERANG GERUNG (COMPARISON)</name>
      <styleUrl>#active</styleUrl>
      <Point><coordinates>141.8792,-36.3982,135</coordinates></Point>
    </Placemark>
    <Placemark>
      <name>NHILL (SALISBURY (LYNBAR))</name>
      <styleUrl>#closed</styleUrl>
      <Point><coordinates>141.7719,-36.3009,155</coordinates></Point>
    </Placemark>
    <Placemark>
      <name>SERVICETON</name>
      <styleUrl>#closed</styleUrl>
      <Point><coordinates>140.9833,-36.3667,118.9</coordinates></Point>
    </Placemark>
    <Placemark>
      <name>SHEEP HILLS</name>
      <styleUrl>#closed</styleUrl>
      <Point><coordinates>142.5,-36.35,137.2</coordinates></Point>
    </Placemark>
    <Placemark>
      <name>WARMUR WEST</name>
      <styleUrl>#closed</styleUrl>
      <Point><coordinates>142.8,-36.15,112.8</coordinates></Point>
    </Placemark>
    <Placemark>
      <name>WARRACKNABEAL POST OFFICE</name>
      <styleUrl>#closed</styleUrl>
      <Point><coordinates>142.4,-36.25,110</coordinates></Point>
    </Placemark>
    <Placemark>
      <name>WARRACKNABEAL (EARLSTAN)</name>
      <styleUrl>#closed</styleUrl>
      <Point><coordinates>142.2165,-36.2705,119</coordinates></Point>
    </Placemark>
    <Placemark>
      <name>WATCHEM</name>
      <styleUrl>#closed</styleUrl>
      <Point><coordinates>142.8597,-36.1481,120</coordinates></Point>
    </Placemark>
    <Placemark>
      <name>NHILL (WOORAK)</name>
      <styleUrl>#active</styleUrl>
      <Point><coordinates>141.7432,-36.2891,140</coordinates></Point>
    </Placemark>
    <Placemark>
      <name>WOOROONOOK</name>
      <styleUrl>#closed</styleUrl>
      <Point><coordinates>143.1793,-36.2483,134</coordinates></Point>
    </Placemark>
    <Placemark>
      <name>WYCHEPROOF</name>
      <styleUrl>#active</styleUrl>
      <Point><coordinates>143.2268,-36.0775,110</coordinates></Point>
    </Placemark>
    <Placemark>
      <name>YANAC NORTH</name>
      <styleUrl>#closed</styleUrl>
      <Point><coordinates>141.4182,-36.1114,130</coordinates></Point>
    </Placemark>
    <Placemark>
      <name>LAKE HINDMARSH WEST</name>
      <styleUrl>#closed</styleUrl>
      <Point><coordinates>141.9,-36.1,0</coordinates></Point>
    </Placemark>
    <Placemark>
      <name>WAIL</name>
      <styleUrl>#closed</styleUrl>
      <Point><coordinates>142.1667,-36.5167,135</coordinates></Point>
    </Placemark>
    <Placemark>
      <name>JUNGKUM</name>
      <styleUrl>#closed</styleUrl>
      <Point><coordinates>141.6333,-36.5333,0</coordinates></Point>
    </Placemark>
    <Placemark>
      <name>NATEYIP</name>
      <styleUrl>#closed</styleUrl>
      <Point><coordinates>141.2333,-36.55,0</coordinates></Point>
    </Placemark>
    <Placemark>
      <name>AREEGRA</name>
      <styleUrl>#closed</styleUrl>
      <Point><coordinates>142.6,-36.3,0</coordinates></Point>
    </Placemark>
    <Placemark>
      <name>BAKER</name>
      <styleUrl>#closed</styleUrl>
      <Point><coordinates>141.6,-36.1,0</coordinates></Point>
    </Placemark>
    <Placemark>
      <name>BOOLITE</name>
      <styleUrl>#closed</styleUrl>
      <Point><coordinates>142.7,-36.3,0</coordinates></Point>
    </Placemark>
    <Placemark>
      <name>BRIM (BOSWELL PARK)</name>
      <styleUrl>#closed</styleUrl>
      <Point><coordinates>142.4167,-36.0833,0</coordinates></Point>
    </Placemark>
    <Placemark>
      <name>BROUGHTON</name>
      <styleUrl>#closed</styleUrl>
      <Point><coordinates>141.35,-36.15,0</coordinates></Point>
    </Placemark>
    <Placemark>
      <name>BURREREO</name>
      <styleUrl>#closed</styleUrl>
      <Point><coordinates>142.7167,-36.5167,0</coordinates></Point>
    </Placemark>
    <Placemark>
      <name>CARRON NULLAWELL FARM</name>
      <styleUrl>#closed</styleUrl>
      <Point><coordinates>142.75,-36.25,0</coordinates></Point>
    </Placemark>
    <Placemark>
      <name>CORACK EAST 2</name>
      <styleUrl>#closed</styleUrl>
      <Point><coordinates>143.1,-36.1,0</coordinates></Point>
    </Placemark>
    <Placemark>
      <name>DONALD (BANYENONG)</name>
      <styleUrl>#closed</styleUrl>
      <Point><coordinates>142.9833,-36.3833,0</coordinates></Point>
    </Placemark>
    <Placemark>
      <name>JUNG JUNG NORTH</name>
      <styleUrl>#closed</styleUrl>
      <Point><coordinates>142.4,-36.6,0</coordinates></Point>
    </Placemark>
    <Placemark>
      <name>LOCKHART</name>
      <styleUrl>#closed</styleUrl>
      <Point><coordinates>141.9833,-36.3667,0</coordinates></Point>
    </Placemark>
    <Placemark>
      <name>MINYIP</name>
      <styleUrl>#closed</styleUrl>
      <Point><coordinates>142.6,-36.45,0</coordinates></Point>
    </Placemark>
    <Placemark>
      <name>MIRAM (LAWBIT WEST)</name>
      <styleUrl>#closed</styleUrl>
      <Point><coordinates>141.3,-36.4,0</coordinates></Point>
    </Placemark>
    <Placemark>
      <name>MOUNT JEFFCOTT</name>
      <styleUrl>#closed</styleUrl>
      <Point><coordinates>143.15,-36.3,0</coordinates></Point>
    </Placemark>
    <Placemark>
      <name>NI NI WELL</name>
      <styleUrl>#closed</styleUrl>
      <Point><coordinates>141.8,-36.25,0</coordinates></Point>
    </Placemark>
    <Placemark>
      <name>PIMPINIO</name>
      <styleUrl>#closed</styleUrl>
      <Point><coordinates>142.1,-36.6,0</coordinates></Point>
    </Placemark>
    <Placemark>
      <name>KINMAKATKA</name>
      <styleUrl>#closed</styleUrl>
      <Point><coordinates>141.5667,-36.4333,0</coordinates></Point>
    </Placemark>
    <Placemark>
      <name>TALLAGEIRA</name>
      <styleUrl>#closed</styleUrl>
      <Point><coordinates>141,-36.8,0</coordinates></Point>
    </Placemark>
    <Placemark>
      <name>TARRANGINNIE</name>
      <styleUrl>#closed</styleUrl>
      <Point><coordinates>141.5,-36.3,0</coordinates></Point>
    </Placemark>
    <Placemark>
      <name>WARRACKNABEAL 2</name>
      <styleUrl>#closed</styleUrl>
      <Point><coordinates>142.4,-36.25,110</coordinates></Point>
    </Placemark>
    <Placemark>
      <name>WILLIMABRINA NORTH</name>
      <styleUrl>#closed</styleUrl>
      <Point><coordinates>142.2,-36.05,0</coordinates></Point>
    </Placemark>
    <Placemark>
      <name>WINIAM</name>
      <styleUrl>#closed</styleUrl>
      <Point><coordinates>141.7,-36.4,0</coordinates></Point>
    </Placemark>
    <Placemark>
      <name>WINIAM CLEAR BANK</name>
      <styleUrl>#closed</styleUrl>
      <Point><coordinates>141.7,-36.4,0</coordinates></Point>
    </Placemark>
    <Placemark>
      <name>TELOPEA DOWNS</name>
      <styleUrl>#closed</styleUrl>
      <Point><coordinates>141.1,-36.1,0</coordinates></Point>
    </Placemark>
    <Placemark>
      <name>DONALD</name>
      <styleUrl>#closed</styleUrl>
      <Point><coordinates>143.0363,-36.3718,122</coordinates></Point>
    </Placemark>
    <Placemark>
      <name>KANIVA COMPARISON</name>
      <styleUrl>#active</styleUrl>
      <Point><coordinates>141.2422,-36.3721,142</coordinates></Point>
    </Placemark>
    <Placemark>
      <name>YANIPY</name>
      <styleUrl>#closed</styleUrl>
      <Point><coordinates>141.3347,-36.425,131.2</coordinates></Point>
    </Placemark>
    <Placemark>
      <name>SERVICETON NORTH</name>
      <styleUrl>#closed</styleUrl>
      <Point><coordinates>140.9956,-36.2131,122</coordinates></Point>
    </Placemark>
    <Placemark>
      <name>KEWELL (HOMESTEAD)</name>
      <styleUrl>#closed</styleUrl>
      <Point><coordinates>142.4,-36.4667,107</coordinates></Point>
    </Placemark>
    <Placemark>
      <name>WARRACKNABEAL MUSEUM</name>
      <styleUrl>#closed</styleUrl>
      <Point><coordinates>142.405,-36.2614,113.4</coordinates></Point>
    </Placemark>
    <Placemark>
      <name>KANIVA</name>
      <styleUrl>#closed</styleUrl>
      <Point><coordinates>141.2427,-36.3725,142</coordinates></Point>
    </Placemark>
    <Placemark>
      <name>KATYIL NORTH</name>
      <styleUrl>#closed</styleUrl>
      <Point><coordinates>142.1333,-36.2833,91.4</coordinates></Point>
    </Placemark>
    <Placemark>
      <name>ANTWERP</name>
      <styleUrl>#closed</styleUrl>
      <Point><coordinates>142.0243,-36.2964,100</coordinates></Point>
    </Placemark>
    <Placemark>
      <name>BLACKHEATH</name>
      <styleUrl>#closed</styleUrl>
      <Point><coordinates>141.3,-36.45,0</coordinates></Point>
    </Placemark>
    <Placemark>
      <name>WARRACKNABEAL (EARLSTAN COMPARISON)</name>
      <styleUrl>#active</styleUrl>
      <Point><coordinates>142.2163,-36.2705,119</coordinates></Point>
    </Placemark>
    <Placemark>
      <name>YELLANGIP (BRICKLE ROAD)</name>
      <styleUrl>#closed</styleUrl>
      <Point><coordinates>142.3,-36.1,0</coordinates></Point>
    </Placemark>
    <Placemark>
      <name>WATCHEM (MOONA)</name>
      <styleUrl>#closed</styleUrl>
      <Point><coordinates>142.95,-36.1,0</coordinates></Point>
    </Placemark>
    <Placemark>
      <name>NHILL RAAF</name>
      <styleUrl>#closed</styleUrl>
      <Point><coordinates>141.65,-36.3167,134.1</coordinates></Point>
    </Placemark>
    <Placemark>
      <name>JEPARIT</name>
      <styleUrl>#active</styleUrl>
      <Point><coordinates>141.9928,-36.1442,81</coordinates></Point>
    </Placemark>
    <Placemark>
      <name>YANAC NORTH COMPARISON</name>
      <styleUrl>#active</styleUrl>
      <Point><coordinates>141.4612,-36.1147,135</coordinates></Point>
    </Placemark>
    <Placemark>
      <name>DONALD COMPARISON</name>
      <styleUrl>#active</styleUrl>
      <Point><coordinates>143.0038,-36.3611,115</coordinates></Point>
    </Placemark>
    <Placemark>
      <name>AMPHITHEATRE</name>
      <styleUrl>#closed</styleUrl>
      <Point><coordinates>143.4,-37.2,317.6</coordinates></Point>
    </Placemark>
    <Placemark>
      <name>APSLEY</name>
      <styleUrl>#closed</styleUrl>
      <Point><coordinates>141.1,-37,115.8</coordinates></Point>
    </Placemark>
    <Placemark>
      <name>BARKLY</name>
      <styleUrl>#active</styleUrl>
      <Point><coordinates>143.1976,-36.9532,275</coordinates></Point>
    </Placemark>
    <Placemark>
      <name>BEAZLEYS BRIDGE</name>
      <styleUrl>#active</styleUrl>
      <Point><coordinates>143.1594,-36.6994,219</coordinates></Point>
    </Placemark>
    <Placemark>
      <name>BELLELLEN</name>
      <styleUrl>#closed</styleUrl>
      <Point><coordinates>142.65,-37.15,232</coordinates></Point>
    </Placemark>
    <Placemark>
      <name>BRINGALBERT (APSLEY)</name>
      <styleUrl>#closed</styleUrl>
      <Point><coordinates>141.2,-36.85,0</coordinates></Point>
    </Placemark>
    <Placemark>
      <name>BURRUM</name>
      <styleUrl>#closed</styleUrl>
      <Point><coordinates>142.7,-36.6,0</coordinates></Point>
    </Placemark>
    <Placemark>
      <name>CHARAM</name>
      <styleUrl>#closed</styleUrl>
      <Point><coordinates>141.4667,-36.9833,146</coordinates></Point>
    </Placemark>
    <Placemark>
      <name>CLEAR LAKE</name>
      <styleUrl>#active</styleUrl>
      <Point><coordinates>141.8713,-36.9389,155</coordinates></Point>
    </Placemark>
    <Placemark>
      <name>CROWLANDS (WOODLANDS)</name>
      <styleUrl>#closed</styleUrl>
      <Point><coordinates>143.1,-37.1,0</coordinates></Point>
    </Placemark>
    <Placemark>
      <name>DRUNG DRUNG</name>
      <styleUrl>#active</styleUrl>
      <Point><coordinates>142.3937,-36.7768,145</coordinates></Point>
    </Placemark>
    <Placemark>
      <name>EDENHOPE (ELIZABETH ST)</name>
      <styleUrl>#active</styleUrl>
      <Point><coordinates>141.284,-37.0328,159</coordinates></Point>
    </Placemark>
    <Placemark>
      <name>ELDERSLIE</name>
      <styleUrl>#closed</styleUrl>
      <Point><coordinates>141,-37.1,0</coordinates></Point>
    </Placemark>
    <Placemark>
      <name>ELMHURST</name>
      <styleUrl>#closed</styleUrl>
      <Point><coordinates>143.3,-37.2,0</coordinates></Point>
    </Placemark>
    <Placemark>
      <name>EVERSLEY</name>
      <styleUrl>#closed</styleUrl>
      <Point><coordinates>143.1529,-37.1778,261</coordinates></Point>
    </Placemark>
    <Placemark>
      <name>GLENORCHY</name>
      <styleUrl>#active</styleUrl>
      <Point><coordinates>142.6308,-36.8721,170</coordinates></Point>
    </Placemark>
    <Placemark>
      <name>WARRANOOKE (GLENORCHY)</name>
      <styleUrl>#active</styleUrl>
      <Point><coordinates>142.7318,-36.7266,150</coordinates></Point>
    </Placemark>
    <Placemark>
      <name>GOROKE (POST OFFICE)</name>
      <styleUrl>#active</styleUrl>
      <Point><coordinates>141.4729,-36.7181,162</coordinates></Point>
    </Placemark>
    <Placemark>
      <name>GOROKE (KANGAWALL)</name>
      <styleUrl>#closed</styleUrl>
      <Point><coordinates>141.4681,-36.8267,162</coordinates></Point>
    </Placemark>
    <Placemark>
      <name>GREAT WESTERN (SEPPELT)</name>
      <styleUrl>#active</styleUrl>
      <Point><coordinates>142.8553,-37.1846,297</coordinates></Point>
    </Placemark>
    <Placemark>
      <name>HALLS GAP</name>
      <styleUrl>#closed</styleUrl>
      <Point><coordinates>142.5,-37.2,0</coordinates></Point>
    </Placemark>
    <Placemark>
      <name>HARROW (POST OFFICE)</name>
      <styleUrl>#active</styleUrl>
      <Point><coordinates>141.5919,-37.166,108</coordinates></Point>
    </Placemark>
    <Placemark>
      <name>HARROW (PINE HILLS)</name>
      <styleUrl>#closed</styleUrl>
      <Point><coordinates>141.5633,-37.0826,165</coordinates></Point>
    </Placemark>
    <Placemark>
      <name>HORSHAM POLKEMMET RD</name>
      <styleUrl>#closed</styleUrl>
      <Point><coordinates>142.0687,-36.6613,128</coordinates></Point>
    </Placemark>
    <Placemark>
      <name>JALLUKAR</name>
      <styleUrl>#closed</styleUrl>
      <Point><coordinates>142.7,-37.2,243.8</coordinates></Point>
    </Placemark>
    <Placemark>
      <name>KARNAK (ROSEDALE)</name>
      <styleUrl>#closed</styleUrl>
      <Point><coordinates>141.4797,-36.8639,160</coordinates></Point>
    </Placemark>
    <Placemark>
      <name>LAKE LONSDALE</name>
      <styleUrl>#closed</styleUrl>
      <Point><coordinates>142.5833,-37.0333,244</coordinates></Point>
    </Placemark>
    <Placemark>
      <name>LANDSBOROUGH</name>
      <styleUrl>#closed</styleUrl>
      <Point><coordinates>143.1317,-37.0062,255</coordinates></Point>
    </Placemark>
    <Placemark>
      <name>LONGERENONG</name>
      <styleUrl>#active</styleUrl>
      <Point><coordinates>142.2991,-36.6722,133</coordinates></Point>
    </Placemark>
    <Placemark>
      <name>MARNOO</name>
      <styleUrl>#closed</styleUrl>
      <Point><coordinates>142.9,-36.7,0</coordinates></Point>
    </Placemark>
    <Placemark>
      <name>MINIMAY (BOOROOPKI)</name>
      <styleUrl>#closed</styleUrl>
      <Point><coordinates>141.2,-36.7,137.2</coordinates></Point>
    </Placemark>
    <Placemark>
      <name>MOONAMBEL</name>
      <styleUrl>#active</styleUrl>
      <Point><coordinates>143.2727,-36.9865,335</coordinates></Point>
    </Placemark>
    <Placemark>
      <name>MORRL MORRL (VALLEY VIEW)</name>
      <styleUrl>#active</styleUrl>
      <Point><coordinates>142.9332,-36.8612,213</coordinates></Point>
    </Placemark>
    <Placemark>
      <name>MOUNT LONARCH</name>
      <styleUrl>#closed</styleUrl>
      <Point><coordinates>143.4,-37.3,0</coordinates></Point>
    </Placemark>
    <Placemark>
      <name>MOYSTON</name>
      <styleUrl>#closed</styleUrl>
      <Point><coordinates>142.7656,-37.3011,252</coordinates></Point>
    </Placemark>
    <Placemark>
      <name>MURTOA</name>
      <styleUrl>#active</styleUrl>
      <Point><coordinates>142.4712,-36.6207,139</coordinates></Point>
    </Placemark>
    <Placemark>
      <name>NATIMUK</name>
      <styleUrl>#active</styleUrl>
      <Point><coordinates>141.9429,-36.7416,122</coordinates></Point>
    </Placemark>
    <Placemark>
      <name>NAVARRE</name>
      <styleUrl>#active</styleUrl>
      <Point><coordinates>143.1137,-36.9,227.9</coordinates></Point>
    </Placemark>
    <Placemark>
      <name>POMONAL WINDY RIDGE</name>
      <styleUrl>#closed</styleUrl>
      <Point><coordinates>142.6,-37.2,320</coordinates></Point>
    </Placemark>
    <Placemark>
      <name>REDBANK</name>
      <styleUrl>#active</styleUrl>
      <Point><coordinates>143.3384,-36.9065,260</coordinates></Point>
    </Placemark>
    <Placemark>
      <name>ST ARNAUD</name>
      <styleUrl>#active</styleUrl>
      <Point><coordinates>143.2644,-36.6175,240</coordinates></Point>
    </Placemark>
    <Placemark>
      <name>SLATY CREEK</name>
      <styleUrl>#closed</styleUrl>
      <Point><coordinates>143.3,-36.55,231.6</coordinates></Point>
    </Placemark>
    <Placemark>
      <name>STAWELL</name>
      <styleUrl>#closed</styleUrl>
      <Point><coordinates>142.8,-37.1,231.3</coordinates></Point>
    </Placemark>
    <Placemark>
      <name>STUART MILL STATE SCHOOL</name>
      <styleUrl>#closed</styleUrl>
      <Point><coordinates>143.3,-36.8,0</coordinates></Point>
    </Placemark>
    <Placemark>
      <name>TELANGATUK (SCHOLFIELD)</name>
      <styleUrl>#closed</styleUrl>
      <Point><coordinates>142,-37.1,0</coordinates></Point>
    </Placemark>
    <Placemark>
      <name>TOOLONDO</name>
      <styleUrl>#closed</styleUrl>
      <Point><coordinates>142,-37,0</coordinates></Point>
    </Placemark>
    <Placemark>
      <name>WARTOOK RESERVOIR</name>
      <styleUrl>#active</styleUrl>
      <Point><coordinates>142.4345,-37.0935,440</coordinates></Point>
    </Placemark>
    <Placemark>
      <name>WARTOOK POST OFFICE</name>
      <styleUrl>#closed</styleUrl>
      <Point><coordinates>142.35,-37,167.6</coordinates></Point>
    </Placemark>
    <Placemark>
      <name>WINJALLOK</name>
      <styleUrl>#closed</styleUrl>
      <Point><coordinates>143.2,-36.8,240.8</coordinates></Point>
    </Placemark>
    <Placemark>
      <name>WONWONDAH (MOUNT ZERO)</name>
      <styleUrl>#closed</styleUrl>
      <Point><coordinates>142.3,-36.9,0</coordinates></Point>
    </Placemark>
    <Placemark>
      <name>MOYSTON (BARTON ESTATE)</name>
      <styleUrl>#active</styleUrl>
      <Point><coordinates>142.6975,-37.3162,290</coordinates></Point>
    </Placemark>
    <Placemark>
      <name>LAKE LONSDALE</name>
      <styleUrl>#closed</styleUrl>
      <Point><coordinates>142.6354,-37.0432,205</coordinates></Point>
    </Placemark>
    <Placemark>
      <name>ROCKLANDS RESERVOIR</name>
      <styleUrl>#active</styleUrl>
      <Point><coordinates>141.9609,-37.23,220</coordinates></Point>
    </Placemark>
    <Placemark>
      <name>BANYENA (COSY NOOKA)</name>
      <styleUrl>#closed</styleUrl>
      <Point><coordinates>142.8,-36.6,0</coordinates></Point>
    </Placemark>
    <Placemark>
      <name>BROOKRET (FAIR VIEW FARM)</name>
      <styleUrl>#closed</styleUrl>
      <Point><coordinates>142.7,-36.6,0</coordinates></Point>
    </Placemark>
    <Placemark>
      <name>JUNG (DOOEN NORTH)</name>
      <styleUrl>#closed</styleUrl>
      <Point><coordinates>142.3667,-36.7333,0</coordinates></Point>
    </Placemark>
    <Placemark>
      <name>EMU RAIL (DALYENONG)</name>
      <styleUrl>#closed</styleUrl>
      <Point><coordinates>143.4,-36.7,0</coordinates></Point>
    </Placemark>
    <Placemark>
      <name>STAWELL (GLYNWYLLN STATION)</name>
      <styleUrl>#closed</styleUrl>
      <Point><coordinates>142.9,-36.9333,0</coordinates></Point>
    </Placemark>
    <Placemark>
      <name>GOROKE (ROSE BANKS)</name>
      <styleUrl>#closed</styleUrl>
      <Point><coordinates>141.4,-36.7,0</coordinates></Point>
    </Placemark>
    <Placemark>
      <name>GOWAR EAST (RAHINA FARM)</name>
      <styleUrl>#closed</styleUrl>
      <Point><coordinates>143.4,-36.6,0</coordinates></Point>
    </Placemark>
    <Placemark>
      <name>GOWAR WEST</name>
      <styleUrl>#closed</styleUrl>
      <Point><coordinates>143.2,-36.5,0</coordinates></Point>
    </Placemark>
    <Placemark>
      <name>GYMBOWEN</name>
      <styleUrl>#closed</styleUrl>
      <Point><coordinates>141.6,-36.7,0</coordinates></Point>
    </Placemark>
    <Placemark>
      <name>KANYA</name>
      <styleUrl>#closed</styleUrl>
      <Point><coordinates>143,-36.8,0</coordinates></Point>
    </Placemark>
    <Placemark>
      <name>NATIMUK (JILPANGER)</name>
      <styleUrl>#closed</styleUrl>
      <Point><coordinates>142,-36.7,0</coordinates></Point>
    </Placemark>
    <Placemark>
      <name>HORSHAM (LAURISTON DOLLAN)</name>
      <styleUrl>#closed</styleUrl>
      <Point><coordinates>142.25,-37,0</coordinates></Point>
    </Placemark>
    <Placemark>
      <name>MINIMAY (NEUARPUR STATION)</name>
      <styleUrl>#closed</styleUrl>
      <Point><coordinates>141.0667,-36.75,0</coordinates></Point>
    </Placemark>
    <Placemark>
      <name>RUPANYUP (LALLAT PLAINS)</name>
      <styleUrl>#closed</styleUrl>
      <Point><coordinates>142.5,-36.55,0</coordinates></Point>
    </Placemark>
    <Placemark>
      <name>STAWELL (NATTA WALLA)</name>
      <styleUrl>#closed</styleUrl>
      <Point><coordinates>142.2333,-37.0667,231.3</coordinates></Point>
    </Placemark>
    <Placemark>
      <name>TRAINORS LAGOON</name>
      <styleUrl>#closed</styleUrl>
      <Point><coordinates>143,-36.6,0</coordinates></Point>
    </Placemark>
    <Placemark>
      <name>WALLALOO</name>
      <styleUrl>#closed</styleUrl>
      <Point><coordinates>142.9,-36.7,0</coordinates></Point>
    </Placemark>
    <Placemark>
      <name>WALMER</name>
      <styleUrl>#closed</styleUrl>
      <Point><coordinates>142.15,-36.7,0</coordinates></Point>
    </Placemark>
    <Placemark>
      <name>APSLEY (POST OFFICE)</name>
      <styleUrl>#active</styleUrl>
      <Point><coordinates>141.0834,-36.9681,109</coordinates></Point>
    </Placemark>
    <Placemark>
      <name>ARCHDALE</name>
      <styleUrl>#closed</styleUrl>
      <Point><coordinates>143.5,-36.8,0</coordinates></Point>
    </Placemark>
    <Placemark>
      <name>POMONAL</name>
      <styleUrl>#closed</styleUrl>
      <Point><coordinates>142.6094,-37.1917,243</coordinates></Point>
    </Placemark>
    <Placemark>
      <name>HALLS GAP</name>
      <styleUrl>#active</styleUrl>
      <Point><coordinates>142.5172,-37.1428,257</coordinates></Point>
    </Placemark>
    <Placemark>
      <name>RUPANYUP (POST OFFICE)</name>
      <styleUrl>#active</styleUrl>
      <Point><coordinates>142.6321,-36.6287,145</coordinates></Point>
    </Placemark>
    <Placemark>
      <name>DOUGLAS</name>
      <styleUrl>#closed</styleUrl>
      <Point><coordinates>141.7167,-37.05,0</coordinates></Point>
    </Placemark>
    <Placemark>
      <name>DADSWELLS BRIDGE</name>
      <styleUrl>#active</styleUrl>
      <Point><coordinates>142.5217,-36.8676,167</coordinates></Point>
    </Placemark>
    <Placemark>
      <name>TELANGATUK EAST (MILINGIMBI)</name>
      <styleUrl>#active</styleUrl>
      <Point><coordinates>141.9882,-37.0607,175</coordinates></Point>
    </Placemark>
    <Placemark>
      <name>TOTTINGTON</name>
      <styleUrl>#active</styleUrl>
      <Point><coordinates>143.1207,-36.7913,216</coordinates></Point>
    </Placemark>
    <Placemark>
      <name>STAWELL</name>
      <styleUrl>#closed</styleUrl>
      <Point><coordinates>142.7908,-37.0717,203</coordinates></Point>
    </Placemark>
    <Placemark>
      <name>MOUNT COLE</name>
      <styleUrl>#closed</styleUrl>
      <Point><coordinates>143.2,-37.2667,0</coordinates></Point>
    </Placemark>
    <Placemark>
      <name>HORSHAM</name>
      <styleUrl>#active</styleUrl>
      <Point><coordinates>142.2009,-36.7007,140</coordinates></Point>
    </Placemark>
    <Placemark>
      <name>BENAYEO</name>
      <styleUrl>#active</styleUrl>
      <Point><coordinates>141.0101,-36.8698,100</coordinates></Point>
    </Placemark>
    <Placemark>
      <name>FERNANDES (AVON NO.1)</name>
      <styleUrl>#closed</styleUrl>
      <Point><coordinates>143.1525,-36.7331,204.2</coordinates></Point>
    </Placemark>
    <Placemark>
      <name>CHEESMAN (AVON NO 2)</name>
      <styleUrl>#closed</styleUrl>
      <Point><coordinates>143.2167,-36.8667,287</coordinates></Point>
    </Placemark>
    <Placemark>
      <name>NAVARRE (AVON NO.3)</name>
      <styleUrl>#active</styleUrl>
      <Point><coordinates>143.123,-36.8637,262.1</coordinates></Point>
    </Placemark>
    <Placemark>
      <name>ST ARNAUD (ROSTRON (AVON NO 4))</name>
      <styleUrl>#active</styleUrl>
      <Point><coordinates>143.1812,-36.7831,237.7</coordinates></Point>
    </Placemark>
    <Placemark>
      <name>MCDONALD (AVON NO 5)</name>
      <styleUrl>#closed</styleUrl>
      <Point><coordinates>143.1833,-36.8333,268</coordinates></Point>
    </Placemark>
    <Placemark>
      <name>PARADISE (AVON NO.6)</name>
      <styleUrl>#closed</styleUrl>
      <Point><coordinates>143.1058,-36.8303,256</coordinates></Point>
    </Placemark>
    <Placemark>
      <name>SCOTSDALE (AVON NO 7)</name>
      <styleUrl>#closed</styleUrl>
      <Point><coordinates>143.1667,-36.7833,247</coordinates></Point>
    </Placemark>
    <Placemark>
      <name>AVONBANK (AVON NO 8)</name>
      <styleUrl>#closed</styleUrl>
      <Point><coordinates>143.1833,-36.75,232</coordinates></Point>
    </Placemark>
    <Placemark>
      <name>ARCHDALE (KARA KURRACA WEST)</name>
      <styleUrl>#closed</styleUrl>
      <Point><coordinates>143.5,-36.8333,0</coordinates></Point>
    </Placemark>
    <Placemark>
      <name>MOUNT DRYDEN (MAYORTON)</name>
      <styleUrl>#closed</styleUrl>
      <Point><coordinates>142.5667,-37.05,0</coordinates></Point>
    </Placemark>
    <Placemark>
      <name>NEUARPURR (BRIPPICK)</name>
      <styleUrl>#closed</styleUrl>
      <Point><coordinates>141.0667,-36.7667,0</coordinates></Point>
    </Placemark>
    <Placemark>
      <name>NEUARPURR</name>
      <styleUrl>#closed</styleUrl>
      <Point><coordinates>141.0167,-36.7167,0</coordinates></Point>
    </Placemark>
    <Placemark>
      <name>LUBECK (ROSLYN)</name>
      <styleUrl>#closed</styleUrl>
      <Point><coordinates>142.65,-36.75,0</coordinates></Point>
    </Placemark>
    <Placemark>
      <name>KANAGULK</name>
      <styleUrl>#closed</styleUrl>
      <Point><coordinates>141.8031,-37.1169,188.8</coordinates></Point>
    </Placemark>
    <Placemark>
      <name>PINE LAKE</name>
      <styleUrl>#closed</styleUrl>
      <Point><coordinates>142.3667,-36.7667,152</coordinates></Point>
    </Placemark>
    <Placemark>
      <name>EDENHOPE AIRPORT</name>
      <styleUrl>#active</styleUrl>
      <Point><coordinates>141.2657,-37.0222,155</coordinates></Point>
    </Placemark>
    <Placemark>
      <name>HORSHAM AERODROME</name>
      <styleUrl>#active</styleUrl>
      <Point><coordinates>142.1733,-36.6699,133.8</coordinates></Point>
    </Placemark>
    <Placemark>
      <name>PYRENEES (BEN NEVIS)</name>
      <styleUrl>#active</styleUrl>
      <Point><coordinates>143.2005,-37.2281,875</coordinates></Point>
    </Placemark>
    <Placemark>
      <name>MAROO WEST (WARRANOOKE (GLENORCHY) COMPA</name>
      <styleUrl>#active</styleUrl>
      <Point><coordinates>142.7293,-36.7259,150</coordinates></Point>
    </Placemark>
    <Placemark>
      <name>GRAMPIANS (MOUNT WILLIAM)</name>
      <styleUrl>#active</styleUrl>
      <Point><coordinates>142.6039,-37.295,1150</coordinates></Point>
    </Placemark>
    <Placemark>
      <name>HARROW (KADNOOK)</name>
      <styleUrl>#closed</styleUrl>
      <Point><coordinates>141.3625,-37.2075,165</coordinates></Point>
    </Placemark>
    <Placemark>
      <name>STAWELL AERODROME</name>
      <styleUrl>#active</styleUrl>
      <Point><coordinates>142.7402,-37.072,235.4</coordinates></Point>
    </Placemark>
    <Placemark>
      <name>LAH-ARUM (MT STAPYLTON)</name>
      <styleUrl>#closed</styleUrl>
      <Point><coordinates>142.3583,-36.9031,244</coordinates></Point>
    </Placemark>
    <Placemark>
      <name>PATYAH (BOOROOPKI)</name>
      <styleUrl>#active</styleUrl>
      <Point><coordinates>141.2598,-36.8132,139</coordinates></Point>
    </Placemark>
    <Placemark>
      <name>BALMORAL (GLENELG RIVER @ FULHAM BRIDGE)</name>
      <styleUrl>#active</styleUrl>
      <Point><coordinates>141.8502,-37.1481,165</coordinates></Point>
    </Placemark>
    <Placemark>
      <name>PATYAH (BOOROOPKI COMPARISON)</name>
      <styleUrl>#active</styleUrl>
      <Point><coordinates>141.26,-36.8141,139</coordinates></Point>
    </Placemark>
    <Placemark>
      <name>BARMAH EAST</name>
      <styleUrl>#closed</styleUrl>
      <Point><coordinates>145,-36.0167,126.5</coordinates></Point>
    </Placemark>
    <Placemark>
      <name>BENJEROOP (DAVEY)</name>
      <styleUrl>#closed</styleUrl>
      <Point><coordinates>143.825,-35.51,73.1</coordinates></Point>
    </Placemark>
    <Placemark>
      <name>BOORT</name>
      <styleUrl>#active</styleUrl>
      <Point><coordinates>143.7229,-36.116,103</coordinates></Point>
    </Placemark>
    <Placemark>
      <name>CALIVIL</name>
      <styleUrl>#closed</styleUrl>
      <Point><coordinates>144.0833,-36.2667,104.9</coordinates></Point>
    </Placemark>
    <Placemark>
      <name>CANARY ISLAND</name>
      <styleUrl>#active</styleUrl>
      <Point><coordinates>143.8521,-35.9748,90</coordinates></Point>
    </Placemark>
    <Placemark>
      <name>CANARY ISLAND SOUTH</name>
      <styleUrl>#closed</styleUrl>
      <Point><coordinates>143.8617,-36.0261,50</coordinates></Point>
    </Placemark>
    <Placemark>
      <name>CHARLTON POST OFFICE</name>
      <styleUrl>#closed</styleUrl>
      <Point><coordinates>143.4,-36.3,116.7</coordinates></Point>
    </Placemark>
    <Placemark>
      <name>COBRAM POST OFFICE</name>
      <styleUrl>#closed</styleUrl>
      <Point><coordinates>145.65,-35.9164,111.9</coordinates></Point>
    </Placemark>
    <Placemark>
      <name>COHUNA (GOULBURN MURRAY)</name>
      <styleUrl>#closed</styleUrl>
      <Point><coordinates>144.2083,-35.8001,81</coordinates></Point>
    </Placemark>
    <Placemark>
      <name>ST ARNAUD (COONOOER BRIDGE)</name>
      <styleUrl>#closed</styleUrl>
      <Point><coordinates>143.3525,-36.4774,205</coordinates></Point>
    </Placemark>
    <Placemark>
      <name>CORNELIA CREEK STATION</name>
      <styleUrl>#closed</styleUrl>
      <Point><coordinates>144.8,-36.25,0</coordinates></Point>
    </Placemark>
    <Placemark>
      <name>CUMEROOGUNGA ABORIGINAL SETTLE</name>
      <styleUrl>#closed</styleUrl>
      <Point><coordinates>145,-36,0</coordinates></Point>
    </Placemark>
    <Placemark>
      <name>DINGEE</name>
      <styleUrl>#closed</styleUrl>
      <Point><coordinates>144.2333,-36.3667,105.5</coordinates></Point>
    </Placemark>
    <Placemark>
      <name>PYRAMID HILL (SYLVATERRE)</name>
      <styleUrl>#active</styleUrl>
      <Point><coordinates>144.2119,-36.0599,113</coordinates></Point>
    </Placemark>
    <Placemark>
      <name>DURHAM OX</name>
      <styleUrl>#active</styleUrl>
      <Point><coordinates>143.9184,-36.1351,100</coordinates></Point>
    </Placemark>
    <Placemark>
      <name>ECHUCA AERODROME</name>
      <styleUrl>#active</styleUrl>
      <Point><coordinates>144.7639,-36.1639,96</coordinates></Point>
    </Placemark>
    <Placemark>
      <name>FERNIHURST</name>
      <styleUrl>#closed</styleUrl>
      <Point><coordinates>143.8833,-36.2833,107</coordinates></Point>
    </Placemark>
    <Placemark>
      <name>GLADFIELD HOPEFIELD ESTATE</name>
      <styleUrl>#active</styleUrl>
      <Point><coordinates>143.9403,-36.0406,90</coordinates></Point>
    </Placemark>
    <Placemark>
      <name>GLENLOTH EAST</name>
      <styleUrl>#closed</styleUrl>
      <Point><coordinates>143.4,-36.1,115.8</coordinates></Point>
    </Placemark>
    <Placemark>
      <name>GLENLOTH SHINGLE HUT HMSD</name>
      <styleUrl>#active</styleUrl>
      <Point><coordinates>143.3311,-36.162,110</coordinates></Point>
    </Placemark>
    <Placemark>
      <name>GUNBOWER (CIRCLE T WILTIPOL)</name>
      <styleUrl>#active</styleUrl>
      <Point><coordinates>144.3712,-35.966,84.7</coordinates></Point>
    </Placemark>
    <Placemark>
      <name>KANYAPELLA</name>
      <styleUrl>#closed</styleUrl>
      <Point><coordinates>144.95,-36.1,0</coordinates></Point>
    </Placemark>
    <Placemark>
      <name>KATAMATITE</name>
      <styleUrl>#closed</styleUrl>
      <Point><coordinates>145.6833,-36.0833,117</coordinates></Point>
    </Placemark>
    <Placemark>
      <name>KERANG</name>
      <styleUrl>#active</styleUrl>
      <Point><coordinates>143.935,-35.7466,78</coordinates></Point>
    </Placemark>
    <Placemark>
      <name>KERANG (MERAN DOWNS)</name>
      <styleUrl>#active</styleUrl>
      <Point><coordinates>143.7995,-35.8679,80.2</coordinates></Point>
    </Placemark>
    <Placemark>
      <name>TONGALA (KORALEIGH)</name>
      <styleUrl>#closed</styleUrl>
      <Point><coordinates>145,-36.15,0</coordinates></Point>
    </Placemark>
    <Placemark>
      <name>KORONG VALE (POST OFFICE)</name>
      <styleUrl>#closed</styleUrl>
      <Point><coordinates>143.7053,-36.3567,150</coordinates></Point>
    </Placemark>
    <Placemark>
      <name>KORONG VALE (BURNBANK)</name>
      <styleUrl>#active</styleUrl>
      <Point><coordinates>143.735,-36.3203,135</coordinates></Point>
    </Placemark>
    <Placemark>
      <name>KYABRAM POST OFFICE</name>
      <styleUrl>#closed</styleUrl>
      <Point><coordinates>145.05,-36.3167,105.8</coordinates></Point>
    </Placemark>
    <Placemark>
      <name>LAKE MARMAL</name>
      <styleUrl>#active</styleUrl>
      <Point><coordinates>143.5183,-36.1509,110</coordinates></Point>
    </Placemark>
    <Placemark>
      <name>LEITCHVILLE POST OFFICE</name>
      <styleUrl>#closed</styleUrl>
      <Point><coordinates>144.3,-35.9,91.4</coordinates></Point>
    </Placemark>
    <Placemark>
      <name>LOCKINGTON</name>
      <styleUrl>#closed</styleUrl>
      <Point><coordinates>144.5,-36.35,0</coordinates></Point>
    </Placemark>
    <Placemark>
      <name>MOIRA LOWER</name>
      <styleUrl>#closed</styleUrl>
      <Point><coordinates>145.0167,-36.0167,121.9</coordinates></Point>
    </Placemark>
    <Placemark>
      <name>MACORNA</name>
      <styleUrl>#closed</styleUrl>
      <Point><coordinates>144,-35.9,82.9</coordinates></Point>
    </Placemark>
    <Placemark>
      <name>MADOWLA PARK</name>
      <styleUrl>#closed</styleUrl>
      <Point><coordinates>145,-36.1,0</coordinates></Point>
    </Placemark>
    <Placemark>
      <name>MEAD</name>
      <styleUrl>#closed</styleUrl>
      <Point><coordinates>144.1167,-35.8333,79</coordinates></Point>
    </Placemark>
    <Placemark>
      <name>MINCHA</name>
      <styleUrl>#active</styleUrl>
      <Point><coordinates>144.1073,-35.9681,85</coordinates></Point>
    </Placemark>
    <Placemark>
      <name>MITIAMO</name>
      <styleUrl>#closed</styleUrl>
      <Point><coordinates>144.2333,-36.2167,152</coordinates></Point>
    </Placemark>
    <Placemark>
      <name>MOLOGA FINE VIEW</name>
      <styleUrl>#closed</styleUrl>
      <Point><coordinates>144.2,-36.15,109.7</coordinates></Point>
    </Placemark>
    <Placemark>
      <name>YARRAWALLA SOUTH</name>
      <styleUrl>#closed</styleUrl>
      <Point><coordinates>144.0565,-36.1861,100</coordinates></Point>
    </Placemark>
    <Placemark>
      <name>MURRABIT R.W.C.</name>
      <styleUrl>#closed</styleUrl>
      <Point><coordinates>143.9167,-35.5333,72</coordinates></Point>
    </Placemark>
    <Placemark>
      <name>MYSIA SR&amp;WSC</name>
      <styleUrl>#closed</styleUrl>
      <Point><coordinates>143.7667,-36.2333,105</coordinates></Point>
    </Placemark>
    <Placemark>
      <name>NATHALIA (POST OFFICE)</name>
      <styleUrl>#active</styleUrl>
      <Point><coordinates>145.2031,-36.0591,102</coordinates></Point>
    </Placemark>
    <Placemark>
      <name>NUMURKAH POST OFFICE</name>
      <styleUrl>#closed</styleUrl>
      <Point><coordinates>145.45,-36.1,108</coordinates></Point>
    </Placemark>
    <Placemark>
      <name>PATHO WEST</name>
      <styleUrl>#active</styleUrl>
      <Point><coordinates>144.4227,-35.9925,89</coordinates></Point>
    </Placemark>
    <Placemark>
      <name>PICOLA</name>
      <styleUrl>#closed</styleUrl>
      <Point><coordinates>145.1,-36,99.7</coordinates></Point>
    </Placemark>
    <Placemark>
      <name>PINE GROVE STATE SCHOOL</name>
      <styleUrl>#closed</styleUrl>
      <Point><coordinates>144.35,-36.3,0</coordinates></Point>
    </Placemark>
    <Placemark>
      <name>PIREE</name>
      <styleUrl>#closed</styleUrl>
      <Point><coordinates>145.3,-35.95,106.7</coordinates></Point>
    </Placemark>
    <Placemark>
      <name>PYRAMID HILL</name>
      <styleUrl>#closed</styleUrl>
      <Point><coordinates>144.1,-36.05,89.6</coordinates></Point>
    </Placemark>
    <Placemark>
      <name>ROCHESTER</name>
      <styleUrl>#active</styleUrl>
      <Point><coordinates>144.711,-36.3612,114</coordinates></Point>
    </Placemark>
    <Placemark>
      <name>SANDMOUNT</name>
      <styleUrl>#closed</styleUrl>
      <Point><coordinates>145.55,-36,0</coordinates></Point>
    </Placemark>
    <Placemark>
      <name>SERPENTINE (EAST LODDON)</name>
      <styleUrl>#closed</styleUrl>
      <Point><coordinates>143.9522,-36.3666,110</coordinates></Point>
    </Placemark>
    <Placemark>
      <name>TALLYGAROOPNA STATE SCHOOL</name>
      <styleUrl>#closed</styleUrl>
      <Point><coordinates>145.4,-36.3,0</coordinates></Point>
    </Placemark>
    <Placemark>
      <name>TANDARRA</name>
      <styleUrl>#closed</styleUrl>
      <Point><coordinates>144.2497,-36.4296,110</coordinates></Point>
    </Placemark>
    <Placemark>
      <name>TENNYSON</name>
      <styleUrl>#closed</styleUrl>
      <Point><coordinates>144.4317,-36.2991,110</coordinates></Point>
    </Placemark>
    <Placemark>
      <name>TERRICK SOUTH</name>
      <styleUrl>#closed</styleUrl>
      <Point><coordinates>144.4,-36.15,0</coordinates></Point>
    </Placemark>
    <Placemark>
      <name>TONGALA</name>
      <styleUrl>#active</styleUrl>
      <Point><coordinates>144.9591,-36.2507,104</coordinates></Point>
    </Placemark>
    <Placemark>
      <name>TONGALA (PEPPERTREE GROVE)</name>
      <styleUrl>#closed</styleUrl>
      <Point><coordinates>145,-36.2,0</coordinates></Point>
    </Placemark>
    <Placemark>
      <name>TORRUMBARRY</name>
      <styleUrl>#closed</styleUrl>
      <Point><coordinates>144.5,-36.1,0</coordinates></Point>
    </Placemark>
    <Placemark>
      <name>STRATHMERTON (WOODLEA)</name>
      <styleUrl>#closed</styleUrl>
      <Point><coordinates>145.4,-35.9167,106.7</coordinates></Point>
    </Placemark>
    <Placemark>
      <name>WAAIA</name>
      <styleUrl>#closed</styleUrl>
      <Point><coordinates>145.3333,-36.05,107</coordinates></Point>
    </Placemark>
    <Placemark>
      <name>WEDDERBURN (POST OFFICE)</name>
      <styleUrl>#active</styleUrl>
      <Point><coordinates>143.6123,-36.4183,200</coordinates></Point>
    </Placemark>
    <Placemark>
      <name>WHARPARILLA WEST</name>
      <styleUrl>#closed</styleUrl>
      <Point><coordinates>144.65,-36.1,0</coordinates></Point>
    </Placemark>
    <Placemark>
      <name>WYCHITELLA SOUTH</name>
      <styleUrl>#closed</styleUrl>
      <Point><coordinates>143.6,-36.25,168</coordinates></Point>
    </Placemark>
    <Placemark>
      <name>YALCA</name>
      <styleUrl>#closed</styleUrl>
      <Point><coordinates>145.3,-36,0</coordinates></Point>
    </Placemark>
    <Placemark>
      <name>YARROWEYAH</name>
      <styleUrl>#active</styleUrl>
      <Point><coordinates>145.543,-35.9002,110</coordinates></Point>
    </Placemark>
    <Placemark>
      <name>YIELIMA POST OFFICE</name>
      <styleUrl>#closed</styleUrl>
      <Point><coordinates>145.2,-35.9,91.4</coordinates></Point>
    </Placemark>
    <Placemark>
      <name>CHARLTON (DONALD ST)</name>
      <styleUrl>#active</styleUrl>
      <Point><coordinates>143.345,-36.2715,130</coordinates></Point>
    </Placemark>
    <Placemark>
      <name>BAMAWM</name>
      <styleUrl>#closed</styleUrl>
      <Point><coordinates>144.6,-36.25,137.2</coordinates></Point>
    </Placemark>
    <Placemark>
      <name>BUCKRABANYULE (NARDOO VALE)</name>
      <styleUrl>#closed</styleUrl>
      <Point><coordinates>143.5,-36.3,0</coordinates></Point>
    </Placemark>
    <Placemark>
      <name>COBRAM MURRAY VILLA</name>
      <styleUrl>#closed</styleUrl>
      <Point><coordinates>145.7,-35.9,0</coordinates></Point>
    </Placemark>
    <Placemark>
      <name>GLENALBYN</name>
      <styleUrl>#closed</styleUrl>
      <Point><coordinates>143.8,-36.6,0</coordinates></Point>
    </Placemark>
    <Placemark>
      <name>KAARIMBA</name>
      <styleUrl>#closed</styleUrl>
      <Point><coordinates>145.3,-36.1,0</coordinates></Point>
    </Placemark>
    <Placemark>
      <name>KERANG (TRAGOWELL)</name>
      <styleUrl>#closed</styleUrl>
      <Point><coordinates>143.9333,-35.8,0</coordinates></Point>
    </Placemark>
    <Placemark>
      <name>KERANG HELVETIA FARM</name>
      <styleUrl>#closed</styleUrl>
      <Point><coordinates>143.9,-35.7333,75</coordinates></Point>
    </Placemark>
    <Placemark>
      <name>KOONDROOK</name>
      <styleUrl>#closed</styleUrl>
      <Point><coordinates>144.15,-35.65,76.2</coordinates></Point>
    </Placemark>
    <Placemark>
      <name>MITIAMO 1</name>
      <styleUrl>#closed</styleUrl>
      <Point><coordinates>144.2333,-36.2167,0</coordinates></Point>
    </Placemark>
    <Placemark>
      <name>MITIAMO 2</name>
      <styleUrl>#closed</styleUrl>
      <Point><coordinates>144.2333,-36.2167,0</coordinates></Point>
    </Placemark>
    <Placemark>
      <name>NATHALIA HERALD OFFICE</name>
      <styleUrl>#closed</styleUrl>
      <Point><coordinates>145.2,-36.0833,0</coordinates></Point>
    </Placemark>
    <Placemark>
      <name>UPPER MOIRA (PICOLA NORTH)</name>
      <styleUrl>#closed</styleUrl>
      <Point><coordinates>145.1167,-36.0167,99.7</coordinates></Point>
    </Placemark>
    <Placemark>
      <name>ROCHESTER (TARANAH)</name>
      <styleUrl>#closed</styleUrl>
      <Point><coordinates>144.7167,-36.35,115.2</coordinates></Point>
    </Placemark>
    <Placemark>
      <name>ROCHESTER WEST</name>
      <styleUrl>#closed</styleUrl>
      <Point><coordinates>144.7167,-36.35,115.2</coordinates></Point>
    </Placemark>
    <Placemark>
      <name>ROWLANDS (ROWAN)</name>
      <styleUrl>#closed</styleUrl>
      <Point><coordinates>144.0833,-35.8667,0</coordinates></Point>
    </Placemark>
    <Placemark>
      <name>ST GERMAINS</name>
      <styleUrl>#closed</styleUrl>
      <Point><coordinates>145.15,-36.25,0</coordinates></Point>
    </Placemark>
    <Placemark>
      <name>SERPENTINE CREEK STATION</name>
      <styleUrl>#closed</styleUrl>
      <Point><coordinates>143.9833,-36.3167,0</coordinates></Point>
    </Placemark>
    <Placemark>
      <name>SILESIAN DOWNS</name>
      <styleUrl>#closed</styleUrl>
      <Point><coordinates>144,-36,0</coordinates></Point>
    </Placemark>
    <Placemark>
      <name>STRATHMERTON</name>
      <styleUrl>#closed</styleUrl>
      <Point><coordinates>145.5,-35.9,0</coordinates></Point>
    </Placemark>
    <Placemark>
      <name>TIMMERING EAST</name>
      <styleUrl>#closed</styleUrl>
      <Point><coordinates>144.85,-36.4,0</coordinates></Point>
    </Placemark>
    <Placemark>
      <name>TRAGOWEL</name>
      <styleUrl>#closed</styleUrl>
      <Point><coordinates>144,-35.85,0</coordinates></Point>
    </Placemark>
    <Placemark>
      <name>WOOSANG</name>
      <styleUrl>#closed</styleUrl>
      <Point><coordinates>143.5,-36.3,0</coordinates></Point>
    </Placemark>
    <Placemark>
      <name>YIELIMA (ESPERANCE)</name>
      <styleUrl>#closed</styleUrl>
      <Point><coordinates>145.2167,-35.9333,0</coordinates></Point>
    </Placemark>
    <Placemark>
      <name>KYABRAM</name>
      <styleUrl>#active</styleUrl>
      <Point><coordinates>145.0638,-36.335,105</coordinates></Point>
    </Placemark>
    <Placemark>
      <name>WYUNA</name>
      <styleUrl>#closed</styleUrl>
      <Point><coordinates>145,-36.2,0</coordinates></Point>
    </Placemark>
    <Placemark>
      <name>WYUNA RESEARCH</name>
      <styleUrl>#closed</styleUrl>
      <Point><coordinates>145,-36.2,0</coordinates></Point>
    </Placemark>
    <Placemark>
      <name>NARREWILOCK</name>
      <styleUrl>#closed</styleUrl>
      <Point><coordinates>143.4,-36.2,0</coordinates></Point>
    </Placemark>
    <Placemark>
      <name>KOTTA</name>
      <styleUrl>#closed</styleUrl>
      <Point><coordinates>144.5367,-36.223,101</coordinates></Point>
    </Placemark>
    <Placemark>
      <name>PYRAMID HILL</name>
      <styleUrl>#closed</styleUrl>
      <Point><coordinates>144.0922,-36.0875,100</coordinates></Point>
    </Placemark>
    <Placemark>
      <name>YEUNGROON (THE OAKS)</name>
      <styleUrl>#closed</styleUrl>
      <Point><coordinates>143.3333,-36.3833,0</coordinates></Point>
    </Placemark>
    <Placemark>
      <name>PRAIRIE WEST</name>
      <styleUrl>#closed</styleUrl>
      <Point><coordinates>144.1393,-36.2983,103</coordinates></Point>
    </Placemark>
    <Placemark>
      <name>SERPENTINE LODDON VALLEY H'WAY</name>
      <styleUrl>#closed</styleUrl>
      <Point><coordinates>143.9752,-36.4093,110</coordinates></Point>
    </Placemark>
    <Placemark>
      <name>KOTUPNA</name>
      <styleUrl>#closed</styleUrl>
      <Point><coordinates>145.1,-36.1333,104</coordinates></Point>
    </Placemark>
    <Placemark>
      <name>NUMURKAH</name>
      <styleUrl>#active</styleUrl>
      <Point><coordinates>145.4531,-36.0921,105</coordinates></Point>
    </Placemark>
    <Placemark>
      <name>PYRAMID HILL</name>
      <styleUrl>#closed</styleUrl>
      <Point><coordinates>144.115,-36.0597,90</coordinates></Point>
    </Placemark>
    <Placemark>
      <name>DINGEE</name>
      <styleUrl>#active</styleUrl>
      <Point><coordinates>144.2298,-36.3794,110</coordinates></Point>
    </Placemark>
    <Placemark>
      <name>WYUNA STATE SCHOOL</name>
      <styleUrl>#closed</styleUrl>
      <Point><coordinates>145.05,-36.2,121.9</coordinates></Point>
    </Placemark>
    <Placemark>
      <name>MURRAY (TORRUMBARRY)</name>
      <styleUrl>#active</styleUrl>
      <Point><coordinates>144.4583,-35.9417,0</coordinates></Point>
    </Placemark>
    <Placemark>
      <name>AVOCA RIVER AT CHARLTON TOWN</name>
      <styleUrl>#active</styleUrl>
      <Point><coordinates>143.3467,-36.2686,130</coordinates></Point>
    </Placemark>
    <Placemark>
      <name>NARINGALINGALOOK</name>
      <styleUrl>#closed</styleUrl>
      <Point><coordinates>145.6167,-36.05,0</coordinates></Point>
    </Placemark>
    <Placemark>
      <name>JACKLIN</name>
      <styleUrl>#closed</styleUrl>
      <Point><coordinates>143.9833,-36.2667,0</coordinates></Point>
    </Placemark>
    <Placemark>
      <name>COBRAM (GOULBURN MURRAY)</name>
      <styleUrl>#active</styleUrl>
      <Point><coordinates>145.6446,-35.9119,113</coordinates></Point>
    </Placemark>
    <Placemark>
      <name>KERANG GMW</name>
      <styleUrl>#closed</styleUrl>
      <Point><coordinates>143.9295,-35.7357,77</coordinates></Point>
    </Placemark>
    <Placemark>
      <name>KOONDROOK IRRIGATION TRUST</name>
      <styleUrl>#closed</styleUrl>
      <Point><coordinates>144.1333,-35.6333,76.2</coordinates></Point>
    </Placemark>
    <Placemark>
      <name>LEITCHVILLE</name>
      <styleUrl>#closed</styleUrl>
      <Point><coordinates>144.3167,-35.9,84</coordinates></Point>
    </Placemark>
    <Placemark>
      <name>MOUNT SCOBIE</name>
      <styleUrl>#closed</styleUrl>
      <Point><coordinates>144.9667,-36.35,0</coordinates></Point>
    </Placemark>
    <Placemark>
      <name>WUNGHNU</name>
      <styleUrl>#closed</styleUrl>
      <Point><coordinates>145.4833,-36.15,0</coordinates></Point>
    </Placemark>
    <Placemark>
      <name>KOW SWAMP</name>
      <styleUrl>#closed</styleUrl>
      <Point><coordinates>144.3,-35.9333,0</coordinates></Point>
    </Placemark>
    <Placemark>
      <name>MOLOGA WEST</name>
      <styleUrl>#closed</styleUrl>
      <Point><coordinates>144.05,-36.1333,0</coordinates></Point>
    </Placemark>
    <Placemark>
      <name>YALLOOK</name>
      <styleUrl>#closed</styleUrl>
      <Point><coordinates>144.1667,-36.4333,0</coordinates></Point>
    </Placemark>
    <Placemark>
      <name>BARRAKEE SOUTH</name>
      <styleUrl>#closed</styleUrl>
      <Point><coordinates>143.45,-36.45,0</coordinates></Point>
    </Placemark>
    <Placemark>
      <name>YEUNGROON EAST</name>
      <styleUrl>#closed</styleUrl>
      <Point><coordinates>143.4167,-36.3833,0</coordinates></Point>
    </Placemark>
    <Placemark>
      <name>KOROOP</name>
      <styleUrl>#closed</styleUrl>
      <Point><coordinates>144.1333,-35.75,0</coordinates></Point>
    </Placemark>
    <Placemark>
      <name>MACORNA (ROSEVALE)</name>
      <styleUrl>#closed</styleUrl>
      <Point><coordinates>144.0333,-35.8833,0</coordinates></Point>
    </Placemark>
    <Placemark>
      <name>BORUNG</name>
      <styleUrl>#closed</styleUrl>
      <Point><coordinates>143.75,-36.3333,0</coordinates></Point>
    </Placemark>
    <Placemark>
      <name>BUCKRABANYULE</name>
      <styleUrl>#closed</styleUrl>
      <Point><coordinates>143.5167,-36.2667,0</coordinates></Point>
    </Placemark>
    <Placemark>
      <name>BOORT EAST</name>
      <styleUrl>#closed</styleUrl>
      <Point><coordinates>143.85,-36.1167,0</coordinates></Point>
    </Placemark>
    <Placemark>
      <name>ULUPNA</name>
      <styleUrl>#active</styleUrl>
      <Point><coordinates>145.3879,-35.8876,105</coordinates></Point>
    </Placemark>
    <Placemark>
      <name>KERANG MODEL FARM</name>
      <styleUrl>#active</styleUrl>
      <Point><coordinates>143.9111,-35.7176,75</coordinates></Point>
    </Placemark>
    <Placemark>
      <name>WHARPARILLA</name>
      <styleUrl>#closed</styleUrl>
      <Point><coordinates>144.6282,-36.1149,98</coordinates></Point>
    </Placemark>
    <Placemark>
      <name>CHARLTON</name>
      <styleUrl>#active</styleUrl>
      <Point><coordinates>143.3341,-36.2846,131.7</coordinates></Point>
    </Placemark>
    <Placemark>
      <name>STRATHMERTON</name>
      <styleUrl>#closed</styleUrl>
      <Point><coordinates>145.4935,-35.9009,109</coordinates></Point>
    </Placemark>
    <Placemark>
      <name>WEST PRAIRIE</name>
      <styleUrl>#active</styleUrl>
      <Point><coordinates>144.1718,-36.2705,104</coordinates></Point>
    </Placemark>
    <Placemark>
      <name>ST ARNAUD (COONOOER BRIDGE (YAWONG))</name>
      <styleUrl>#active</styleUrl>
      <Point><coordinates>143.3061,-36.4442,154</coordinates></Point>
    </Placemark>
    <Placemark>
      <name>KERANG AIRPORT</name>
      <styleUrl>#active</styleUrl>
      <Point><coordinates>143.94,-35.7499,77.2</coordinates></Point>
    </Placemark>
    <Placemark>
      <name>AVOCA (POST OFFICE)</name>
      <styleUrl>#active</styleUrl>
      <Point><coordinates>143.4747,-37.0887,242</coordinates></Point>
    </Placemark>
    <Placemark>
      <name>LONGLEA</name>
      <styleUrl>#closed</styleUrl>
      <Point><coordinates>144.4,-36.8,0</coordinates></Point>
    </Placemark>
    <Placemark>
      <name>BEALIBA</name>
      <styleUrl>#closed</styleUrl>
      <Point><coordinates>143.5437,-36.7892,215</coordinates></Point>
    </Placemark>
    <Placemark>
      <name>BENDIGO PRISON</name>
      <styleUrl>#closed</styleUrl>
      <Point><coordinates>144.2825,-36.7533,225.3</coordinates></Point>
    </Placemark>
    <Placemark>
      <name>LAKE ROWAN (BUNGEET)</name>
      <styleUrl>#closed</styleUrl>
      <Point><coordinates>146.05,-36.2667,229</coordinates></Point>
    </Placemark>
    <Placemark>
      <name>BRIDGEWATER (MEMSIE)</name>
      <styleUrl>#closed</styleUrl>
      <Point><coordinates>143.9333,-36.65,59</coordinates></Point>
    </Placemark>
    <Placemark>
      <name>BURKES FLAT</name>
      <styleUrl>#active</styleUrl>
      <Point><coordinates>143.5522,-36.6722,198</coordinates></Point>
    </Placemark>
    <Placemark>
      <name>CANIAMBO</name>
      <styleUrl>#active</styleUrl>
      <Point><coordinates>145.6569,-36.4565,130</coordinates></Point>
    </Placemark>
    <Placemark>
      <name>COLBINABBIN</name>
      <styleUrl>#active</styleUrl>
      <Point><coordinates>144.7751,-36.5421,144</coordinates></Point>
    </Placemark>
    <Placemark>
      <name>COOMA</name>
      <styleUrl>#closed</styleUrl>
      <Point><coordinates>145.1,-36.4,108.5</coordinates></Point>
    </Placemark>
    <Placemark>
      <name>COROP</name>
      <styleUrl>#closed</styleUrl>
      <Point><coordinates>144.8,-36.45,0</coordinates></Point>
    </Placemark>
    <Placemark>
      <name>DEVENISH POST OFFICE</name>
      <styleUrl>#closed</styleUrl>
      <Point><coordinates>145.9,-36.3,0</coordinates></Point>
    </Placemark>
    <Placemark>
      <name>DEVENISH</name>
      <styleUrl>#closed</styleUrl>
      <Point><coordinates>145.9,-36.3,143.9</coordinates></Point>
    </Placemark>
    <Placemark>
      <name>DOOKIE AGRICULTURAL COLLEGE</name>
      <styleUrl>#active</styleUrl>
      <Point><coordinates>145.7048,-36.3717,185</coordinates></Point>
    </Placemark>
    <Placemark>
      <name>DRUMMARTIN</name>
      <styleUrl>#closed</styleUrl>
      <Point><coordinates>144.45,-36.45,115</coordinates></Point>
    </Placemark>
    <Placemark>
      <name>EAGLEHAWK</name>
      <styleUrl>#closed</styleUrl>
      <Point><coordinates>144.2333,-36.7333,0</coordinates></Point>
    </Placemark>
    <Placemark>
      <name>ELMORE</name>
      <styleUrl>#active</styleUrl>
      <Point><coordinates>144.6083,-36.4956,130</coordinates></Point>
    </Placemark>
    <Placemark>
      <name>GOORAMBAT</name>
      <styleUrl>#active</styleUrl>
      <Point><coordinates>145.9225,-36.415,160</coordinates></Point>
    </Placemark>
    <Placemark>
      <name>GOORNONG</name>
      <styleUrl>#closed</styleUrl>
      <Point><coordinates>144.5,-36.6,213</coordinates></Point>
    </Placemark>
    <Placemark>
      <name>NAGAMBIE (GOULBURN WEIR)</name>
      <styleUrl>#active</styleUrl>
      <Point><coordinates>145.1722,-36.7186,122</coordinates></Point>
    </Placemark>
    <Placemark>
      <name>INGLEWOOD (POST OFFICE)</name>
      <styleUrl>#active</styleUrl>
      <Point><coordinates>143.8695,-36.5753,146</coordinates></Point>
    </Placemark>
    <Placemark>
      <name>INVERGORDON</name>
      <styleUrl>#closed</styleUrl>
      <Point><coordinates>145.6,-36.15,0</coordinates></Point>
    </Placemark>
    <Placemark>
      <name>KATANDRA NORTH</name>
      <styleUrl>#closed</styleUrl>
      <Point><coordinates>145.6,-36.25,0</coordinates></Point>
    </Placemark>
    <Placemark>
      <name>KATANDRA WEST</name>
      <styleUrl>#closed</styleUrl>
      <Point><coordinates>145.55,-36.2167,114.3</coordinates></Point>
    </Placemark>
    <Placemark>
      <name>KIALLA EAST</name>
      <styleUrl>#closed</styleUrl>
      <Point><coordinates>145.5,-36.5,0</coordinates></Point>
    </Placemark>
    <Placemark>
      <name>KNOWSLEY POST OFFICE</name>
      <styleUrl>#closed</styleUrl>
      <Point><coordinates>144.5833,-36.8333,199</coordinates></Point>
    </Placemark>
    <Placemark>
      <name>LAANECOORIE WEIR</name>
      <styleUrl>#closed</styleUrl>
      <Point><coordinates>143.8917,-36.8339,170</coordinates></Point>
    </Placemark>
    <Placemark>
      <name>LAKE ROWAN</name>
      <styleUrl>#closed</styleUrl>
      <Point><coordinates>146,-36.3,0</coordinates></Point>
    </Placemark>
    <Placemark>
      <name>LEICHARDT</name>
      <styleUrl>#closed</styleUrl>
      <Point><coordinates>144.1,-36.7,174</coordinates></Point>
    </Placemark>
    <Placemark>
      <name>BOXWOOD</name>
      <styleUrl>#closed</styleUrl>
      <Point><coordinates>145.8,-36.3,140</coordinates></Point>
    </Placemark>
    <Placemark>
      <name>MARONG</name>
      <styleUrl>#closed</styleUrl>
      <Point><coordinates>144.1,-36.7,0</coordinates></Point>
    </Placemark>
    <Placemark>
      <name>MERRIGUM</name>
      <styleUrl>#closed</styleUrl>
      <Point><coordinates>145.1333,-36.3667,0</coordinates></Point>
    </Placemark>
    <Placemark>
      <name>MIEPOLL SOUTH</name>
      <styleUrl>#closed</styleUrl>
      <Point><coordinates>145.5103,-36.6837,152</coordinates></Point>
    </Placemark>
    <Placemark>
      <name>MOLKA (LOWANA)</name>
      <styleUrl>#active</styleUrl>
      <Point><coordinates>145.4197,-36.6436,138</coordinates></Point>
    </Placemark>
    <Placemark>
      <name>MOOROOPNA</name>
      <styleUrl>#active</styleUrl>
      <Point><coordinates>145.3448,-36.3989,108</coordinates></Point>
    </Placemark>
    <Placemark>
      <name>MURCHISON</name>
      <styleUrl>#active</styleUrl>
      <Point><coordinates>145.2143,-36.6146,115</coordinates></Point>
    </Placemark>
    <Placemark>
      <name>MURCHISON (EAST NOORILIM)</name>
      <styleUrl>#closed</styleUrl>
      <Point><coordinates>145.2,-36.65,0</coordinates></Point>
    </Placemark>
    <Placemark>
      <name>NAGAMBIE CBA</name>
      <styleUrl>#closed</styleUrl>
      <Point><coordinates>145.1667,-36.7833,131</coordinates></Point>
    </Placemark>
    <Placemark>
      <name>NATTE YALLOCK</name>
      <styleUrl>#active</styleUrl>
      <Point><coordinates>143.4688,-36.9406,209</coordinates></Point>
    </Placemark>
    <Placemark>
      <name>PEECHELBA</name>
      <styleUrl>#closed</styleUrl>
      <Point><coordinates>146.2,-36.2,0</coordinates></Point>
    </Placemark>
    <Placemark>
      <name>RAYWOOD</name>
      <styleUrl>#active</styleUrl>
      <Point><coordinates>144.208,-36.534,130</coordinates></Point>
    </Placemark>
    <Placemark>
      <name>RUNNYMEDE</name>
      <styleUrl>#closed</styleUrl>
      <Point><coordinates>144.6,-36.5,0</coordinates></Point>
    </Placemark>
    <Placemark>
      <name>RUSHWORTH</name>
      <styleUrl>#closed</styleUrl>
      <Point><coordinates>145.0162,-36.5915,170</coordinates></Point>
    </Placemark>
    <Placemark>
      <name>GOULBURN RIVER @ SHEPPARTON</name>
      <styleUrl>#active</styleUrl>
      <Point><coordinates>145.3935,-36.3798,110</coordinates></Point>
    </Placemark>
    <Placemark>
      <name>SHEPPARTON EAST</name>
      <styleUrl>#closed</styleUrl>
      <Point><coordinates>145.5,-36.4,0</coordinates></Point>
    </Placemark>
    <Placemark>
      <name>STANHOPE</name>
      <styleUrl>#active</styleUrl>
      <Point><coordinates>144.984,-36.4436,108</coordinates></Point>
    </Placemark>
    <Placemark>
      <name>TARNAGULLA</name>
      <styleUrl>#active</styleUrl>
      <Point><coordinates>143.8288,-36.7689,209</coordinates></Point>
    </Placemark>
    <Placemark>
      <name>TATURA POST OFFICE</name>
      <styleUrl>#closed</styleUrl>
      <Point><coordinates>145.23,-36.4431,101.3</coordinates></Point>
    </Placemark>
    <Placemark>
      <name>TATURA INST SUSTAINABLE AG</name>
      <styleUrl>#active</styleUrl>
      <Point><coordinates>145.2673,-36.4379,114</coordinates></Point>
    </Placemark>
    <Placemark>
      <name>TOOLLEEN (RYAN)</name>
      <styleUrl>#closed</styleUrl>
      <Point><coordinates>144.7,-36.7167,185.9</coordinates></Point>
    </Placemark>
    <Placemark>
      <name>TUNGAMAH</name>
      <styleUrl>#closed</styleUrl>
      <Point><coordinates>145.8838,-36.1634,122</coordinates></Point>
    </Placemark>
    <Placemark>
      <name>WANALTA</name>
      <styleUrl>#closed</styleUrl>
      <Point><coordinates>144.9,-36.6,110</coordinates></Point>
    </Placemark>
    <Placemark>
      <name>WARANGA SHORES (WARANGA RESERVOIR)</name>
      <styleUrl>#active</styleUrl>
      <Point><coordinates>145.0904,-36.5107,121</coordinates></Point>
    </Placemark>
    <Placemark>
      <name>WHROO</name>
      <styleUrl>#closed</styleUrl>
      <Point><coordinates>145.1,-36.6,146.3</coordinates></Point>
    </Placemark>
    <Placemark>
      <name>WILBY</name>
      <styleUrl>#closed</styleUrl>
      <Point><coordinates>146.0125,-36.1569,140.2</coordinates></Point>
    </Placemark>
    <Placemark>
      <name>YABBA NORTH</name>
      <styleUrl>#closed</styleUrl>
      <Point><coordinates>145.7,-36.2,0</coordinates></Point>
    </Placemark>
    <Placemark>
      <name>YARRAWONGA POST OFFICE</name>
      <styleUrl>#closed</styleUrl>
      <Point><coordinates>146.0044,-36.0281,128</coordinates></Point>
    </Placemark>
    <Placemark>
      <name>BRIDGEWATER (POST OFFICE)</name>
      <styleUrl>#active</styleUrl>
      <Point><coordinates>143.9412,-36.6008,137</coordinates></Point>
    </Placemark>
    <Placemark>
      <name>MOOROOPNA NORTH WEST</name>
      <styleUrl>#closed</styleUrl>
      <Point><coordinates>145.2667,-36.4,0</coordinates></Point>
    </Placemark>
    <Placemark>
      <name>SEDGWICK</name>
      <styleUrl>#closed</styleUrl>
      <Point><coordinates>144.3167,-36.9,392.3</coordinates></Point>
    </Placemark>
    <Placemark>
      <name>AXEDALE</name>
      <styleUrl>#closed</styleUrl>
      <Point><coordinates>144.5,-36.8,137.2</coordinates></Point>
    </Placemark>
    <Placemark>
      <name>AKOONA</name>
      <styleUrl>#closed</styleUrl>
      <Point><coordinates>145.3,-36.5,0</coordinates></Point>
    </Placemark>
    <Placemark>
      <name>AVOCA</name>
      <styleUrl>#active</styleUrl>
      <Point><coordinates>143.4833,-37.0833,213.4</coordinates></Point>
    </Placemark>
    <Placemark>
      <name>BOWEYA NORTH</name>
      <styleUrl>#closed</styleUrl>
      <Point><coordinates>146.0833,-36.2,0</coordinates></Point>
    </Placemark>
    <Placemark>
      <name>BURRAMINE</name>
      <styleUrl>#closed</styleUrl>
      <Point><coordinates>145.9,-36,0</coordinates></Point>
    </Placemark>
    <Placemark>
      <name>CARAG CARAG</name>
      <styleUrl>#closed</styleUrl>
      <Point><coordinates>144.9,-36.45,0</coordinates></Point>
    </Placemark>
    <Placemark>
      <name>CASTLE BEND (AKOONAH)</name>
      <styleUrl>#closed</styleUrl>
      <Point><coordinates>145.3,-36.5,0</coordinates></Point>
    </Placemark>
    <Placemark>
      <name>FOSTERVILLE</name>
      <styleUrl>#closed</styleUrl>
      <Point><coordinates>144.4,-36.7,0</coordinates></Point>
    </Placemark>
    <Placemark>
      <name>KURRACA</name>
      <styleUrl>#closed</styleUrl>
      <Point><coordinates>143.55,-36.5,0</coordinates></Point>
    </Placemark>
    <Placemark>
      <name>LAANECOORIE MECHANICS INST</name>
      <styleUrl>#closed</styleUrl>
      <Point><coordinates>143.9,-36.75,0</coordinates></Point>
    </Placemark>
    <Placemark>
      <name>RAVENSWOOD</name>
      <styleUrl>#closed</styleUrl>
      <Point><coordinates>144.2,-36.9,0</coordinates></Point>
    </Placemark>
    <Placemark>
      <name>REDCASTLE</name>
      <styleUrl>#closed</styleUrl>
      <Point><coordinates>144.8,-36.8,0</coordinates></Point>
    </Placemark>
    <Placemark>
      <name>RHEOLA</name>
      <styleUrl>#closed</styleUrl>
      <Point><coordinates>143.7,-36.65,0</coordinates></Point>
    </Placemark>
    <Placemark>
      <name>SHELBOURNE STATE SCHOOL</name>
      <styleUrl>#closed</styleUrl>
      <Point><coordinates>144,-36.9,0</coordinates></Point>
    </Placemark>
    <Placemark>
      <name>SEDGWICK (MARYVALE)</name>
      <styleUrl>#closed</styleUrl>
      <Point><coordinates>144.3167,-36.9167,0</coordinates></Point>
    </Placemark>
    <Placemark>
      <name>TALLYGAROOPNA HOMESTEAD</name>
      <styleUrl>#closed</styleUrl>
      <Point><coordinates>145.3833,-36.25,110.6</coordinates></Point>
    </Placemark>
    <Placemark>
      <name>TOOLAMBA</name>
      <styleUrl>#closed</styleUrl>
      <Point><coordinates>145.3,-36.5,0</coordinates></Point>
    </Placemark>
    <Placemark>
      <name>WOODSTOCK WEST</name>
      <styleUrl>#closed</styleUrl>
      <Point><coordinates>144,-36.8,0</coordinates></Point>
    </Placemark>
    <Placemark>
      <name>YOUANMITE</name>
      <styleUrl>#closed</styleUrl>
      <Point><coordinates>145.7,-36.15,0</coordinates></Point>
    </Placemark>
    <Placemark>
      <name>YUNDOOL</name>
      <styleUrl>#closed</styleUrl>
      <Point><coordinates>145.85,-36.3,0</coordinates></Point>
    </Placemark>
    <Placemark>
      <name>BUNG BONG</name>
      <styleUrl>#closed</styleUrl>
      <Point><coordinates>143.6,-37.1,0</coordinates></Point>
    </Placemark>
    <Placemark>
      <name>ARCADIA (NOORILIM PARK)</name>
      <styleUrl>#closed</styleUrl>
      <Point><coordinates>145.3,-36.55,0</coordinates></Point>
    </Placemark>
    <Placemark>
      <name>EPPALOCK RESERVOIR</name>
      <styleUrl>#active</styleUrl>
      <Point><coordinates>144.5267,-36.8464,201</coordinates></Point>
    </Placemark>
    <Placemark>
      <name>LEMNOS (CAMPBELLS SOUP)</name>
      <styleUrl>#closed</styleUrl>
      <Point><coordinates>145.4594,-36.3608,113.4</coordinates></Point>
    </Placemark>
    <Placemark>
      <name>DUNOLLY</name>
      <styleUrl>#active</styleUrl>
      <Point><coordinates>143.7295,-36.8593,210</coordinates></Point>
    </Placemark>
    <Placemark>
      <name>SEDGWICK</name>
      <styleUrl>#closed</styleUrl>
      <Point><coordinates>144.3221,-36.8639,243.8</coordinates></Point>
    </Placemark>
    <Placemark>
      <name>BUNGEET (HIGHLANDS)</name>
      <styleUrl>#active</styleUrl>
      <Point><coordinates>146.0433,-36.2567,274</coordinates></Point>
    </Placemark>
    <Placemark>
      <name>BIG HILL RESERVOIR</name>
      <styleUrl>#closed</styleUrl>
      <Point><coordinates>144.2333,-36.8333,0</coordinates></Point>
    </Placemark>
    <Placemark>
      <name>CAMPBELLS FOREST (YARRABERB)</name>
      <styleUrl>#closed</styleUrl>
      <Point><coordinates>144.0739,-36.5692,143</coordinates></Point>
    </Placemark>
    <Placemark>
      <name>MOLIAGUL</name>
      <styleUrl>#active</styleUrl>
      <Point><coordinates>143.6788,-36.7446,256</coordinates></Point>
    </Placemark>
    <Placemark>
      <name>GLENALBYN (BRENANAH)</name>
      <styleUrl>#active</styleUrl>
      <Point><coordinates>143.6958,-36.5486,213</coordinates></Point>
    </Placemark>
    <Placemark>
      <name>EASTVILLE (BONNIE BANKS)</name>
      <styleUrl>#closed</styleUrl>
      <Point><coordinates>143.9784,-36.8645,183</coordinates></Point>
    </Placemark>
    <Placemark>
      <name>MALDON (ROCKLYN)</name>
      <styleUrl>#closed</styleUrl>
      <Point><coordinates>144.0833,-36.9,268</coordinates></Point>
    </Placemark>
    <Placemark>
      <name>COROP  (VIEW FIELD)</name>
      <styleUrl>#closed</styleUrl>
      <Point><coordinates>144.7611,-36.4475,137</coordinates></Point>
    </Placemark>
    <Placemark>
      <name>MURCHISON (ARCADIA (SUNNYVILLE))</name>
      <styleUrl>#closed</styleUrl>
      <Point><coordinates>145.3118,-36.5901,119</coordinates></Point>
    </Placemark>
    <Placemark>
      <name>MURRAY RIVER (YARRAWONGA WEIR)</name>
      <styleUrl>#active</styleUrl>
      <Point><coordinates>146.01,-36.0083,130</coordinates></Point>
    </Placemark>
    <Placemark>
      <name>HEATHCOTE (DARGILE)</name>
      <styleUrl>#closed</styleUrl>
      <Point><coordinates>144.7333,-36.8167,228.6</coordinates></Point>
    </Placemark>
    <Placemark>
      <name>EAGLEHAWK BOROUGH OFFICE</name>
      <styleUrl>#closed</styleUrl>
      <Point><coordinates>144.25,-36.7167,222.5</coordinates></Point>
    </Placemark>
    <Placemark>
      <name>KATUNGA</name>
      <styleUrl>#closed</styleUrl>
      <Point><coordinates>145.75,-36,0</coordinates></Point>
    </Placemark>
    <Placemark>
      <name>WOODSTOCK-ON-LODDON (ALEXANDRA PARK)</name>
      <styleUrl>#active</styleUrl>
      <Point><coordinates>143.9866,-36.7682,165</coordinates></Point>
    </Placemark>
    <Placemark>
      <name>THOONA</name>
      <styleUrl>#closed</styleUrl>
      <Point><coordinates>146.0667,-36.35,0</coordinates></Point>
    </Placemark>
    <Placemark>
      <name>WAHRING (NOORILIM)</name>
      <styleUrl>#closed</styleUrl>
      <Point><coordinates>145.2333,-36.6667,0</coordinates></Point>
    </Placemark>
    <Placemark>
      <name>NOORILIM MEADOWS</name>
      <styleUrl>#closed</styleUrl>
      <Point><coordinates>145.4,-36.5333,0</coordinates></Point>
    </Placemark>
    <Placemark>
      <name>YOUARANG</name>
      <styleUrl>#closed</styleUrl>
      <Point><coordinates>145.8,-36.1667,0</coordinates></Point>
    </Placemark>
    <Placemark>
      <name>TELFORD</name>
      <styleUrl>#closed</styleUrl>
      <Point><coordinates>145.9333,-36.1,0</coordinates></Point>
    </Placemark>
    <Placemark>
      <name>GIRGARRE (WOODTHORPE)</name>
      <styleUrl>#closed</styleUrl>
      <Point><coordinates>145.1333,-36.4333,0</coordinates></Point>
    </Placemark>
    <Placemark>
      <name>HARSTON (COORAMINTA)</name>
      <styleUrl>#closed</styleUrl>
      <Point><coordinates>145.1667,-36.4833,0</coordinates></Point>
    </Placemark>
    <Placemark>
      <name>COSGROVE (KOIMBURRA)</name>
      <styleUrl>#closed</styleUrl>
      <Point><coordinates>145.7167,-36.3667,0</coordinates></Point>
    </Placemark>
    <Placemark>
      <name>WANALTA (MCEVOY)</name>
      <styleUrl>#closed</styleUrl>
      <Point><coordinates>144.8167,-36.6667,115</coordinates></Point>
    </Placemark>
    <Placemark>
      <name>WANALTA RECORDER THREE</name>
      <styleUrl>#closed</styleUrl>
      <Point><coordinates>144.935,-36.6817,183</coordinates></Point>
    </Placemark>
    <Placemark>
      <name>WANALTA RECORDER TWO</name>
      <styleUrl>#closed</styleUrl>
      <Point><coordinates>144.8433,-36.7267,168</coordinates></Point>
    </Placemark>
    <Placemark>
      <name>MOUNT CAMEL</name>
      <styleUrl>#closed</styleUrl>
      <Point><coordinates>144.75,-36.7667,210</coordinates></Point>
    </Placemark>
    <Placemark>
      <name>WANALTA RAGLIS PROPERTY</name>
      <styleUrl>#closed</styleUrl>
      <Point><coordinates>144.8833,-36.6667,114</coordinates></Point>
    </Placemark>
    <Placemark>
      <name>TATURA (THIESS SERVICES)</name>
      <styleUrl>#active</styleUrl>
      <Point><coordinates>145.2278,-36.4344,114</coordinates></Point>
    </Placemark>
    <Placemark>
      <name>WANALTA DAEN STATION</name>
      <styleUrl>#active</styleUrl>
      <Point><coordinates>144.8727,-36.6284,115</coordinates></Point>
    </Placemark>
    <Placemark>
      <name>CHESNEY VALE (LAKE MOKOAN NO 1)</name>
      <styleUrl>#closed</styleUrl>
      <Point><coordinates>146.0239,-36.4556,168</coordinates></Point>
    </Placemark>
    <Placemark>
      <name>LAKE MOKOAN 2</name>
      <styleUrl>#closed</styleUrl>
      <Point><coordinates>146.1367,-36.4717,170</coordinates></Point>
    </Placemark>
    <Placemark>
      <name>KNOWSLEY</name>
      <styleUrl>#active</styleUrl>
      <Point><coordinates>144.6203,-36.8093,213</coordinates></Point>
    </Placemark>
    <Placemark>
      <name>BUNDALONG SOUTH</name>
      <styleUrl>#closed</styleUrl>
      <Point><coordinates>146.22,-36.0967,130</coordinates></Point>
    </Placemark>
    <Placemark>
      <name>RUSHWORTH (RAGLUS)</name>
      <styleUrl>#active</styleUrl>
      <Point><coordinates>145.0122,-36.5832,160</coordinates></Point>
    </Placemark>
    <Placemark>
      <name>SANDHURST RESERVOIR</name>
      <styleUrl>#closed</styleUrl>
      <Point><coordinates>144.2415,-36.8449,344</coordinates></Point>
    </Placemark>
    <Placemark>
      <name>AVOCA  (HOMEBUSH)</name>
      <styleUrl>#active</styleUrl>
      <Point><coordinates>143.4812,-37.0382,235</coordinates></Point>
    </Placemark>
    <Placemark>
      <name>BENDIGO AIRPORT</name>
      <styleUrl>#active</styleUrl>
      <Point><coordinates>144.3274,-36.7411,209.2</coordinates></Point>
    </Placemark>
    <Placemark>
      <name>YARRAWONGA</name>
      <styleUrl>#active</styleUrl>
      <Point><coordinates>146.0305,-36.0294,128.9</coordinates></Point>
    </Placemark>
    <Placemark>
      <name>SHEPPARTON AIRPORT</name>
      <styleUrl>#active</styleUrl>
      <Point><coordinates>145.3949,-36.4288,113.9</coordinates></Point>
    </Placemark>
    <Placemark>
      <name>LONG GULLY</name>
      <styleUrl>#closed</styleUrl>
      <Point><coordinates>144.255,-36.7383,0</coordinates></Point>
    </Placemark>
    <Placemark>
      <name>AVOCA RIVER AT ARCHDALE JUNCTION</name>
      <styleUrl>#active</styleUrl>
      <Point><coordinates>143.5022,-36.8867,0</coordinates></Point>
    </Placemark>
    <Placemark>
      <name>TARNAGULLA (LLANELLY)</name>
      <styleUrl>#closed</styleUrl>
      <Point><coordinates>143.8254,-36.7448,187</coordinates></Point>
    </Placemark>
    <Placemark>
      <name>BARNAWARTHA</name>
      <styleUrl>#closed</styleUrl>
      <Point><coordinates>146.6841,-36.1135,182</coordinates></Point>
    </Placemark>
    <Placemark>
      <name>BEECHWORTH COMPOSITE</name>
      <styleUrl>#active</styleUrl>
      <Point><coordinates>146.7132,-36.3702,580</coordinates></Point>
    </Placemark>
    <Placemark>
      <name>BENALLA (SHADFORTH STREET)</name>
      <styleUrl>#closed</styleUrl>
      <Point><coordinates>145.9703,-36.5483,169.5</coordinates></Point>
    </Placemark>
    <Placemark>
      <name>BENALLA ILFORD</name>
      <styleUrl>#closed</styleUrl>
      <Point><coordinates>146,-36.65,0</coordinates></Point>
    </Placemark>
    <Placemark>
      <name>BENALLA SHARON</name>
      <styleUrl>#closed</styleUrl>
      <Point><coordinates>145.9667,-36.6667,192</coordinates></Point>
    </Placemark>
    <Placemark>
      <name>BETHANGA LOWER</name>
      <styleUrl>#closed</styleUrl>
      <Point><coordinates>147.1,-36.1,0</coordinates></Point>
    </Placemark>
    <Placemark>
      <name>BOORHAMAN</name>
      <styleUrl>#closed</styleUrl>
      <Point><coordinates>146.2831,-36.2222,142</coordinates></Point>
    </Placemark>
    <Placemark>
      <name>BURROWYE</name>
      <styleUrl>#closed</styleUrl>
      <Point><coordinates>147.55,-36,204.2</coordinates></Point>
    </Placemark>
    <Placemark>
      <name>CALLAGHAN CREEK STATION</name>
      <styleUrl>#closed</styleUrl>
      <Point><coordinates>147.4318,-36.4552,395</coordinates></Point>
    </Placemark>
    <Placemark>
      <name>CARBOOR</name>
      <styleUrl>#active</styleUrl>
      <Point><coordinates>146.5371,-36.6085,238</coordinates></Point>
    </Placemark>
    <Placemark>
      <name>CHILTERN (POST OFFICE)</name>
      <styleUrl>#active</styleUrl>
      <Point><coordinates>146.6106,-36.1491,209</coordinates></Point>
    </Placemark>
    <Placemark>
      <name>CORRYONG (PARISH LANE)</name>
      <styleUrl>#closed</styleUrl>
      <Point><coordinates>147.8956,-36.2003,313.5</coordinates></Point>
    </Placemark>
    <Placemark>
      <name>CRAVENSVILLE</name>
      <styleUrl>#closed</styleUrl>
      <Point><coordinates>147.6,-36.4,0</coordinates></Point>
    </Placemark>
    <Placemark>
      <name>CUDGEWA STATE SCHOOL</name>
      <styleUrl>#closed</styleUrl>
      <Point><coordinates>147.8,-36.2,0</coordinates></Point>
    </Placemark>
    <Placemark>
      <name>CUDGEWA NORTH</name>
      <styleUrl>#closed</styleUrl>
      <Point><coordinates>147.9,-36.2,152.4</coordinates></Point>
    </Placemark>
    <Placemark>
      <name>ELDORADO</name>
      <styleUrl>#active</styleUrl>
      <Point><coordinates>146.5224,-36.3093,197</coordinates></Point>
    </Placemark>
    <Placemark>
      <name>EUROA</name>
      <styleUrl>#closed</styleUrl>
      <Point><coordinates>145.566,-36.7569,178</coordinates></Point>
    </Placemark>
    <Placemark>
      <name>EVERTON</name>
      <styleUrl>#closed</styleUrl>
      <Point><coordinates>146.55,-36.4,0</coordinates></Point>
    </Placemark>
    <Placemark>
      <name>UPLANDS (GIBBO RIVER PARK)</name>
      <styleUrl>#active</styleUrl>
      <Point><coordinates>147.6952,-36.7692,610</coordinates></Point>
    </Placemark>
    <Placemark>
      <name>GOORAM GONG</name>
      <styleUrl>#closed</styleUrl>
      <Point><coordinates>145.6,-36.9,61</coordinates></Point>
    </Placemark>
    <Placemark>
      <name>HANSONVILLE</name>
      <styleUrl>#closed</styleUrl>
      <Point><coordinates>146.3,-36.6,0</coordinates></Point>
    </Placemark>
    <Placemark>
      <name>INDIGO</name>
      <styleUrl>#active</styleUrl>
      <Point><coordinates>146.6008,-36.0964,200</coordinates></Point>
    </Placemark>
    <Placemark>
      <name>KERGUNYAH SOUTH</name>
      <styleUrl>#closed</styleUrl>
      <Point><coordinates>147.0431,-36.4462,223</coordinates></Point>
    </Placemark>
    <Placemark>
      <name>KING VALLEY</name>
      <styleUrl>#closed</styleUrl>
      <Point><coordinates>146.4,-36.7,0</coordinates></Point>
    </Placemark>
    <Placemark>
      <name>KOETONG</name>
      <styleUrl>#active</styleUrl>
      <Point><coordinates>147.4938,-36.1523,595</coordinates></Point>
    </Placemark>
    <Placemark>
      <name>LIMA EAST</name>
      <styleUrl>#closed</styleUrl>
      <Point><coordinates>145.95,-36.8167,190.5</coordinates></Point>
    </Placemark>
    <Placemark>
      <name>LUCYVALE</name>
      <styleUrl>#closed</styleUrl>
      <Point><coordinates>147.6167,-36.2833,0</coordinates></Point>
    </Placemark>
    <Placemark>
      <name>MEADOW CREEK</name>
      <styleUrl>#closed</styleUrl>
      <Point><coordinates>146.4,-36.6,0</coordinates></Point>
    </Placemark>
    <Placemark>
      <name>MIDDLE CREEK (LENEVA)</name>
      <styleUrl>#closed</styleUrl>
      <Point><coordinates>146.9,-36.2,0</coordinates></Point>
    </Placemark>
    <Placemark>
      <name>MILAWA BROWN BROS</name>
      <styleUrl>#active</styleUrl>
      <Point><coordinates>146.4299,-36.456,158</coordinates></Point>
    </Placemark>
    <Placemark>
      <name>MITTA MITTA</name>
      <styleUrl>#closed</styleUrl>
      <Point><coordinates>147.4,-36.55,356.6</coordinates></Point>
    </Placemark>
    <Placemark>
      <name>SNOWY CREEK (SNOWY CK D/S LIGHTNING CREE</name>
      <styleUrl>#active</styleUrl>
      <Point><coordinates>147.4319,-36.6625,10</coordinates></Point>
    </Placemark>
    <Placemark>
      <name>MOYHU</name>
      <styleUrl>#closed</styleUrl>
      <Point><coordinates>146.3783,-36.5758,170</coordinates></Point>
    </Placemark>
    <Placemark>
      <name>MYRRHEE (JOELYN)</name>
      <styleUrl>#active</styleUrl>
      <Point><coordinates>146.2852,-36.6975,271</coordinates></Point>
    </Placemark>
    <Placemark>
      <name>MYRTLEFORD POST OFFICE</name>
      <styleUrl>#closed</styleUrl>
      <Point><coordinates>146.7333,-36.5667,222.5</coordinates></Point>
    </Placemark>
    <Placemark>
      <name>NARIEL CREEK  (SIMPSON)</name>
      <styleUrl>#closed</styleUrl>
      <Point><coordinates>147.7968,-36.3336,430</coordinates></Point>
    </Placemark>
    <Placemark>
      <name>OSBORNES FLAT</name>
      <styleUrl>#closed</styleUrl>
      <Point><coordinates>146.9,-36.3,0</coordinates></Point>
    </Placemark>
    <Placemark>
      <name>RUFFY</name>
      <styleUrl>#closed</styleUrl>
      <Point><coordinates>145.5,-36.9667,510.5</coordinates></Point>
    </Placemark>
    <Placemark>
      <name>RUTHERGLEN POST OFFICE</name>
      <styleUrl>#closed</styleUrl>
      <Point><coordinates>146.4783,-36.055,169</coordinates></Point>
    </Placemark>
    <Placemark>
      <name>RUTHERGLEN RESEARCH</name>
      <styleUrl>#active</styleUrl>
      <Point><coordinates>146.5094,-36.1048,175</coordinates></Point>
    </Placemark>
    <Placemark>
      <name>RUTHERGLEN NETHERBY WINE</name>
      <styleUrl>#closed</styleUrl>
      <Point><coordinates>146.4,-36.05,121.9</coordinates></Point>
    </Placemark>
    <Placemark>
      <name>SPRINGHURST</name>
      <styleUrl>#active</styleUrl>
      <Point><coordinates>146.4694,-36.1859,190</coordinates></Point>
    </Placemark>
    <Placemark>
      <name>STRATHBOGIE</name>
      <styleUrl>#active</styleUrl>
      <Point><coordinates>145.7307,-36.8472,501</coordinates></Point>
    </Placemark>
    <Placemark>
      <name>STRATHBOGIE NORTH</name>
      <styleUrl>#active</styleUrl>
      <Point><coordinates>145.8225,-36.7871,557</coordinates></Point>
    </Placemark>
    <Placemark>
      <name>TALLANDOON POST OFFICE</name>
      <styleUrl>#closed</styleUrl>
      <Point><coordinates>147.2,-36.4333,0</coordinates></Point>
    </Placemark>
    <Placemark>
      <name>TALLANGATTA DCNR</name>
      <styleUrl>#active</styleUrl>
      <Point><coordinates>147.1764,-36.2161,205</coordinates></Point>
    </Placemark>
    <Placemark>
      <name>TANGAMBALANGA NE DAIRY</name>
      <styleUrl>#active</styleUrl>
      <Point><coordinates>147.0263,-36.2509,173</coordinates></Point>
    </Placemark>
    <Placemark>
      <name>TALLANGATTA (BULLIOH)</name>
      <styleUrl>#active</styleUrl>
      <Point><coordinates>147.3552,-36.1871,220</coordinates></Point>
    </Placemark>
    <Placemark>
      <name>THOWGLA UPPER</name>
      <styleUrl>#closed</styleUrl>
      <Point><coordinates>148,-36.3,0</coordinates></Point>
    </Placemark>
    <Placemark>
      <name>VIOLET TOWN</name>
      <styleUrl>#active</styleUrl>
      <Point><coordinates>145.7181,-36.6324,186</coordinates></Point>
    </Placemark>
    <Placemark>
      <name>WAHGUNYAH NURSERY</name>
      <styleUrl>#closed</styleUrl>
      <Point><coordinates>146.4,-36,0</coordinates></Point>
    </Placemark>
    <Placemark>
      <name>WAHGUNYAH</name>
      <styleUrl>#closed</styleUrl>
      <Point><coordinates>146.4,-36,138</coordinates></Point>
    </Placemark>
    <Placemark>
      <name>WALWA</name>
      <styleUrl>#closed</styleUrl>
      <Point><coordinates>147.7366,-35.9631,215</coordinates></Point>
    </Placemark>
    <Placemark>
      <name>WANGARATTA</name>
      <styleUrl>#closed</styleUrl>
      <Point><coordinates>146.3,-36.3667,150</coordinates></Point>
    </Placemark>
    <Placemark>
      <name>WARRENBAYNE (BADDAGINNIE)</name>
      <styleUrl>#closed</styleUrl>
      <Point><coordinates>145.8833,-36.65,259</coordinates></Point>
    </Placemark>
    <Placemark>
      <name>WHOROULY</name>
      <styleUrl>#closed</styleUrl>
      <Point><coordinates>146.6019,-36.5031,181</coordinates></Point>
    </Placemark>
    <Placemark>
      <name>WODONGA</name>
      <styleUrl>#active</styleUrl>
      <Point><coordinates>146.9061,-36.118,156</coordinates></Point>
    </Placemark>
    <Placemark>
      <name>WOORAGEE</name>
      <styleUrl>#active</styleUrl>
      <Point><coordinates>146.7299,-36.3025,392</coordinates></Point>
    </Placemark>
    <Placemark>
      <name>YACKANDANDAH</name>
      <styleUrl>#active</styleUrl>
      <Point><coordinates>146.8487,-36.3291,310</coordinates></Point>
    </Placemark>
    <Placemark>
      <name>STANLEY STATE FOREST</name>
      <styleUrl>#closed</styleUrl>
      <Point><coordinates>146.7667,-36.4167,0</coordinates></Point>
    </Placemark>
    <Placemark>
      <name>TOWONG UPPER</name>
      <styleUrl>#active</styleUrl>
      <Point><coordinates>148.0244,-36.1992,280</coordinates></Point>
    </Placemark>
    <Placemark>
      <name>SWANPOOL (TIREE)</name>
      <styleUrl>#active</styleUrl>
      <Point><coordinates>146.0342,-36.7025,235</coordinates></Point>
    </Placemark>
    <Placemark>
      <name>TINTALDRA</name>
      <styleUrl>#closed</styleUrl>
      <Point><coordinates>147.9389,-36.0508,250</coordinates></Point>
    </Placemark>
    <Placemark>
      <name>ESKDALE (LITTLE SNOWY CREEK)</name>
      <styleUrl>#closed</styleUrl>
      <Point><coordinates>147.2333,-36.6833,0</coordinates></Point>
    </Placemark>
    <Placemark>
      <name>BRUARONG</name>
      <styleUrl>#closed</styleUrl>
      <Point><coordinates>146.8667,-36.4167,0</coordinates></Point>
    </Placemark>
    <Placemark>
      <name>WYEEBOO</name>
      <styleUrl>#closed</styleUrl>
      <Point><coordinates>147.4,-36.2833,0</coordinates></Point>
    </Placemark>
    <Placemark>
      <name>CORRYONG FORESTRY</name>
      <styleUrl>#closed</styleUrl>
      <Point><coordinates>147.9,-36.2,256</coordinates></Point>
    </Placemark>
    <Placemark>
      <name>GIBBO RIVER AREA (PEACEFUL VALLEY)</name>
      <styleUrl>#closed</styleUrl>
      <Point><coordinates>147.7667,-36.7333,0</coordinates></Point>
    </Placemark>
    <Placemark>
      <name>MITTA MITTA</name>
      <styleUrl>#active</styleUrl>
      <Point><coordinates>147.3748,-36.5293,320</coordinates></Point>
    </Placemark>
    <Placemark>
      <name>BOBINAWARRAH</name>
      <styleUrl>#closed</styleUrl>
      <Point><coordinates>146.4583,-36.5531,202</coordinates></Point>
    </Placemark>
    <Placemark>
      <name>BALMATTUM EAST</name>
      <styleUrl>#closed</styleUrl>
      <Point><coordinates>145.6,-36.7,0</coordinates></Point>
    </Placemark>
    <Placemark>
      <name>BARNAWARTHA</name>
      <styleUrl>#closed</styleUrl>
      <Point><coordinates>146.65,-36.15,0</coordinates></Point>
    </Placemark>
    <Placemark>
      <name>BENALLA (RYANS CREEK 1)</name>
      <styleUrl>#closed</styleUrl>
      <Point><coordinates>145.95,-36.55,0</coordinates></Point>
    </Placemark>
    <Placemark>
      <name>BENALLA (RYANS CREEK 2)</name>
      <styleUrl>#closed</styleUrl>
      <Point><coordinates>145.95,-36.55,0</coordinates></Point>
    </Placemark>
    <Placemark>
      <name>BERRINGAMA</name>
      <styleUrl>#closed</styleUrl>
      <Point><coordinates>147.7,-36.25,0</coordinates></Point>
    </Placemark>
    <Placemark>
      <name>BIGGARA</name>
      <styleUrl>#closed</styleUrl>
      <Point><coordinates>148.05,-36.3,0</coordinates></Point>
    </Placemark>
    <Placemark>
      <name>DARTMOUTH RESERVOIR</name>
      <styleUrl>#active</styleUrl>
      <Point><coordinates>147.4984,-36.5352,370</coordinates></Point>
    </Placemark>
    <Placemark>
      <name>DEDERANG</name>
      <styleUrl>#closed</styleUrl>
      <Point><coordinates>147,-36.5,0</coordinates></Point>
    </Placemark>
    <Placemark>
      <name>ESKDALE</name>
      <styleUrl>#closed</styleUrl>
      <Point><coordinates>147.3,-36.45,0</coordinates></Point>
    </Placemark>
    <Placemark>
      <name>GLENROWAN</name>
      <styleUrl>#closed</styleUrl>
      <Point><coordinates>146.2,-36.5,0</coordinates></Point>
    </Placemark>
    <Placemark>
      <name>GOORAM (LARNEUK)</name>
      <styleUrl>#closed</styleUrl>
      <Point><coordinates>145.6,-36.9,0</coordinates></Point>
    </Placemark>
    <Placemark>
      <name>GOORAMADDA</name>
      <styleUrl>#closed</styleUrl>
      <Point><coordinates>146.5,-36,0</coordinates></Point>
    </Placemark>
    <Placemark>
      <name>HUON LANE</name>
      <styleUrl>#closed</styleUrl>
      <Point><coordinates>147,-36.2,0</coordinates></Point>
    </Placemark>
    <Placemark>
      <name>LONGWOOD</name>
      <styleUrl>#active</styleUrl>
      <Point><coordinates>145.418,-36.804,180</coordinates></Point>
    </Placemark>
    <Placemark>
      <name>BOHO (HONEYSUCKLE CK U/S VIOLET TOWN)</name>
      <styleUrl>#active</styleUrl>
      <Point><coordinates>145.7603,-36.7136,330</coordinates></Point>
    </Placemark>
    <Placemark>
      <name>RUTHERGLEN VITICULTURE COLLEGE</name>
      <styleUrl>#closed</styleUrl>
      <Point><coordinates>146.55,-36.1,0</coordinates></Point>
    </Placemark>
    <Placemark>
      <name>SNOWY CREEK STATION (ROCKALPINE HOUSE)</name>
      <styleUrl>#closed</styleUrl>
      <Point><coordinates>147.4,-36.6,122</coordinates></Point>
    </Placemark>
    <Placemark>
      <name>STANLEY</name>
      <styleUrl>#closed</styleUrl>
      <Point><coordinates>146.8,-36.4,0</coordinates></Point>
    </Placemark>
    <Placemark>
      <name>WODONGA SOUTH</name>
      <styleUrl>#closed</styleUrl>
      <Point><coordinates>146.8889,-36.1347,158</coordinates></Point>
    </Placemark>
    <Placemark>
      <name>TERIP TERIP</name>
      <styleUrl>#closed</styleUrl>
      <Point><coordinates>145.568,-37.0018,552</coordinates></Point>
    </Placemark>
    <Placemark>
      <name>DEDERANG</name>
      <styleUrl>#active</styleUrl>
      <Point><coordinates>147.0297,-36.4793,261</coordinates></Point>
    </Placemark>
    <Placemark>
      <name>HINDLETON (MONIVAE)</name>
      <styleUrl>#closed</styleUrl>
      <Point><coordinates>147.35,-36.1667,0</coordinates></Point>
    </Placemark>
    <Placemark>
      <name>SHELLEY</name>
      <styleUrl>#active</styleUrl>
      <Point><coordinates>147.5515,-36.1821,745</coordinates></Point>
    </Placemark>
    <Placemark>
      <name>GLENROWAN POST OFFICE</name>
      <styleUrl>#closed</styleUrl>
      <Point><coordinates>146.2217,-36.4658,305</coordinates></Point>
    </Placemark>
    <Placemark>
      <name>BADDAGINNIE</name>
      <styleUrl>#closed</styleUrl>
      <Point><coordinates>145.865,-36.595,0</coordinates></Point>
    </Placemark>
    <Placemark>
      <name>WODONGA EXPRESS</name>
      <styleUrl>#closed</styleUrl>
      <Point><coordinates>146.8833,-36.1167,150.9</coordinates></Point>
    </Placemark>
    <Placemark>
      <name>CREIGHTONS CREEK (BARONGA (CREIGHTON'S C</name>
      <styleUrl>#active</styleUrl>
      <Point><coordinates>145.5228,-36.9005,276</coordinates></Point>
    </Placemark>
    <Placemark>
      <name>BULLIOH (WOOD HILL)</name>
      <styleUrl>#closed</styleUrl>
      <Point><coordinates>147.305,-36.1873,210</coordinates></Point>
    </Placemark>
    <Placemark>
      <name>TATONG (ALANDALE)</name>
      <styleUrl>#closed</styleUrl>
      <Point><coordinates>146.1178,-36.7497,250</coordinates></Point>
    </Placemark>
    <Placemark>
      <name>GUNDOWRING UPPER</name>
      <styleUrl>#active</styleUrl>
      <Point><coordinates>147.0728,-36.5189,260</coordinates></Point>
    </Placemark>
    <Placemark>
      <name>BONEGILLA</name>
      <styleUrl>#closed</styleUrl>
      <Point><coordinates>147,-36.1333,198</coordinates></Point>
    </Placemark>
    <Placemark>
      <name>EVERTON (DAWSON)</name>
      <styleUrl>#closed</styleUrl>
      <Point><coordinates>146.5106,-36.4264,150</coordinates></Point>
    </Placemark>
    <Placemark>
      <name>BULLIOH (HINDLETON)</name>
      <styleUrl>#closed</styleUrl>
      <Point><coordinates>147.3772,-36.143,320</coordinates></Point>
    </Placemark>
    <Placemark>
      <name>BURROWYE STATION</name>
      <styleUrl>#active</styleUrl>
      <Point><coordinates>147.5475,-36.0244,224</coordinates></Point>
    </Placemark>
    <Placemark>
      <name>MITTA MITTA RIVER @ MITTA MITTA</name>
      <styleUrl>#active</styleUrl>
      <Point><coordinates>147.375,-36.5417,320</coordinates></Point>
    </Placemark>
    <Placemark>
      <name>WHITFIELD (KING RIVER AT CHESHUNT)</name>
      <styleUrl>#active</styleUrl>
      <Point><coordinates>146.3982,-36.8314,292.6</coordinates></Point>
    </Placemark>
    <Placemark>
      <name>MIITA MITTA RIVER @ TALLANDOON</name>
      <styleUrl>#active</styleUrl>
      <Point><coordinates>147.2333,-36.4083,280</coordinates></Point>
    </Placemark>
    <Placemark>
      <name>LIMA SOUTH (LAKE NILLAHCOOTIE)</name>
      <styleUrl>#closed</styleUrl>
      <Point><coordinates>146.0046,-36.855,273</coordinates></Point>
    </Placemark>
    <Placemark>
      <name>FIFTEEN MILE CREEK @ GLENROWAN</name>
      <styleUrl>#active</styleUrl>
      <Point><coordinates>146.2461,-36.4708,0</coordinates></Point>
    </Placemark>
    <Placemark>
      <name>MOLYULLAH (KILLANOOLA)</name>
      <styleUrl>#active</styleUrl>
      <Point><coordinates>146.1131,-36.6133,210</coordinates></Point>
    </Placemark>
    <Placemark>
      <name>TATONG</name>
      <styleUrl>#active</styleUrl>
      <Point><coordinates>146.0944,-36.7565,280</coordinates></Point>
    </Placemark>
    <Placemark>
      <name>GAPSTED</name>
      <styleUrl>#closed</styleUrl>
      <Point><coordinates>146.6634,-36.497,266</coordinates></Point>
    </Placemark>
    <Placemark>
      <name>OVENS RIVER @ EUROBIN</name>
      <styleUrl>#active</styleUrl>
      <Point><coordinates>146.8567,-36.6533,0</coordinates></Point>
    </Placemark>
    <Placemark>
      <name>MYRTLEFORD</name>
      <styleUrl>#closed</styleUrl>
      <Point><coordinates>146.7125,-36.5617,205</coordinates></Point>
    </Placemark>
    <Placemark>
      <name>WANGARATTA TOWN HALL</name>
      <styleUrl>#closed</styleUrl>
      <Point><coordinates>146.3333,-36.35,0</coordinates></Point>
    </Placemark>
    <Placemark>
      <name>BENALLA (FARNLEY)</name>
      <styleUrl>#closed</styleUrl>
      <Point><coordinates>146.0333,-36.4667,0</coordinates></Point>
    </Placemark>
    <Placemark>
      <name>MYRRHEE (BOGGY CK AT ANGLESIDE)</name>
      <styleUrl>#active</styleUrl>
      <Point><coordinates>146.3583,-36.6083,0</coordinates></Point>
    </Placemark>
    <Placemark>
      <name>BETHANGA</name>
      <styleUrl>#closed</styleUrl>
      <Point><coordinates>147.0995,-36.1256,262</coordinates></Point>
    </Placemark>
    <Placemark>
      <name>BUFFALO RIVER SOUTH</name>
      <styleUrl>#closed</styleUrl>
      <Point><coordinates>146.7,-36.6333,0</coordinates></Point>
    </Placemark>
    <Placemark>
      <name>WHOROULY NORTH</name>
      <styleUrl>#closed</styleUrl>
      <Point><coordinates>146.55,-36.5,0</coordinates></Point>
    </Placemark>
    <Placemark>
      <name>ESKDALE (LAUREL HILL)</name>
      <styleUrl>#closed</styleUrl>
      <Point><coordinates>147.2144,-36.508,330</coordinates></Point>
    </Placemark>
    <Placemark>
      <name>OVENS RIVER (WANGARATTA)</name>
      <styleUrl>#closed</styleUrl>
      <Point><coordinates>146.3417,-36.35,0</coordinates></Point>
    </Placemark>
    <Placemark>
      <name>WODONGA SENTINEL OFFICE</name>
      <styleUrl>#closed</styleUrl>
      <Point><coordinates>146.1333,-36.1167,164</coordinates></Point>
    </Placemark>
    <Placemark>
      <name>TINTALDRA (JEPHCOTT)</name>
      <styleUrl>#closed</styleUrl>
      <Point><coordinates>147.9333,-36.05,0</coordinates></Point>
    </Placemark>
    <Placemark>
      <name>STRATHBOGIE PINE RIDGE</name>
      <styleUrl>#closed</styleUrl>
      <Point><coordinates>145.7667,-36.8167,547.1</coordinates></Point>
    </Placemark>
    <Placemark>
      <name>WARRANGATTA (STRATHBOGIE)</name>
      <styleUrl>#closed</styleUrl>
      <Point><coordinates>145.7,-36.8333,527.3</coordinates></Point>
    </Placemark>
    <Placemark>
      <name>STRATHBOGIE (BRAE BANK)</name>
      <styleUrl>#closed</styleUrl>
      <Point><coordinates>145.7,-36.8833,159</coordinates></Point>
    </Placemark>
    <Placemark>
      <name>PEECHELBA EAST</name>
      <styleUrl>#active</styleUrl>
      <Point><coordinates>146.2486,-36.1425,140</coordinates></Point>
    </Placemark>
    <Placemark>
      <name>HURDLE CK AT BOBINAWARRAH</name>
      <styleUrl>#active</styleUrl>
      <Point><coordinates>146.4483,-36.5131,0</coordinates></Point>
    </Placemark>
    <Placemark>
      <name>WOODFIELD</name>
      <styleUrl>#closed</styleUrl>
      <Point><coordinates>145.8,-37.0167,338</coordinates></Point>
    </Placemark>
    <Placemark>
      <name>MOUNT BARANDUDA TELECOM</name>
      <styleUrl>#closed</styleUrl>
      <Point><coordinates>146.8556,-36.2619,780</coordinates></Point>
    </Placemark>
    <Placemark>
      <name>STANLEY FOREST NO 2</name>
      <styleUrl>#closed</styleUrl>
      <Point><coordinates>146.7683,-36.4133,0</coordinates></Point>
    </Placemark>
    <Placemark>
      <name>YACKANDANDAH CREEK</name>
      <styleUrl>#closed</styleUrl>
      <Point><coordinates>146.985,-36.3017,0</coordinates></Point>
    </Placemark>
    <Placemark>
      <name>FLAGGY CREEK</name>
      <styleUrl>#closed</styleUrl>
      <Point><coordinates>146.9017,-36.4133,0</coordinates></Point>
    </Placemark>
    <Placemark>
      <name>WARRENBAYNE</name>
      <styleUrl>#active</styleUrl>
      <Point><coordinates>145.8741,-36.6918,231</coordinates></Point>
    </Placemark>
    <Placemark>
      <name>INDIGO UPPER (YARRANDOO)</name>
      <styleUrl>#closed</styleUrl>
      <Point><coordinates>146.7833,-36.2333,366</coordinates></Point>
    </Placemark>
    <Placemark>
      <name>EUROA (BOONAH)</name>
      <styleUrl>#closed</styleUrl>
      <Point><coordinates>145.6081,-36.7864,182</coordinates></Point>
    </Placemark>
    <Placemark>
      <name>BEECHWORTH WOOLSHED</name>
      <styleUrl>#closed</styleUrl>
      <Point><coordinates>146.6803,-36.3192,330</coordinates></Point>
    </Placemark>
    <Placemark>
      <name>WANGARATTA AERO</name>
      <styleUrl>#active</styleUrl>
      <Point><coordinates>146.3056,-36.4205,152.6</coordinates></Point>
    </Placemark>
    <Placemark>
      <name>HUNTERS HILL</name>
      <styleUrl>#active</styleUrl>
      <Point><coordinates>147.5395,-36.2137,981</coordinates></Point>
    </Placemark>
    <Placemark>
      <name>LIMA EAST (CHARNWOOD)</name>
      <styleUrl>#active</styleUrl>
      <Point><coordinates>145.9381,-36.8542,340</coordinates></Point>
    </Placemark>
    <Placemark>
      <name>EUROA (MIEPOLL)</name>
      <styleUrl>#closed</styleUrl>
      <Point><coordinates>145.4961,-36.6733,140</coordinates></Point>
    </Placemark>
    <Placemark>
      <name>TOLMIE (MOUNT TABLETOP REPEATER)</name>
      <styleUrl>#active</styleUrl>
      <Point><coordinates>146.2197,-36.9461,915</coordinates></Point>
    </Placemark>
    <Placemark>
      <name>SHEANS CREEK (HERONSLEA)</name>
      <styleUrl>#active</styleUrl>
      <Point><coordinates>145.6581,-36.7861,220</coordinates></Point>
    </Placemark>
    <Placemark>
      <name>KELVIN VIEW (WATERHOUSE RESERVOIR)</name>
      <styleUrl>#active</styleUrl>
      <Point><coordinates>145.64,-36.8167,300</coordinates></Point>
    </Placemark>
    <Placemark>
      <name>GOORAM (HILLSIDE)</name>
      <styleUrl>#active</styleUrl>
      <Point><coordinates>145.5783,-36.8753,255</coordinates></Point>
    </Placemark>
    <Placemark>
      <name>GOORAM (MORELLA)</name>
      <styleUrl>#active</styleUrl>
      <Point><coordinates>145.5842,-36.9322,320</coordinates></Point>
    </Placemark>
    <Placemark>
      <name>MERTON (ENDERLEE)</name>
      <styleUrl>#active</styleUrl>
      <Point><coordinates>145.6769,-36.9217,495</coordinates></Point>
    </Placemark>
    <Placemark>
      <name>TOO ROUR (MOROKO PARK)</name>
      <styleUrl>#active</styleUrl>
      <Point><coordinates>145.8494,-36.8278,590</coordinates></Point>
    </Placemark>
    <Placemark>
      <name>EUROA (CASTLE CK AT TELFORD BRIDGE)</name>
      <styleUrl>#active</styleUrl>
      <Point><coordinates>145.5683,-36.7858,190</coordinates></Point>
    </Placemark>
    <Placemark>
      <name>GOORAM (SEVEN CREEKS AT GALLS GAP ROAD)</name>
      <styleUrl>#active</styleUrl>
      <Point><coordinates>145.6183,-36.8811,205</coordinates></Point>
    </Placemark>
    <Placemark>
      <name>SEVEN CREEKS AT STRATHBOGIE</name>
      <styleUrl>#active</styleUrl>
      <Point><coordinates>145.7333,-36.8628,470</coordinates></Point>
    </Placemark>
    <Placemark>
      <name>SEVEN CREEKS (EUROA)</name>
      <styleUrl>#active</styleUrl>
      <Point><coordinates>145.5839,-36.7656,175</coordinates></Point>
    </Placemark>
    <Placemark>
      <name>KITHBROOK (BALQUHAIN)</name>
      <styleUrl>#active</styleUrl>
      <Point><coordinates>145.705,-36.8206,580</coordinates></Point>
    </Placemark>
    <Placemark>
      <name>SEVEN CREEKS AT D/S POLLY MCQUINNS WEIR</name>
      <styleUrl>#active</styleUrl>
      <Point><coordinates>145.6814,-36.8892,440</coordinates></Point>
    </Placemark>
    <Placemark>
      <name>HOLLAND CK AT WRIGHTLEY</name>
      <styleUrl>#active</styleUrl>
      <Point><coordinates>146.1278,-36.8211,430</coordinates></Point>
    </Placemark>
    <Placemark>
      <name>MYRHEE (HANDCOCKS)</name>
      <styleUrl>#active</styleUrl>
      <Point><coordinates>146.28,-36.7903,0</coordinates></Point>
    </Placemark>
    <Placemark>
      <name>MYRRHEE (CRYERS)</name>
      <styleUrl>#active</styleUrl>
      <Point><coordinates>146.34,-36.74,0</coordinates></Point>
    </Placemark>
    <Placemark>
      <name>EDI UPPER (BLACK RANGE TROUT FARM)</name>
      <styleUrl>#active</styleUrl>
      <Point><coordinates>146.5362,-36.7478,0</coordinates></Point>
    </Placemark>
    <Placemark>
      <name>WANGARATTA (THREE MILE CK @ SUNSET DRIVE</name>
      <styleUrl>#active</styleUrl>
      <Point><coordinates>146.29,-36.3517,0</coordinates></Point>
    </Placemark>
    <Placemark>
      <name>WANGARATTA (ONE MILE CREEK @ VINCENT ROA</name>
      <styleUrl>#active</styleUrl>
      <Point><coordinates>146.3183,-36.3667,0</coordinates></Point>
    </Placemark>
    <Placemark>
      <name>WANGARATTA (ONE MILE CREEK @ HUME FREEWA</name>
      <styleUrl>#active</styleUrl>
      <Point><coordinates>146.3117,-36.4033,0</coordinates></Point>
    </Placemark>
    <Placemark>
      <name>ROSEWHITE FLD</name>
      <styleUrl>#active</styleUrl>
      <Point><coordinates>146.8203,-36.5775,253</coordinates></Point>
    </Placemark>
    <Placemark>
      <name>CARBOOR UPPER</name>
      <styleUrl>#active</styleUrl>
      <Point><coordinates>146.5547,-36.6364,298</coordinates></Point>
    </Placemark>
    <Placemark>
      <name>EDI UPPER (SCHMIDTS FARM REPEATER)</name>
      <styleUrl>#active</styleUrl>
      <Point><coordinates>146.4392,-36.7175,290</coordinates></Point>
    </Placemark>
    <Placemark>
      <name>STUMP HILL (BARJARG)</name>
      <styleUrl>#active</styleUrl>
      <Point><coordinates>146.0095,-36.9502,312.2</coordinates></Point>
    </Placemark>
    <Placemark>
      <name>BLOOMFIELD PARK (EVERTON)</name>
      <styleUrl>#active</styleUrl>
      <Point><coordinates>146.5572,-36.4186,251</coordinates></Point>
    </Placemark>
    <Placemark>
      <name>GRETA WEST</name>
      <styleUrl>#active</styleUrl>
      <Point><coordinates>146.2181,-36.5344,174</coordinates></Point>
    </Placemark>
    <Placemark>
      <name>BULLIOH (SOLDIER SETTLERS RD)</name>
      <styleUrl>#closed</styleUrl>
      <Point><coordinates>147.3189,-36.2153,247</coordinates></Point>
    </Placemark>
    <Placemark>
      <name>CORRYONG AIRPORT</name>
      <styleUrl>#active</styleUrl>
      <Point><coordinates>147.8942,-36.1826,290</coordinates></Point>
    </Placemark>
    <Placemark>
      <name>BENALLA AIRPORT</name>
      <styleUrl>#active</styleUrl>
      <Point><coordinates>145.9977,-36.5522,170.5</coordinates></Point>
    </Placemark>
    <Placemark>
      <name>TINTALDRA (WARRAROONG)</name>
      <styleUrl>#active</styleUrl>
      <Point><coordinates>147.8957,-36.0424,0</coordinates></Point>
    </Placemark>
    <Placemark>
      <name>HUON (BARKLEYS CAMP)</name>
      <styleUrl>#active</styleUrl>
      <Point><coordinates>147.0954,-36.2491,207</coordinates></Point>
    </Placemark>
    <Placemark>
      <name>ARCHERTON</name>
      <styleUrl>#active</styleUrl>
      <Point><coordinates>146.2389,-36.9064,907</coordinates></Point>
    </Placemark>
    <Placemark>
      <name>OVENS RIVER @ HARRIETVILLE</name>
      <styleUrl>#active</styleUrl>
      <Point><coordinates>147.062,-36.8799,0</coordinates></Point>
    </Placemark>
    <Placemark>
      <name>BARJARG</name>
      <styleUrl>#closed</styleUrl>
      <Point><coordinates>146,-37,313.3</coordinates></Point>
    </Placemark>
    <Placemark>
      <name>BENAMBRA (EVANDALE)</name>
      <styleUrl>#active</styleUrl>
      <Point><coordinates>147.741,-36.9453,710</coordinates></Point>
    </Placemark>
    <Placemark>
      <name>BOGONG</name>
      <styleUrl>#closed</styleUrl>
      <Point><coordinates>147.2239,-36.8056,718</coordinates></Point>
    </Placemark>
    <Placemark>
      <name>BRIGHT POST OFFICE</name>
      <styleUrl>#closed</styleUrl>
      <Point><coordinates>147,-36.7,305.4</coordinates></Point>
    </Placemark>
    <Placemark>
      <name>COBUNGRA</name>
      <styleUrl>#closed</styleUrl>
      <Point><coordinates>147.2667,-37.0333,0</coordinates></Point>
    </Placemark>
    <Placemark>
      <name>MOUNT BULLER COMPARISON</name>
      <styleUrl>#closed</styleUrl>
      <Point><coordinates>146.4367,-37.1467,1707</coordinates></Point>
    </Placemark>
    <Placemark>
      <name>DANDONGADALE (MOUNTAIN VIEW)</name>
      <styleUrl>#closed</styleUrl>
      <Point><coordinates>146.625,-36.8064,344</coordinates></Point>
    </Placemark>
    <Placemark>
      <name>DELATITE</name>
      <styleUrl>#closed</styleUrl>
      <Point><coordinates>146.1,-37.15,0</coordinates></Point>
    </Placemark>
    <Placemark>
      <name>EUROBIN</name>
      <styleUrl>#active</styleUrl>
      <Point><coordinates>146.8628,-36.6344,266</coordinates></Point>
    </Placemark>
    <Placemark>
      <name>GLEN VALLEY (GLEN WILLS)</name>
      <styleUrl>#closed</styleUrl>
      <Point><coordinates>147.5,-36.9,0</coordinates></Point>
    </Placemark>
    <Placemark>
      <name>HARRIETVILLE</name>
      <styleUrl>#closed</styleUrl>
      <Point><coordinates>147.0644,-36.8925,396</coordinates></Point>
    </Placemark>
    <Placemark>
      <name>HINNOMUNJIE</name>
      <styleUrl>#closed</styleUrl>
      <Point><coordinates>147.6667,-37.0167,688.8</coordinates></Point>
    </Placemark>
    <Placemark>
      <name>HOTHAM HEIGHTS</name>
      <styleUrl>#closed</styleUrl>
      <Point><coordinates>147.15,-36.9833,1783.1</coordinates></Point>
    </Placemark>
    <Placemark>
      <name>HOWQUA</name>
      <styleUrl>#closed</styleUrl>
      <Point><coordinates>146.15,-37.2333,295.7</coordinates></Point>
    </Placemark>
    <Placemark>
      <name>HOWQUA HILLS</name>
      <styleUrl>#closed</styleUrl>
      <Point><coordinates>146.3,-37.2,0</coordinates></Point>
    </Placemark>
    <Placemark>
      <name>JAMIESON</name>
      <styleUrl>#closed</styleUrl>
      <Point><coordinates>146.1406,-37.3014,300</coordinates></Point>
    </Placemark>
    <Placemark>
      <name>BUFFALO RIVER AT ABBEYARD</name>
      <styleUrl>#active</styleUrl>
      <Point><coordinates>146.7017,-36.9117,337.8</coordinates></Point>
    </Placemark>
    <Placemark>
      <name>MANSFIELD (POST OFFICE)</name>
      <styleUrl>#active</styleUrl>
      <Point><coordinates>146.0872,-37.0525,316</coordinates></Point>
    </Placemark>
    <Placemark>
      <name>MANSFIELD 2</name>
      <styleUrl>#closed</styleUrl>
      <Point><coordinates>146.0833,-37.05,0</coordinates></Point>
    </Placemark>
    <Placemark>
      <name>MERRIJIG</name>
      <styleUrl>#closed</styleUrl>
      <Point><coordinates>146.2667,-37.1,527</coordinates></Point>
    </Placemark>
    <Placemark>
      <name>MERRIJIG</name>
      <styleUrl>#closed</styleUrl>
      <Point><coordinates>146.2,-37.1,0</coordinates></Point>
    </Placemark>
    <Placemark>
      <name>MOUNT BEAUTY</name>
      <styleUrl>#closed</styleUrl>
      <Point><coordinates>147.1633,-36.745,365.8</coordinates></Point>
    </Placemark>
    <Placemark>
      <name>MOUNT BULLER</name>
      <styleUrl>#active</styleUrl>
      <Point><coordinates>146.4394,-37.145,1707</coordinates></Point>
    </Placemark>
    <Placemark>
      <name>OMEO COMPARISON</name>
      <styleUrl>#closed</styleUrl>
      <Point><coordinates>147.598,-37.1011,685</coordinates></Point>
    </Placemark>
    <Placemark>
      <name>OMEO VALLEY</name>
      <styleUrl>#closed</styleUrl>
      <Point><coordinates>147.55,-37.2,0</coordinates></Point>
    </Placemark>
    <Placemark>
      <name>SMOKO</name>
      <styleUrl>#closed</styleUrl>
      <Point><coordinates>147,-36.8,0</coordinates></Point>
    </Placemark>
    <Placemark>
      <name>THE BROTHERS</name>
      <styleUrl>#closed</styleUrl>
      <Point><coordinates>147.8,-36.9,0</coordinates></Point>
    </Placemark>
    <Placemark>
      <name>TOLMIE (LANGLEY)</name>
      <styleUrl>#closed</styleUrl>
      <Point><coordinates>146.2,-37,762</coordinates></Point>
    </Placemark>
    <Placemark>
      <name>TOLMIE STATE SCHOOL</name>
      <styleUrl>#closed</styleUrl>
      <Point><coordinates>146.2,-37,0</coordinates></Point>
    </Placemark>
    <Placemark>
      <name>WHITFIELD</name>
      <styleUrl>#closed</styleUrl>
      <Point><coordinates>146.4156,-36.7513,240</coordinates></Point>
    </Placemark>
    <Placemark>
      <name>WHITLANDS (BURDER'S LANE)</name>
      <styleUrl>#active</styleUrl>
      <Point><coordinates>146.3225,-36.8473,816</coordinates></Point>
    </Placemark>
    <Placemark>
      <name>WOODS POINT</name>
      <styleUrl>#active</styleUrl>
      <Point><coordinates>146.2543,-37.5695,680</coordinates></Point>
    </Placemark>
    <Placemark>
      <name>THOMSON UPPER</name>
      <styleUrl>#closed</styleUrl>
      <Point><coordinates>146.1333,-37.6333,1158.2</coordinates></Point>
    </Placemark>
    <Placemark>
      <name>OMEO SHANNON VALE</name>
      <styleUrl>#active</styleUrl>
      <Point><coordinates>147.423,-36.9257,799</coordinates></Point>
    </Placemark>
    <Placemark>
      <name>KEVINGTON (TEN MILE)</name>
      <styleUrl>#closed</styleUrl>
      <Point><coordinates>146.2167,-37.3667,0</coordinates></Point>
    </Placemark>
    <Placemark>
      <name>FALLS CREEK SEC</name>
      <styleUrl>#closed</styleUrl>
      <Point><coordinates>147.2794,-36.8633,1510</coordinates></Point>
    </Placemark>
    <Placemark>
      <name>TAWONGA</name>
      <styleUrl>#active</styleUrl>
      <Point><coordinates>147.1283,-36.6566,295</coordinates></Point>
    </Placemark>
    <Placemark>
      <name>CONNORS PLAIN RWC</name>
      <styleUrl>#closed</styleUrl>
      <Point><coordinates>146.4933,-37.555,1199</coordinates></Point>
    </Placemark>
    <Placemark>
      <name>DANDONGADALE (ABBEYARDS)</name>
      <styleUrl>#closed</styleUrl>
      <Point><coordinates>146.65,-36.8,0</coordinates></Point>
    </Placemark>
    <Placemark>
      <name>TIMBERTOP</name>
      <styleUrl>#closed</styleUrl>
      <Point><coordinates>146.3,-37.1167,610</coordinates></Point>
    </Placemark>
    <Placemark>
      <name>LICOLA (WILLOW CREEK)</name>
      <styleUrl>#closed</styleUrl>
      <Point><coordinates>146.5833,-37.5667,0</coordinates></Point>
    </Placemark>
    <Placemark>
      <name>FALLS CREEK (ROCKY VALLEY)</name>
      <styleUrl>#active</styleUrl>
      <Point><coordinates>147.2897,-36.8743,1661.2</coordinates></Point>
    </Placemark>
    <Placemark>
      <name>BARWITE (BARRAGUNDA)</name>
      <styleUrl>#closed</styleUrl>
      <Point><coordinates>146.1667,-37,0</coordinates></Point>
    </Placemark>
    <Placemark>
      <name>JORDAN</name>
      <styleUrl>#closed</styleUrl>
      <Point><coordinates>146.2833,-37.6167,0</coordinates></Point>
    </Placemark>
    <Placemark>
      <name>BUCKLAND LOWER</name>
      <styleUrl>#closed</styleUrl>
      <Point><coordinates>146.85,-36.8,0</coordinates></Point>
    </Placemark>
    <Placemark>
      <name>DARLINGFORD</name>
      <styleUrl>#closed</styleUrl>
      <Point><coordinates>146.0167,-37.25,0</coordinates></Point>
    </Placemark>
    <Placemark>
      <name>GLEN WILLS (DARVALL)</name>
      <styleUrl>#closed</styleUrl>
      <Point><coordinates>147.4667,-36.8667,0</coordinates></Point>
    </Placemark>
    <Placemark>
      <name>GLEN WILLS (SHANNON VALE)</name>
      <styleUrl>#closed</styleUrl>
      <Point><coordinates>147.45,-36.9167,0</coordinates></Point>
    </Placemark>
    <Placemark>
      <name>MANSFIELD (WOLVERTON)</name>
      <styleUrl>#closed</styleUrl>
      <Point><coordinates>146.0833,-37.05,315.8</coordinates></Point>
    </Placemark>
    <Placemark>
      <name>MOUNT ST BERNARD</name>
      <styleUrl>#closed</styleUrl>
      <Point><coordinates>147.1,-37,0</coordinates></Point>
    </Placemark>
    <Placemark>
      <name>OMEO THE PINES</name>
      <styleUrl>#closed</styleUrl>
      <Point><coordinates>147.5833,-37.1,0</coordinates></Point>
    </Placemark>
    <Placemark>
      <name>TAWONGA</name>
      <styleUrl>#closed</styleUrl>
      <Point><coordinates>147.1167,-36.6167,0</coordinates></Point>
    </Placemark>
    <Placemark>
      <name>BOGONG HIGH PLAINS</name>
      <styleUrl>#closed</styleUrl>
      <Point><coordinates>147.2833,-36.9167,0</coordinates></Point>
    </Placemark>
    <Placemark>
      <name>KEVINGTON</name>
      <styleUrl>#closed</styleUrl>
      <Point><coordinates>146.1667,-37.3667,313.3</coordinates></Point>
    </Placemark>
    <Placemark>
      <name>MYRTLEFORD (OVENS RESEARCH STATION)</name>
      <styleUrl>#closed</styleUrl>
      <Point><coordinates>146.7888,-36.6074,235</coordinates></Point>
    </Placemark>
    <Placemark>
      <name>HALLS (BUCKLAND RIVER AT TWELVE MILE)</name>
      <styleUrl>#active</styleUrl>
      <Point><coordinates>146.8581,-36.8547,500</coordinates></Point>
    </Placemark>
    <Placemark>
      <name>MOUNT MATLOCK</name>
      <styleUrl>#closed</styleUrl>
      <Point><coordinates>146.1833,-37.5833,1372</coordinates></Point>
    </Placemark>
    <Placemark>
      <name>LAKE MOUNTAIN (ECHO FLAT)</name>
      <styleUrl>#closed</styleUrl>
      <Point><coordinates>145.8833,-37.5,1372</coordinates></Point>
    </Placemark>
    <Placemark>
      <name>POREPUNKAH</name>
      <styleUrl>#closed</styleUrl>
      <Point><coordinates>146.9333,-36.7,279</coordinates></Point>
    </Placemark>
    <Placemark>
      <name>TAMBORITHA</name>
      <styleUrl>#closed</styleUrl>
      <Point><coordinates>146.6333,-37.5833,0</coordinates></Point>
    </Placemark>
    <Placemark>
      <name>BULL PLAIN</name>
      <styleUrl>#closed</styleUrl>
      <Point><coordinates>146.5167,-37.3667,0</coordinates></Point>
    </Placemark>
    <Placemark>
      <name>BENAMBRA (THE BROTHERS)</name>
      <styleUrl>#closed</styleUrl>
      <Point><coordinates>147.7779,-36.941,718</coordinates></Point>
    </Placemark>
    <Placemark>
      <name>CHESHUNT EURANGIE PARK</name>
      <styleUrl>#closed</styleUrl>
      <Point><coordinates>146.4818,-36.819,357</coordinates></Point>
    </Placemark>
    <Placemark>
      <name>MATLOCK</name>
      <styleUrl>#closed</styleUrl>
      <Point><coordinates>146.2167,-37.605,1207</coordinates></Point>
    </Placemark>
    <Placemark>
      <name>BRIGHT</name>
      <styleUrl>#active</styleUrl>
      <Point><coordinates>146.9614,-36.7313,319</coordinates></Point>
    </Placemark>
    <Placemark>
      <name>OMEO SHAMROCK PARK</name>
      <styleUrl>#closed</styleUrl>
      <Point><coordinates>147.6,-37.0833,0</coordinates></Point>
    </Placemark>
    <Placemark>
      <name>SUNNYSIDE</name>
      <styleUrl>#closed</styleUrl>
      <Point><coordinates>147.5,-36.8333,0</coordinates></Point>
    </Placemark>
    <Placemark>
      <name>CHESHUNT SOUTH</name>
      <styleUrl>#closed</styleUrl>
      <Point><coordinates>146.4,-36.85,305</coordinates></Point>
    </Placemark>
    <Placemark>
      <name>FALLS CREEK</name>
      <styleUrl>#closed</styleUrl>
      <Point><coordinates>147.2833,-36.8667,1585</coordinates></Point>
    </Placemark>
    <Placemark>
      <name>DANDONGADALE UPPER SITE NO.1</name>
      <styleUrl>#closed</styleUrl>
      <Point><coordinates>146.6,-36.8667,457.2</coordinates></Point>
    </Placemark>
    <Placemark>
      <name>MOUNT BUFFALO CHALET</name>
      <styleUrl>#active</styleUrl>
      <Point><coordinates>146.8189,-36.722,1350</coordinates></Point>
    </Placemark>
    <Placemark>
      <name>LAKE WILLIAM HOVELL RESERVOIR</name>
      <styleUrl>#active</styleUrl>
      <Point><coordinates>146.3864,-36.9136,440</coordinates></Point>
    </Placemark>
    <Placemark>
      <name>DANDONGADALE UPPER SITE NO.2</name>
      <styleUrl>#active</styleUrl>
      <Point><coordinates>146.6019,-36.9167,457.2</coordinates></Point>
    </Placemark>
    <Placemark>
      <name>CROOKED RIVER (WONNANGATTA)</name>
      <styleUrl>#closed</styleUrl>
      <Point><coordinates>147.1,-37.4,0</coordinates></Point>
    </Placemark>
    <Placemark>
      <name>BALD HILL</name>
      <styleUrl>#active</styleUrl>
      <Point><coordinates>146.3508,-37.0322,1202</coordinates></Point>
    </Placemark>
    <Placemark>
      <name>MOUNT BUFFALO (CRESTA)</name>
      <styleUrl>#closed</styleUrl>
      <Point><coordinates>146.7833,-36.7667,1555</coordinates></Point>
    </Placemark>
    <Placemark>
      <name>LAKE BUFFALO</name>
      <styleUrl>#active</styleUrl>
      <Point><coordinates>146.6714,-36.7142,296</coordinates></Point>
    </Placemark>
    <Placemark>
      <name>BIG RIVER (MESSMATE RIDGE)</name>
      <styleUrl>#closed</styleUrl>
      <Point><coordinates>145.9497,-37.5164,640</coordinates></Point>
    </Placemark>
    <Placemark>
      <name>MOUNT HOTHAM</name>
      <styleUrl>#closed</styleUrl>
      <Point><coordinates>147.1478,-36.9833,1750</coordinates></Point>
    </Placemark>
    <Placemark>
      <name>BIG RIVER (STOCKMANS REWARD)</name>
      <styleUrl>#closed</styleUrl>
      <Point><coordinates>146.0333,-37.5333,564</coordinates></Point>
    </Placemark>
    <Placemark>
      <name>EDI UPPER</name>
      <styleUrl>#active</styleUrl>
      <Point><coordinates>146.4671,-36.7396,355</coordinates></Point>
    </Placemark>
    <Placemark>
      <name>FALLS CREEK</name>
      <styleUrl>#active</styleUrl>
      <Point><coordinates>147.2755,-36.8708,1765</coordinates></Point>
    </Placemark>
    <Placemark>
      <name>MOUNT HOTHAM</name>
      <styleUrl>#active</styleUrl>
      <Point><coordinates>147.1342,-36.9772,1849</coordinates></Point>
    </Placemark>
    <Placemark>
      <name>BROOKSIDE</name>
      <styleUrl>#closed</styleUrl>
      <Point><coordinates>146.8833,-36.75,152.4</coordinates></Point>
    </Placemark>
    <Placemark>
      <name>MOUNT SKENE RWC</name>
      <styleUrl>#closed</styleUrl>
      <Point><coordinates>146.3931,-37.4406,1480</coordinates></Point>
    </Placemark>
    <Placemark>
      <name>BUFFALO RIVER (D/S LAKE BUFFALO)</name>
      <styleUrl>#active</styleUrl>
      <Point><coordinates>146.6683,-36.7133,237.5</coordinates></Point>
    </Placemark>
    <Placemark>
      <name>MOUNT POREPUNKAH</name>
      <styleUrl>#active</styleUrl>
      <Point><coordinates>146.9621,-36.6572,1140</coordinates></Point>
    </Placemark>
    <Placemark>
      <name>OMEO</name>
      <styleUrl>#active</styleUrl>
      <Point><coordinates>147.6008,-37.1017,689.8</coordinates></Point>
    </Placemark>
    <Placemark>
      <name>JAMIESON LICOLA RD</name>
      <styleUrl>#active</styleUrl>
      <Point><coordinates>146.1489,-37.3016,340</coordinates></Point>
    </Placemark>
    <Placemark>
      <name>MT SUNDAY</name>
      <styleUrl>#active</styleUrl>
      <Point><coordinates>146.4242,-37.3399,1419.5</coordinates></Point>
    </Placemark>
    <Placemark>
      <name>HOWITT PLAINS (HIGH RIDGE)</name>
      <styleUrl>#active</styleUrl>
      <Point><coordinates>146.6021,-37.2236,1600.3</coordinates></Point>
    </Placemark>
    <Placemark>
      <name>ANGLERS REST (BUNDARRAH VALLEY)</name>
      <styleUrl>#active</styleUrl>
      <Point><coordinates>147.411,-37.0004,790</coordinates></Point>
    </Placemark>
    <Placemark>
      <name>DANDONGADALE</name>
      <styleUrl>#closed</styleUrl>
      <Point><coordinates>146.6634,-36.7651,280</coordinates></Point>
    </Placemark>
    <Placemark>
      <name>BENDOC PARK</name>
      <styleUrl>#closed</styleUrl>
      <Point><coordinates>148.9652,-37.1177,793</coordinates></Point>
    </Placemark>
    <Placemark>
      <name>BINDI</name>
      <styleUrl>#closed</styleUrl>
      <Point><coordinates>147.8119,-37.1136,510</coordinates></Point>
    </Placemark>
    <Placemark>
      <name>BONANG</name>
      <styleUrl>#active</styleUrl>
      <Point><coordinates>148.7228,-37.1712,673</coordinates></Point>
    </Placemark>
    <Placemark>
      <name>BRUTHEN (POST OFFICE)</name>
      <styleUrl>#active</styleUrl>
      <Point><coordinates>147.8315,-37.7073,22</coordinates></Point>
    </Placemark>
    <Placemark>
      <name>BUCHAN (GILLINGALL)</name>
      <styleUrl>#closed</styleUrl>
      <Point><coordinates>148.2,-37.3,262.1</coordinates></Point>
    </Placemark>
    <Placemark>
      <name>BUCHAN</name>
      <styleUrl>#closed</styleUrl>
      <Point><coordinates>148.176,-37.4955,97</coordinates></Point>
    </Placemark>
    <Placemark>
      <name>BUTCHERS RIDGE POST OFFICE</name>
      <styleUrl>#closed</styleUrl>
      <Point><coordinates>148.3,-37.4,624.8</coordinates></Point>
    </Placemark>
    <Placemark>
      <name>BUTCHERS RIDGE</name>
      <styleUrl>#closed</styleUrl>
      <Point><coordinates>148.2544,-37.2789,740</coordinates></Point>
    </Placemark>
    <Placemark>
      <name>CABBAGE TREE CREEK</name>
      <styleUrl>#closed</styleUrl>
      <Point><coordinates>148.7093,-37.7084,25</coordinates></Point>
    </Placemark>
    <Placemark>
      <name>CLUB TERRACE</name>
      <styleUrl>#closed</styleUrl>
      <Point><coordinates>148.9386,-37.5414,98</coordinates></Point>
    </Placemark>
    <Placemark>
      <name>COMBIENBAR</name>
      <styleUrl>#closed</styleUrl>
      <Point><coordinates>149.0167,-37.4,0</coordinates></Point>
    </Placemark>
    <Placemark>
      <name>DARGO</name>
      <styleUrl>#closed</styleUrl>
      <Point><coordinates>147.25,-37.5,207.3</coordinates></Point>
    </Placemark>
    <Placemark>
      <name>DARGO</name>
      <styleUrl>#closed</styleUrl>
      <Point><coordinates>147.2506,-37.4522,205</coordinates></Point>
    </Placemark>
    <Placemark>
      <name>DELEGATE RIVER</name>
      <styleUrl>#closed</styleUrl>
      <Point><coordinates>148.8,-37.0667,1036</coordinates></Point>
    </Placemark>
    <Placemark>
      <name>DELLICKNORA  (TELLICURA)</name>
      <styleUrl>#active</styleUrl>
      <Point><coordinates>148.6863,-37.106,585</coordinates></Point>
    </Placemark>
    <Placemark>
      <name>ENSAY</name>
      <styleUrl>#active</styleUrl>
      <Point><coordinates>147.8387,-37.3697,230</coordinates></Point>
    </Placemark>
    <Placemark>
      <name>GABO ISLAND LIGHTHOUSE</name>
      <styleUrl>#active</styleUrl>
      <Point><coordinates>149.9158,-37.5679,15</coordinates></Point>
    </Placemark>
    <Placemark>
      <name>GELANTIPY EAST</name>
      <styleUrl>#closed</styleUrl>
      <Point><coordinates>148.3,-37.25,780</coordinates></Point>
    </Placemark>
    <Placemark>
      <name>GENOA</name>
      <styleUrl>#closed</styleUrl>
      <Point><coordinates>149.5667,-37.4833,0</coordinates></Point>
    </Placemark>
    <Placemark>
      <name>GLENALADALE (LARAPINTA)</name>
      <styleUrl>#closed</styleUrl>
      <Point><coordinates>147.25,-37.75,0</coordinates></Point>
    </Placemark>
    <Placemark>
      <name>HAWKHURST</name>
      <styleUrl>#closed</styleUrl>
      <Point><coordinates>147.1161,-37.4194,250</coordinates></Point>
    </Placemark>
    <Placemark>
      <name>KALIMNA</name>
      <styleUrl>#closed</styleUrl>
      <Point><coordinates>147.9,-37.9,0</coordinates></Point>
    </Placemark>
    <Placemark>
      <name>LAKES ENTRANCE POST OFFICE</name>
      <styleUrl>#closed</styleUrl>
      <Point><coordinates>148,-37.8833,5</coordinates></Point>
    </Placemark>
    <Placemark>
      <name>MARLO</name>
      <styleUrl>#active</styleUrl>
      <Point><coordinates>148.5456,-37.7863,38</coordinates></Point>
    </Placemark>
    <Placemark>
      <name>MURRUNGOWAR</name>
      <styleUrl>#closed</styleUrl>
      <Point><coordinates>148.6833,-37.6333,0</coordinates></Point>
    </Placemark>
    <Placemark>
      <name>NICHOLSON (YENDALOCK)</name>
      <styleUrl>#active</styleUrl>
      <Point><coordinates>147.7664,-37.8506,11</coordinates></Point>
    </Placemark>
    <Placemark>
      <name>NOORINBEE</name>
      <styleUrl>#closed</styleUrl>
      <Point><coordinates>149.15,-37.5667,76.2</coordinates></Point>
    </Placemark>
    <Placemark>
      <name>CANN RIVER FORESTRY</name>
      <styleUrl>#closed</styleUrl>
      <Point><coordinates>149.15,-37.5333,88.4</coordinates></Point>
    </Placemark>
    <Placemark>
      <name>NOWA NOWA</name>
      <styleUrl>#closed</styleUrl>
      <Point><coordinates>148.0958,-37.7279,30</coordinates></Point>
    </Placemark>
    <Placemark>
      <name>NOWA NOWA (WAIREWA)</name>
      <styleUrl>#closed</styleUrl>
      <Point><coordinates>148.1833,-37.6667,61</coordinates></Point>
    </Placemark>
    <Placemark>
      <name>ORBOST (COMPARISON)</name>
      <styleUrl>#closed</styleUrl>
      <Point><coordinates>148.4589,-37.6917,41</coordinates></Point>
    </Placemark>
    <Placemark>
      <name>BRODRIBB RIVER</name>
      <styleUrl>#closed</styleUrl>
      <Point><coordinates>148.5667,-37.7,11</coordinates></Point>
    </Placemark>
    <Placemark>
      <name>REEDY FLAT</name>
      <styleUrl>#closed</styleUrl>
      <Point><coordinates>147.9,-37.4,257.6</coordinates></Point>
    </Placemark>
    <Placemark>
      <name>SARDINE CREEK</name>
      <styleUrl>#closed</styleUrl>
      <Point><coordinates>148.5333,-37.5,0</coordinates></Point>
    </Placemark>
    <Placemark>
      <name>SARSFIELD</name>
      <styleUrl>#closed</styleUrl>
      <Point><coordinates>147.7,-37.75,0</coordinates></Point>
    </Placemark>
    <Placemark>
      <name>SWIFTS CREEK</name>
      <styleUrl>#active</styleUrl>
      <Point><coordinates>147.723,-37.2616,293</coordinates></Point>
    </Placemark>
    <Placemark>
      <name>BEMM RIVER (SYDENHAM INLET)</name>
      <styleUrl>#closed</styleUrl>
      <Point><coordinates>148.9667,-37.75,3</coordinates></Point>
    </Placemark>
    <Placemark>
      <name>TONGIO (BROOKLANDS)</name>
      <styleUrl>#closed</styleUrl>
      <Point><coordinates>147.7077,-37.1793,378</coordinates></Point>
    </Placemark>
    <Placemark>
      <name>WULGULMERANG</name>
      <styleUrl>#closed</styleUrl>
      <Point><coordinates>148.3,-37.1,853.4</coordinates></Point>
    </Placemark>
    <Placemark>
      <name>TUBBUT</name>
      <styleUrl>#active</styleUrl>
      <Point><coordinates>148.5914,-37.0713,442</coordinates></Point>
    </Placemark>
    <Placemark>
      <name>WANGARABELL</name>
      <styleUrl>#active</styleUrl>
      <Point><coordinates>149.474,-37.3721,151</coordinates></Point>
    </Placemark>
    <Placemark>
      <name>GIPSY POINT</name>
      <styleUrl>#closed</styleUrl>
      <Point><coordinates>149.6667,-37.4667,24.4</coordinates></Point>
    </Placemark>
    <Placemark>
      <name>GOONGERAH LOWER</name>
      <styleUrl>#closed</styleUrl>
      <Point><coordinates>148.6833,-37.3667,280.4</coordinates></Point>
    </Placemark>
    <Placemark>
      <name>BENTLEYS PLAINS</name>
      <styleUrl>#closed</styleUrl>
      <Point><coordinates>147.8833,-37.2333,1036.3</coordinates></Point>
    </Placemark>
    <Placemark>
      <name>BLACK MOUNTAIN</name>
      <styleUrl>#active</styleUrl>
      <Point><coordinates>148.2666,-37.0071,919</coordinates></Point>
    </Placemark>
    <Placemark>
      <name>LAKE TYERS</name>
      <styleUrl>#active</styleUrl>
      <Point><coordinates>148.0639,-37.8526,21</coordinates></Point>
    </Placemark>
    <Placemark>
      <name>MARTIN VALE</name>
      <styleUrl>#closed</styleUrl>
      <Point><coordinates>148.5833,-37.4167,0</coordinates></Point>
    </Placemark>
    <Placemark>
      <name>METUNG</name>
      <styleUrl>#closed</styleUrl>
      <Point><coordinates>147.85,-37.8833,0</coordinates></Point>
    </Placemark>
    <Placemark>
      <name>BINDI (LEOMINSTER)</name>
      <styleUrl>#closed</styleUrl>
      <Point><coordinates>147.8167,-37.1167,0</coordinates></Point>
    </Placemark>
    <Placemark>
      <name>BONANG (GOOMGERAH)</name>
      <styleUrl>#closed</styleUrl>
      <Point><coordinates>148.7,-37.2,0</coordinates></Point>
    </Placemark>
    <Placemark>
      <name>BOULDER FLAT</name>
      <styleUrl>#closed</styleUrl>
      <Point><coordinates>148.9,-37.5,0</coordinates></Point>
    </Placemark>
    <Placemark>
      <name>BUCHAN (ALMA VALE)</name>
      <styleUrl>#closed</styleUrl>
      <Point><coordinates>148.1833,-37.5,0</coordinates></Point>
    </Placemark>
    <Placemark>
      <name>BUCHAN (BASIN RANCH)</name>
      <styleUrl>#closed</styleUrl>
      <Point><coordinates>148.1833,-37.5,0</coordinates></Point>
    </Placemark>
    <Placemark>
      <name>BUCHAN STATE SCHOOL</name>
      <styleUrl>#closed</styleUrl>
      <Point><coordinates>148.1833,-37.5,0</coordinates></Point>
    </Placemark>
    <Placemark>
      <name>ENSAY</name>
      <styleUrl>#closed</styleUrl>
      <Point><coordinates>147.8,-37.35,0</coordinates></Point>
    </Placemark>
    <Placemark>
      <name>ENSAY (BOONAHBIRA)</name>
      <styleUrl>#closed</styleUrl>
      <Point><coordinates>147.8167,-37.35,0</coordinates></Point>
    </Placemark>
    <Placemark>
      <name>GENOA (GIPSY POINT)</name>
      <styleUrl>#closed</styleUrl>
      <Point><coordinates>149.6667,-37.4667,0</coordinates></Point>
    </Placemark>
    <Placemark>
      <name>GELANTIPY</name>
      <styleUrl>#closed</styleUrl>
      <Point><coordinates>148.2667,-37.2167,786</coordinates></Point>
    </Placemark>
    <Placemark>
      <name>KOWAT</name>
      <styleUrl>#closed</styleUrl>
      <Point><coordinates>149.3,-37.3,0</coordinates></Point>
    </Placemark>
    <Placemark>
      <name>MALLACOOTA WEST</name>
      <styleUrl>#closed</styleUrl>
      <Point><coordinates>149.6833,-37.55,0</coordinates></Point>
    </Placemark>
    <Placemark>
      <name>NOWA NOWA RAILWAY STATION</name>
      <styleUrl>#closed</styleUrl>
      <Point><coordinates>148.1167,-37.7333,0</coordinates></Point>
    </Placemark>
    <Placemark>
      <name>SWIFTS CREEK BUTTER FACTORY</name>
      <styleUrl>#closed</styleUrl>
      <Point><coordinates>147.7167,-37.25,487.7</coordinates></Point>
    </Placemark>
    <Placemark>
      <name>TABBERABBERA</name>
      <styleUrl>#closed</styleUrl>
      <Point><coordinates>147.35,-37.6,0</coordinates></Point>
    </Placemark>
    <Placemark>
      <name>TALBOTVILLE</name>
      <styleUrl>#closed</styleUrl>
      <Point><coordinates>147,-37.3,0</coordinates></Point>
    </Placemark>
    <Placemark>
      <name>TAMBO CROSSING</name>
      <styleUrl>#closed</styleUrl>
      <Point><coordinates>147.85,-37.5,151.2</coordinates></Point>
    </Placemark>
    <Placemark>
      <name>TONGIO WEST</name>
      <styleUrl>#closed</styleUrl>
      <Point><coordinates>147.6333,-37.25,0</coordinates></Point>
    </Placemark>
    <Placemark>
      <name>TONGHI CREEK 1</name>
      <styleUrl>#closed</styleUrl>
      <Point><coordinates>149.1,-37.6,0</coordinates></Point>
    </Placemark>
    <Placemark>
      <name>WROXHAM</name>
      <styleUrl>#closed</styleUrl>
      <Point><coordinates>149.4,-37.3,0</coordinates></Point>
    </Placemark>
    <Placemark>
      <name>SUGGAN BUGGAN</name>
      <styleUrl>#closed</styleUrl>
      <Point><coordinates>148.3333,-36.95,0</coordinates></Point>
    </Placemark>
    <Placemark>
      <name>KARLO CREEK STATION</name>
      <styleUrl>#closed</styleUrl>
      <Point><coordinates>149.4667,-37.5333,0</coordinates></Point>
    </Placemark>
    <Placemark>
      <name>POINT HICKS (LIGHTHOUSE)</name>
      <styleUrl>#closed</styleUrl>
      <Point><coordinates>149.2747,-37.8017,27</coordinates></Point>
    </Placemark>
    <Placemark>
      <name>BELLBIRD POST OFFICE</name>
      <styleUrl>#closed</styleUrl>
      <Point><coordinates>148.8,-37.6833,170.1</coordinates></Point>
    </Placemark>
    <Placemark>
      <name>TONGHI CREEK (POST OFFICE)</name>
      <styleUrl>#closed</styleUrl>
      <Point><coordinates>149.0625,-37.5697,91</coordinates></Point>
    </Placemark>
    <Placemark>
      <name>MALLACOOTA POST OFFICE</name>
      <styleUrl>#closed</styleUrl>
      <Point><coordinates>149.75,-37.5667,12.2</coordinates></Point>
    </Placemark>
    <Placemark>
      <name>NOORINBEE NORTH</name>
      <styleUrl>#closed</styleUrl>
      <Point><coordinates>149.1833,-37.4167,178.3</coordinates></Point>
    </Placemark>
    <Placemark>
      <name>GLENARTE</name>
      <styleUrl>#closed</styleUrl>
      <Point><coordinates>148.8,-37.55,0</coordinates></Point>
    </Placemark>
    <Placemark>
      <name>BULDAH</name>
      <styleUrl>#closed</styleUrl>
      <Point><coordinates>149.1333,-37.2833,335.3</coordinates></Point>
    </Placemark>
    <Placemark>
      <name>BENDOC FORESTRY</name>
      <styleUrl>#closed</styleUrl>
      <Point><coordinates>148.8833,-37.15,914.4</coordinates></Point>
    </Placemark>
    <Placemark>
      <name>SARSFIELD EAST</name>
      <styleUrl>#closed</styleUrl>
      <Point><coordinates>147.7301,-37.7513,8</coordinates></Point>
    </Placemark>
    <Placemark>
      <name>MANORINA</name>
      <styleUrl>#closed</styleUrl>
      <Point><coordinates>148.8,-37.6833,170.1</coordinates></Point>
    </Placemark>
    <Placemark>
      <name>BAIRNSDALE POST OFFICE</name>
      <styleUrl>#closed</styleUrl>
      <Point><coordinates>147.6167,-37.8167,14</coordinates></Point>
    </Placemark>
    <Placemark>
      <name>BAIRNSDALE (CLOVELLY)</name>
      <styleUrl>#closed</styleUrl>
      <Point><coordinates>147.6,-37.8,15.2</coordinates></Point>
    </Placemark>
    <Placemark>
      <name>BAIRNSDALE 1</name>
      <styleUrl>#closed</styleUrl>
      <Point><coordinates>147.6167,-37.8167,51.8</coordinates></Point>
    </Placemark>
    <Placemark>
      <name>LAKES ENTRANCE</name>
      <styleUrl>#closed</styleUrl>
      <Point><coordinates>147.9961,-37.8692,43</coordinates></Point>
    </Placemark>
    <Placemark>
      <name>MALLACOOTA</name>
      <styleUrl>#active</styleUrl>
      <Point><coordinates>149.7289,-37.5976,22</coordinates></Point>
    </Placemark>
    <Placemark>
      <name>COMBIENBAR</name>
      <styleUrl>#closed</styleUrl>
      <Point><coordinates>149.0003,-37.4315,178</coordinates></Point>
    </Placemark>
    <Placemark>
      <name>SWAN REACH (TAMBO VALE)</name>
      <styleUrl>#closed</styleUrl>
      <Point><coordinates>147.8667,-37.8167,0</coordinates></Point>
    </Placemark>
    <Placemark>
      <name>TABBERABBERA (THE PINES)</name>
      <styleUrl>#closed</styleUrl>
      <Point><coordinates>147.3667,-37.5833,116</coordinates></Point>
    </Placemark>
    <Placemark>
      <name>CAPE CONRAN (ANDREWS)</name>
      <styleUrl>#closed</styleUrl>
      <Point><coordinates>148.7167,-37.8,12.2</coordinates></Point>
    </Placemark>
    <Placemark>
      <name>BROOKVILLE</name>
      <styleUrl>#closed</styleUrl>
      <Point><coordinates>147.6167,-37.3333,750</coordinates></Point>
    </Placemark>
    <Placemark>
      <name>TAMBO CROSSING</name>
      <styleUrl>#closed</styleUrl>
      <Point><coordinates>147.8476,-37.5058,195</coordinates></Point>
    </Placemark>
    <Placemark>
      <name>BULLUMWAAL POST OFFICE</name>
      <styleUrl>#closed</styleUrl>
      <Point><coordinates>147.5333,-37.65,0</coordinates></Point>
    </Placemark>
    <Placemark>
      <name>MELWOOD (BUNDALEER)</name>
      <styleUrl>#closed</styleUrl>
      <Point><coordinates>147.5167,-37.7283,152</coordinates></Point>
    </Placemark>
    <Placemark>
      <name>BETE BOLONG (RUSSELLS ESTATE)</name>
      <styleUrl>#active</styleUrl>
      <Point><coordinates>148.3954,-37.7132,20</coordinates></Point>
    </Placemark>
    <Placemark>
      <name>BUCHAN (TIMBARRA)</name>
      <styleUrl>#active</styleUrl>
      <Point><coordinates>148.0459,-37.316,395</coordinates></Point>
    </Placemark>
    <Placemark>
      <name>DARGO (HOMELEA)</name>
      <styleUrl>#closed</styleUrl>
      <Point><coordinates>147.3167,-37.4333,472</coordinates></Point>
    </Placemark>
    <Placemark>
      <name>BUCHAN SOUTH</name>
      <styleUrl>#active</styleUrl>
      <Point><coordinates>148.1357,-37.5455,235</coordinates></Point>
    </Placemark>
    <Placemark>
      <name>BULLUMWAAL</name>
      <styleUrl>#active</styleUrl>
      <Point><coordinates>147.5514,-37.6764,0</coordinates></Point>
    </Placemark>
    <Placemark>
      <name>BUCHAN RIVER</name>
      <styleUrl>#active</styleUrl>
      <Point><coordinates>148.2333,-37.5167,0</coordinates></Point>
    </Placemark>
    <Placemark>
      <name>METUNG (BELL POINT)</name>
      <styleUrl>#closed</styleUrl>
      <Point><coordinates>147.8833,-37.8833,6</coordinates></Point>
    </Placemark>
    <Placemark>
      <name>BAIRNSDALE WATERWORKS</name>
      <styleUrl>#closed</styleUrl>
      <Point><coordinates>147.6205,-37.8332,10</coordinates></Point>
    </Placemark>
    <Placemark>
      <name>DARGO (BLACK SNAKE CREEK STATION)</name>
      <styleUrl>#closed</styleUrl>
      <Point><coordinates>147.15,-37.4333,0</coordinates></Point>
    </Placemark>
    <Placemark>
      <name>CABANANDRA (GREENHAVEN)</name>
      <styleUrl>#closed</styleUrl>
      <Point><coordinates>148.6664,-37.1333,0</coordinates></Point>
    </Placemark>
    <Placemark>
      <name>MARLO (JORGENSEN)</name>
      <styleUrl>#closed</styleUrl>
      <Point><coordinates>148.5333,-37.8,21.3</coordinates></Point>
    </Placemark>
    <Placemark>
      <name>MURRUNGOWAR (DOUTHAT)</name>
      <styleUrl>#closed</styleUrl>
      <Point><coordinates>148.71,-37.6183,609.6</coordinates></Point>
    </Placemark>
    <Placemark>
      <name>ERRINUNDRA</name>
      <styleUrl>#closed</styleUrl>
      <Point><coordinates>148.9167,-37.3667,0</coordinates></Point>
    </Placemark>
    <Placemark>
      <name>BENDOC</name>
      <styleUrl>#closed</styleUrl>
      <Point><coordinates>148.8243,-37.2241,900</coordinates></Point>
    </Placemark>
    <Placemark>
      <name>WULGULMERANG (PLEASANT VIEW)</name>
      <styleUrl>#active</styleUrl>
      <Point><coordinates>148.2791,-37.0826,910</coordinates></Point>
    </Placemark>
    <Placemark>
      <name>BAIRNSDALE</name>
      <styleUrl>#closed</styleUrl>
      <Point><coordinates>147.65,-37.8333,5</coordinates></Point>
    </Placemark>
    <Placemark>
      <name>BUCHAN (SNOWY RIVER AT D/S BASIN CREEK)</name>
      <styleUrl>#active</styleUrl>
      <Point><coordinates>148.2717,-37.5006,0</coordinates></Point>
    </Placemark>
    <Placemark>
      <name>SNOWY RIVER (AMEYS)</name>
      <styleUrl>#closed</styleUrl>
      <Point><coordinates>148.3,-37.55,0</coordinates></Point>
    </Placemark>
    <Placemark>
      <name>DEDDICK</name>
      <styleUrl>#closed</styleUrl>
      <Point><coordinates>148.4308,-37.1014,270</coordinates></Point>
    </Placemark>
    <Placemark>
      <name>CANN RIVER</name>
      <styleUrl>#closed</styleUrl>
      <Point><coordinates>149.1504,-37.5656,93</coordinates></Point>
    </Placemark>
    <Placemark>
      <name>CHANDLERS CREEK</name>
      <styleUrl>#closed</styleUrl>
      <Point><coordinates>149.2167,-37.3333,0</coordinates></Point>
    </Placemark>
    <Placemark>
      <name>MOUNT NOWA NOWA</name>
      <styleUrl>#closed</styleUrl>
      <Point><coordinates>148.0833,-37.75,313.9</coordinates></Point>
    </Placemark>
    <Placemark>
      <name>SWAN REACH</name>
      <styleUrl>#closed</styleUrl>
      <Point><coordinates>147.8833,-37.8167,0</coordinates></Point>
    </Placemark>
    <Placemark>
      <name>WATERHOLES</name>
      <styleUrl>#closed</styleUrl>
      <Point><coordinates>147.7,-37.65,0</coordinates></Point>
    </Placemark>
    <Placemark>
      <name>MOUNT DRUMMER</name>
      <styleUrl>#closed</styleUrl>
      <Point><coordinates>149.3333,-37.6667,579.1</coordinates></Point>
    </Placemark>
    <Placemark>
      <name>WONNANGATTA RIVER @ WATERFORD</name>
      <styleUrl>#active</styleUrl>
      <Point><coordinates>147.1658,-37.49,200</coordinates></Point>
    </Placemark>
    <Placemark>
      <name>REEDY FLAT (TRINAFOUR)</name>
      <styleUrl>#closed</styleUrl>
      <Point><coordinates>147.8833,-37.4,0</coordinates></Point>
    </Placemark>
    <Placemark>
      <name>GOONGERAH</name>
      <styleUrl>#closed</styleUrl>
      <Point><coordinates>148.7,-37.3167,240.8</coordinates></Point>
    </Placemark>
    <Placemark>
      <name>ORBOST SRWSC</name>
      <styleUrl>#closed</styleUrl>
      <Point><coordinates>148.4569,-37.7014,45.4</coordinates></Point>
    </Placemark>
    <Placemark>
      <name>GENOA (FOOLS HAVEN)</name>
      <styleUrl>#active</styleUrl>
      <Point><coordinates>149.6386,-37.4772,21</coordinates></Point>
    </Placemark>
    <Placemark>
      <name>WROXHAM NO 2</name>
      <styleUrl>#closed</styleUrl>
      <Point><coordinates>149.4806,-37.3475,210</coordinates></Point>
    </Placemark>
    <Placemark>
      <name>SANS SOUCI</name>
      <styleUrl>#closed</styleUrl>
      <Point><coordinates>148.8833,-37.5833,0</coordinates></Point>
    </Placemark>
    <Placemark>
      <name>CROOKED RIVER</name>
      <styleUrl>#active</styleUrl>
      <Point><coordinates>147.1066,-37.3811,255</coordinates></Point>
    </Placemark>
    <Placemark>
      <name>SNOWY RIVER AT MCKILLOPS BRIDGE</name>
      <styleUrl>#active</styleUrl>
      <Point><coordinates>148.4141,-37.083,0</coordinates></Point>
    </Placemark>
    <Placemark>
      <name>CANN RIVER (WEST BRANCH) AT WEERAGUA</name>
      <styleUrl>#active</styleUrl>
      <Point><coordinates>149.1972,-37.375,180</coordinates></Point>
    </Placemark>
    <Placemark>
      <name>WEERAGUA (CANN RIVER (EAST BRANCH) AT CH</name>
      <styleUrl>#active</styleUrl>
      <Point><coordinates>149.2058,-37.3564,240</coordinates></Point>
    </Placemark>
    <Placemark>
      <name>BETE BOLONG FCV PLANTATION</name>
      <styleUrl>#closed</styleUrl>
      <Point><coordinates>148.3333,-37.6833,110</coordinates></Point>
    </Placemark>
    <Placemark>
      <name>WINGAN INLET ROAD</name>
      <styleUrl>#closed</styleUrl>
      <Point><coordinates>149.3333,-37.6333,170</coordinates></Point>
    </Placemark>
    <Placemark>
      <name>NOWA NOWA FCV PLANTATION</name>
      <styleUrl>#closed</styleUrl>
      <Point><coordinates>148.0667,-37.7667,90</coordinates></Point>
    </Placemark>
    <Placemark>
      <name>ERRINUNDRA PLATEAU</name>
      <styleUrl>#closed</styleUrl>
      <Point><coordinates>148.8742,-37.3339,1100</coordinates></Point>
    </Placemark>
    <Placemark>
      <name>DARGO RIVER (DARGO)</name>
      <styleUrl>#active</styleUrl>
      <Point><coordinates>147.25,-37.4667,0</coordinates></Point>
    </Placemark>
    <Placemark>
      <name>GOONGERAH</name>
      <styleUrl>#active</styleUrl>
      <Point><coordinates>148.712,-37.3397,277</coordinates></Point>
    </Placemark>
    <Placemark>
      <name>DEDDICK NATIONAL PARK</name>
      <styleUrl>#closed</styleUrl>
      <Point><coordinates>148.4833,-37.0833,0</coordinates></Point>
    </Placemark>
    <Placemark>
      <name>BUTCHERS RIDGE (ITA)</name>
      <styleUrl>#closed</styleUrl>
      <Point><coordinates>148.25,-37.2667,732</coordinates></Point>
    </Placemark>
    <Placemark>
      <name>MURRINDAL</name>
      <styleUrl>#closed</styleUrl>
      <Point><coordinates>148.1983,-37.4283,0</coordinates></Point>
    </Placemark>
    <Placemark>
      <name>GOONGERAH SOUTH</name>
      <styleUrl>#closed</styleUrl>
      <Point><coordinates>148.6667,-37.4,210</coordinates></Point>
    </Placemark>
    <Placemark>
      <name>BENDOC COAST RANGE</name>
      <styleUrl>#closed</styleUrl>
      <Point><coordinates>149.0667,-37.2333,1000</coordinates></Point>
    </Placemark>
    <Placemark>
      <name>NICHOLSON WINERY</name>
      <styleUrl>#active</styleUrl>
      <Point><coordinates>147.7559,-37.7964,42</coordinates></Point>
    </Placemark>
    <Placemark>
      <name>COMBIENBAR (CLAPHAM)</name>
      <styleUrl>#closed</styleUrl>
      <Point><coordinates>149.0167,-37.3667,260</coordinates></Point>
    </Placemark>
    <Placemark>
      <name>GELANTIPY</name>
      <styleUrl>#active</styleUrl>
      <Point><coordinates>148.2626,-37.22,755</coordinates></Point>
    </Placemark>
    <Placemark>
      <name>COMBIENBAR AWS</name>
      <styleUrl>#active</styleUrl>
      <Point><coordinates>149.0227,-37.3416,640</coordinates></Point>
    </Placemark>
    <Placemark>
      <name>MOUNT NOWA NOWA</name>
      <styleUrl>#active</styleUrl>
      <Point><coordinates>148.0908,-37.6924,350</coordinates></Point>
    </Placemark>
    <Placemark>
      <name>ORBOST</name>
      <styleUrl>#active</styleUrl>
      <Point><coordinates>148.4667,-37.6922,62.7</coordinates></Point>
    </Placemark>
    <Placemark>
      <name>MITCHELL RIVER AT BAIRNSDALE</name>
      <styleUrl>#active</styleUrl>
      <Point><coordinates>147.5936,-37.8275,0</coordinates></Point>
    </Placemark>
    <Placemark>
      <name>BAIRNSDALE (MITCHELL RIVER @ ROSEHILL)</name>
      <styleUrl>#active</styleUrl>
      <Point><coordinates>147.5714,-37.8164,20</coordinates></Point>
    </Placemark>
    <Placemark>
      <name>METUNG (SUNNYBANK)</name>
      <styleUrl>#active</styleUrl>
      <Point><coordinates>147.8317,-37.8395,11</coordinates></Point>
    </Placemark>
    <Placemark>
      <name>LAKES ENTRANCE (EASTERN BEACH ROAD)</name>
      <styleUrl>#active</styleUrl>
      <Point><coordinates>148.006,-37.8717,4</coordinates></Point>
    </Placemark>
    <Placemark>
      <name>COMBIENBAR</name>
      <styleUrl>#closed</styleUrl>
      <Point><coordinates>149.0153,-37.3983,225</coordinates></Point>
    </Placemark>
    <Placemark>
      <name>MOUNT DELEGATE</name>
      <styleUrl>#active</styleUrl>
      <Point><coordinates>148.8974,-37.1125,0</coordinates></Point>
    </Placemark>
    <Placemark>
      <name>CAPE CONRAN (YEERUNG PARK)</name>
      <styleUrl>#closed</styleUrl>
      <Point><coordinates>148.7049,-37.7768,48</coordinates></Point>
    </Placemark>
    <Placemark>
      <name>MURRINDAL (MOUNT MCLEOD FIRETOWER)</name>
      <styleUrl>#active</styleUrl>
      <Point><coordinates>148.2505,-37.4563,583</coordinates></Point>
    </Placemark>
    <Placemark>
      <name>ABERFELDY</name>
      <styleUrl>#closed</styleUrl>
      <Point><coordinates>146.3667,-37.7,1060</coordinates></Point>
    </Placemark>
    <Placemark>
      <name>AGNES RIVER</name>
      <styleUrl>#closed</styleUrl>
      <Point><coordinates>146.3769,-38.6775,7</coordinates></Point>
    </Placemark>
    <Placemark>
      <name>ALDIVALOCH (BUDGEREE)</name>
      <styleUrl>#closed</styleUrl>
      <Point><coordinates>146.3,-38.4,289.6</coordinates></Point>
    </Placemark>
    <Placemark>
      <name>ALBERTON POST OFFICE</name>
      <styleUrl>#closed</styleUrl>
      <Point><coordinates>146.6667,-38.6167,10</coordinates></Point>
    </Placemark>
    <Placemark>
      <name>ALLAMBEE STATE SCHOOL</name>
      <styleUrl>#closed</styleUrl>
      <Point><coordinates>146.1,-38.2,0</coordinates></Point>
    </Placemark>
    <Placemark>
      <name>TRARALGON CREEK (MOUNT HOOGHLY)</name>
      <styleUrl>#closed</styleUrl>
      <Point><coordinates>146.4651,-38.3938,695</coordinates></Point>
    </Placemark>
    <Placemark>
      <name>LE ROY (TAYLORS RD QUARRY)</name>
      <styleUrl>#closed</styleUrl>
      <Point><coordinates>146.5132,-38.393,560</coordinates></Point>
    </Placemark>
    <Placemark>
      <name>BALOOK</name>
      <styleUrl>#active</styleUrl>
      <Point><coordinates>146.5398,-38.4307,585</coordinates></Point>
    </Placemark>
    <Placemark>
      <name>BALOOK</name>
      <styleUrl>#closed</styleUrl>
      <Point><coordinates>146.6,-38.4,0</coordinates></Point>
    </Placemark>
    <Placemark>
      <name>TRARALGON EPA</name>
      <styleUrl>#active</styleUrl>
      <Point><coordinates>146.5293,-38.1951,0</coordinates></Point>
    </Placemark>
    <Placemark>
      <name>BENGWORDEN</name>
      <styleUrl>#closed</styleUrl>
      <Point><coordinates>147.4667,-37.9667,0</coordinates></Point>
    </Placemark>
    <Placemark>
      <name>BLACKWARRY</name>
      <styleUrl>#closed</styleUrl>
      <Point><coordinates>146.65,-38.4,658.4</coordinates></Point>
    </Placemark>
    <Placemark>
      <name>BOISDALE</name>
      <styleUrl>#closed</styleUrl>
      <Point><coordinates>147,-37.9,0</coordinates></Point>
    </Placemark>
    <Placemark>
      <name>BOOLA BOOLA CAMP</name>
      <styleUrl>#closed</styleUrl>
      <Point><coordinates>146.2,-38.35,0</coordinates></Point>
    </Placemark>
    <Placemark>
      <name>BOOLARRA</name>
      <styleUrl>#closed</styleUrl>
      <Point><coordinates>146.2,-38.35,289.6</coordinates></Point>
    </Placemark>
    <Placemark>
      <name>BUDGEREE EAST (CLAREMONT)</name>
      <styleUrl>#closed</styleUrl>
      <Point><coordinates>146.3806,-38.4322,442</coordinates></Point>
    </Placemark>
    <Placemark>
      <name>BUSHY PARK</name>
      <styleUrl>#closed</styleUrl>
      <Point><coordinates>147.0167,-37.8667,40</coordinates></Point>
    </Placemark>
    <Placemark>
      <name>CALLIGNEE SOUTH</name>
      <styleUrl>#closed</styleUrl>
      <Point><coordinates>146.6,-38.3833,549</coordinates></Point>
    </Placemark>
    <Placemark>
      <name>CARRAJUNG POST OFFICE</name>
      <styleUrl>#closed</styleUrl>
      <Point><coordinates>146.7,-38.3667,548.6</coordinates></Point>
    </Placemark>
    <Placemark>
      <name>CHILDERS</name>
      <styleUrl>#closed</styleUrl>
      <Point><coordinates>146.1,-38.3,0</coordinates></Point>
    </Placemark>
    <Placemark>
      <name>CLYDEBANK</name>
      <styleUrl>#closed</styleUrl>
      <Point><coordinates>147.178,-38.0373,3</coordinates></Point>
    </Placemark>
    <Placemark>
      <name>MOUNT USEFUL</name>
      <styleUrl>#active</styleUrl>
      <Point><coordinates>146.5167,-37.7,1440</coordinates></Point>
    </Placemark>
    <Placemark>
      <name>DENISON (WANDOCKA STATE SCHOOL)</name>
      <styleUrl>#closed</styleUrl>
      <Point><coordinates>146.8805,-38.01,0</coordinates></Point>
    </Placemark>
    <Placemark>
      <name>DROUIN BOWLING CLUB</name>
      <styleUrl>#closed</styleUrl>
      <Point><coordinates>145.86,-38.1383,135</coordinates></Point>
    </Placemark>
    <Placemark>
      <name>DROUIN WEST</name>
      <styleUrl>#closed</styleUrl>
      <Point><coordinates>145.8,-38.1,121.9</coordinates></Point>
    </Placemark>
    <Placemark>
      <name>DUTSON</name>
      <styleUrl>#closed</styleUrl>
      <Point><coordinates>147.2,-38.1833,23</coordinates></Point>
    </Placemark>
    <Placemark>
      <name>ERICA</name>
      <styleUrl>#closed</styleUrl>
      <Point><coordinates>146.3745,-37.9747,440</coordinates></Point>
    </Placemark>
    <Placemark>
      <name>FERNBANK</name>
      <styleUrl>#closed</styleUrl>
      <Point><coordinates>147.3,-37.9,0</coordinates></Point>
    </Placemark>
    <Placemark>
      <name>FISH CREEK</name>
      <styleUrl>#active</styleUrl>
      <Point><coordinates>146.0633,-38.7199,70</coordinates></Point>
    </Placemark>
    <Placemark>
      <name>FOSTER (POST OFFICE)</name>
      <styleUrl>#closed</styleUrl>
      <Point><coordinates>146.1997,-38.652,33</coordinates></Point>
    </Placemark>
    <Placemark>
      <name>BOOLARRA SOUTH</name>
      <styleUrl>#active</styleUrl>
      <Point><coordinates>146.2961,-38.4143,235</coordinates></Point>
    </Placemark>
    <Placemark>
      <name>FRENCH ISLAND (MCLEOD PRISON)</name>
      <styleUrl>#closed</styleUrl>
      <Point><coordinates>145.3,-38.4,0</coordinates></Point>
    </Placemark>
    <Placemark>
      <name>FUMINA SOUTH</name>
      <styleUrl>#closed</styleUrl>
      <Point><coordinates>146.1333,-37.95,434.3</coordinates></Point>
    </Placemark>
    <Placemark>
      <name>GIFFARD</name>
      <styleUrl>#active</styleUrl>
      <Point><coordinates>147.0864,-38.4227,12</coordinates></Point>
    </Placemark>
    <Placemark>
      <name>GLENMAGGIE WEIR</name>
      <styleUrl>#active</styleUrl>
      <Point><coordinates>146.8014,-37.9069,91</coordinates></Point>
    </Placemark>
    <Placemark>
      <name>GLENMAGGIE (THE LAURELS)</name>
      <styleUrl>#closed</styleUrl>
      <Point><coordinates>146.75,-37.8833,100</coordinates></Point>
    </Placemark>
    <Placemark>
      <name>GORMANDALE EAST</name>
      <styleUrl>#closed</styleUrl>
      <Point><coordinates>146.7,-38.3,0</coordinates></Point>
    </Placemark>
    <Placemark>
      <name>HAZEL PARK</name>
      <styleUrl>#closed</styleUrl>
      <Point><coordinates>146.45,-38.6333,0</coordinates></Point>
    </Placemark>
    <Placemark>
      <name>HEYFIELD STATE SCHOOL</name>
      <styleUrl>#closed</styleUrl>
      <Point><coordinates>146.9,-38,0</coordinates></Point>
    </Placemark>
    <Placemark>
      <name>HILL END POST OFFICE</name>
      <styleUrl>#closed</styleUrl>
      <Point><coordinates>146.15,-38,0</coordinates></Point>
    </Placemark>
    <Placemark>
      <name>FISH CREEK (HODDLE RANGE)</name>
      <styleUrl>#active</styleUrl>
      <Point><coordinates>146.1488,-38.6911,145</coordinates></Point>
    </Placemark>
    <Placemark>
      <name>INVERLOCH</name>
      <styleUrl>#active</styleUrl>
      <Point><coordinates>145.7053,-38.6114,50</coordinates></Point>
    </Placemark>
    <Placemark>
      <name>JINDIVICK</name>
      <styleUrl>#active</styleUrl>
      <Point><coordinates>145.9,-38.0224,260</coordinates></Point>
    </Placemark>
    <Placemark>
      <name>JINDIVICK NORTH</name>
      <styleUrl>#closed</styleUrl>
      <Point><coordinates>145.9117,-38.0117,0</coordinates></Point>
    </Placemark>
    <Placemark>
      <name>JUMBUK</name>
      <styleUrl>#closed</styleUrl>
      <Point><coordinates>146.4,-38.4,0</coordinates></Point>
    </Placemark>
    <Placemark>
      <name>KORUMBURRA</name>
      <styleUrl>#active</styleUrl>
      <Point><coordinates>145.8174,-38.4349,205</coordinates></Point>
    </Placemark>
    <Placemark>
      <name>LABERTOUCHE</name>
      <styleUrl>#closed</styleUrl>
      <Point><coordinates>145.8039,-38.0618,77</coordinates></Point>
    </Placemark>
    <Placemark>
      <name>LARDNER (BRANDIE BRAES)</name>
      <styleUrl>#closed</styleUrl>
      <Point><coordinates>145.8667,-38.2,137.2</coordinates></Point>
    </Placemark>
    <Placemark>
      <name>LEONGATHA</name>
      <styleUrl>#closed</styleUrl>
      <Point><coordinates>145.9667,-38.4667,88.4</coordinates></Point>
    </Placemark>
    <Placemark>
      <name>LEONGATHA STH GIPPSLAND WATER</name>
      <styleUrl>#active</styleUrl>
      <Point><coordinates>145.9329,-38.4842,51.8</coordinates></Point>
    </Placemark>
    <Placemark>
      <name>LINDENOW</name>
      <styleUrl>#closed</styleUrl>
      <Point><coordinates>147.4578,-37.801,35</coordinates></Point>
    </Placemark>
    <Placemark>
      <name>LOCH VALLEY PLANTATION</name>
      <styleUrl>#closed</styleUrl>
      <Point><coordinates>146.0217,-37.81,0</coordinates></Point>
    </Placemark>
    <Placemark>
      <name>MACKS CREEK</name>
      <styleUrl>#closed</styleUrl>
      <Point><coordinates>146.7,-38.5,0</coordinates></Point>
    </Placemark>
    <Placemark>
      <name>MADALYA</name>
      <styleUrl>#active</styleUrl>
      <Point><coordinates>146.5171,-38.5108,364</coordinates></Point>
    </Placemark>
    <Placemark>
      <name>MAFFRA SHIRE HALL</name>
      <styleUrl>#closed</styleUrl>
      <Point><coordinates>147,-38,25.9</coordinates></Point>
    </Placemark>
    <Placemark>
      <name>MAFFRA FORESTRY OFFICE</name>
      <styleUrl>#closed</styleUrl>
      <Point><coordinates>146.9831,-37.9664,27</coordinates></Point>
    </Placemark>
    <Placemark>
      <name>MARDAN SOUTH</name>
      <styleUrl>#closed</styleUrl>
      <Point><coordinates>146.1167,-38.4833,213.4</coordinates></Point>
    </Placemark>
    <Placemark>
      <name>MARYVALE</name>
      <styleUrl>#closed</styleUrl>
      <Point><coordinates>146.4167,-38.2333,40.5</coordinates></Point>
    </Placemark>
    <Placemark>
      <name>GLENCAIRN (BARKLY RIVER (GLENVIEW))</name>
      <styleUrl>#active</styleUrl>
      <Point><coordinates>146.5458,-37.5277,380</coordinates></Point>
    </Placemark>
    <Placemark>
      <name>MOE GIPPSLAND WATER</name>
      <styleUrl>#closed</styleUrl>
      <Point><coordinates>146.2604,-38.2004,150</coordinates></Point>
    </Placemark>
    <Placemark>
      <name>MOORMURANG THE RIDGE</name>
      <styleUrl>#closed</styleUrl>
      <Point><coordinates>147.5,-37.9,0</coordinates></Point>
    </Placemark>
    <Placemark>
      <name>MORRELLS HILL</name>
      <styleUrl>#closed</styleUrl>
      <Point><coordinates>146.3,-38.4,0</coordinates></Point>
    </Placemark>
    <Placemark>
      <name>MORWELL (MAIL CENTRE)</name>
      <styleUrl>#closed</styleUrl>
      <Point><coordinates>146.4306,-38.2347,82.2</coordinates></Point>
    </Placemark>
    <Placemark>
      <name>MOUNT BEST (UPPER TOORA)</name>
      <styleUrl>#active</styleUrl>
      <Point><coordinates>146.3185,-38.6078,235</coordinates></Point>
    </Placemark>
    <Placemark>
      <name>NARRACAN STATE SCHOOL</name>
      <styleUrl>#closed</styleUrl>
      <Point><coordinates>146.25,-38.3,259.1</coordinates></Point>
    </Placemark>
    <Placemark>
      <name>NARRACAN EAST (LYNNSMERE)</name>
      <styleUrl>#closed</styleUrl>
      <Point><coordinates>146.2275,-38.2933,365.7</coordinates></Point>
    </Placemark>
    <Placemark>
      <name>NEERIM</name>
      <styleUrl>#closed</styleUrl>
      <Point><coordinates>146,-37.95,0</coordinates></Point>
    </Placemark>
    <Placemark>
      <name>NEERIM SOUTH</name>
      <styleUrl>#closed</styleUrl>
      <Point><coordinates>145.9517,-38.0217,253.6</coordinates></Point>
    </Placemark>
    <Placemark>
      <name>PAYNESVILLE (BANKSIA)</name>
      <styleUrl>#closed</styleUrl>
      <Point><coordinates>147.7,-37.95,3.7</coordinates></Point>
    </Placemark>
    <Placemark>
      <name>PAYNESVILLE</name>
      <styleUrl>#closed</styleUrl>
      <Point><coordinates>147.7333,-37.9,3</coordinates></Point>
    </Placemark>
    <Placemark>
      <name>PORT ALBERT</name>
      <styleUrl>#closed</styleUrl>
      <Point><coordinates>146.6833,-38.6667,3</coordinates></Point>
    </Placemark>
    <Placemark>
      <name>ROSEDALE</name>
      <styleUrl>#closed</styleUrl>
      <Point><coordinates>146.7875,-38.1522,18</coordinates></Point>
    </Placemark>
    <Placemark>
      <name>EAST SALE</name>
      <styleUrl>#active</styleUrl>
      <Point><coordinates>147.1323,-38.1156,4.6</coordinates></Point>
    </Placemark>
    <Placemark>
      <name>SEASPRAY (BURONG)</name>
      <styleUrl>#active</styleUrl>
      <Point><coordinates>147.1752,-38.3183,28</coordinates></Point>
    </Placemark>
    <Placemark>
      <name>BULN BULN (SHADY CREEK STATION)</name>
      <styleUrl>#closed</styleUrl>
      <Point><coordinates>146.1,-38.2,0</coordinates></Point>
    </Placemark>
    <Placemark>
      <name>STOCKDALE (GWANDALAN)</name>
      <styleUrl>#closed</styleUrl>
      <Point><coordinates>147.2,-37.8,0</coordinates></Point>
    </Placemark>
    <Placemark>
      <name>STRADBROKE WEST (INGLENOOK)</name>
      <styleUrl>#closed</styleUrl>
      <Point><coordinates>146.9167,-38.2667,210</coordinates></Point>
    </Placemark>
    <Placemark>
      <name>STRADBROKE POST OFFICE</name>
      <styleUrl>#closed</styleUrl>
      <Point><coordinates>147,-38.3,0</coordinates></Point>
    </Placemark>
    <Placemark>
      <name>STRATFORD</name>
      <styleUrl>#closed</styleUrl>
      <Point><coordinates>147.1,-38,21.9</coordinates></Point>
    </Placemark>
    <Placemark>
      <name>TANJIL BREN</name>
      <styleUrl>#closed</styleUrl>
      <Point><coordinates>146.2,-37.8,838.2</coordinates></Point>
    </Placemark>
    <Placemark>
      <name>THE HEART</name>
      <styleUrl>#closed</styleUrl>
      <Point><coordinates>147.2,-38.1,0</coordinates></Point>
    </Placemark>
    <Placemark>
      <name>THORPDALE STATE SCHOOL</name>
      <styleUrl>#closed</styleUrl>
      <Point><coordinates>146.2,-38.3,243.8</coordinates></Point>
    </Placemark>
    <Placemark>
      <name>TIDAL RIVER</name>
      <styleUrl>#active</styleUrl>
      <Point><coordinates>146.3227,-39.031,15.2</coordinates></Point>
    </Placemark>
    <Placemark>
      <name>TINAMBA WEST</name>
      <styleUrl>#closed</styleUrl>
      <Point><coordinates>146.8,-37.9,57.9</coordinates></Point>
    </Placemark>
    <Placemark>
      <name>TOORA</name>
      <styleUrl>#closed</styleUrl>
      <Point><coordinates>146.3258,-38.6643,20</coordinates></Point>
    </Placemark>
    <Placemark>
      <name>TRAFALGAR TOSELAND ROAD</name>
      <styleUrl>#active</styleUrl>
      <Point><coordinates>146.1656,-38.2183,93</coordinates></Point>
    </Placemark>
    <Placemark>
      <name>TRARALGON</name>
      <styleUrl>#closed</styleUrl>
      <Point><coordinates>146.5,-38.2,43</coordinates></Point>
    </Placemark>
    <Placemark>
      <name>TURTONS CREEK (EURELLA)</name>
      <styleUrl>#closed</styleUrl>
      <Point><coordinates>146.2,-38.5,0</coordinates></Point>
    </Placemark>
    <Placemark>
      <name>VALENCIA CREEK</name>
      <styleUrl>#closed</styleUrl>
      <Point><coordinates>147,-37.8167,40</coordinates></Point>
    </Placemark>
    <Placemark>
      <name>VESPER</name>
      <styleUrl>#closed</styleUrl>
      <Point><coordinates>146.1,-37.9,0</coordinates></Point>
    </Placemark>
    <Placemark>
      <name>VALENCIA CREEK (BULGAR PARK)</name>
      <styleUrl>#closed</styleUrl>
      <Point><coordinates>146.9833,-37.8167,30</coordinates></Point>
    </Placemark>
    <Placemark>
      <name>WALHALLA</name>
      <styleUrl>#active</styleUrl>
      <Point><coordinates>146.4524,-37.9413,348</coordinates></Point>
    </Placemark>
    <Placemark>
      <name>WARRAGUL (CARBETHON)</name>
      <styleUrl>#closed</styleUrl>
      <Point><coordinates>145.9,-38.2,111.9</coordinates></Point>
    </Placemark>
    <Placemark>
      <name>WARRAGUL</name>
      <styleUrl>#closed</styleUrl>
      <Point><coordinates>145.9487,-38.1731,143</coordinates></Point>
    </Placemark>
    <Placemark>
      <name>WELSHPOOL</name>
      <styleUrl>#closed</styleUrl>
      <Point><coordinates>146.4297,-38.6624,25</coordinates></Point>
    </Placemark>
    <Placemark>
      <name>WILLOW GROVE (MELROSE)</name>
      <styleUrl>#closed</styleUrl>
      <Point><coordinates>146.1833,-38.0667,0</coordinates></Point>
    </Placemark>
    <Placemark>
      <name>WILSONS PROMONTORY LIGHTHOUSE</name>
      <styleUrl>#active</styleUrl>
      <Point><coordinates>146.4246,-39.1297,95</coordinates></Point>
    </Placemark>
    <Placemark>
      <name>WOODSIDE</name>
      <styleUrl>#closed</styleUrl>
      <Point><coordinates>146.9,-38.5,0</coordinates></Point>
    </Placemark>
    <Placemark>
      <name>YALLOURN</name>
      <styleUrl>#closed</styleUrl>
      <Point><coordinates>146.4,-38.2,155.1</coordinates></Point>
    </Placemark>
    <Placemark>
      <name>POUND CREEK</name>
      <styleUrl>#active</styleUrl>
      <Point><coordinates>145.8107,-38.6297,3</coordinates></Point>
    </Placemark>
    <Placemark>
      <name>YINNAR</name>
      <styleUrl>#closed</styleUrl>
      <Point><coordinates>146.3333,-38.3167,53.3</coordinates></Point>
    </Placemark>
    <Placemark>
      <name>TARRA VALLEY</name>
      <styleUrl>#closed</styleUrl>
      <Point><coordinates>146.55,-38.4667,192</coordinates></Point>
    </Placemark>
    <Placemark>
      <name>SEACOMBE (WELLINGTON PARK)</name>
      <styleUrl>#closed</styleUrl>
      <Point><coordinates>147.4167,-38.1167,0</coordinates></Point>
    </Placemark>
    <Placemark>
      <name>YALLOURN SEC</name>
      <styleUrl>#closed</styleUrl>
      <Point><coordinates>146.3317,-38.1858,153.6</coordinates></Point>
    </Placemark>
    <Placemark>
      <name>COBBANNAH</name>
      <styleUrl>#closed</styleUrl>
      <Point><coordinates>147.1833,-37.6167,0</coordinates></Point>
    </Placemark>
    <Placemark>
      <name>HAZELWOOD NORTH</name>
      <styleUrl>#closed</styleUrl>
      <Point><coordinates>146.49,-38.2883,156.9</coordinates></Point>
    </Placemark>
    <Placemark>
      <name>OLSENS BRIDGE (MORWELL RIVER PRISON)</name>
      <styleUrl>#closed</styleUrl>
      <Point><coordinates>146.3233,-38.4861,182.9</coordinates></Point>
    </Placemark>
    <Placemark>
      <name>ALBERTON WEST (KALLARA)</name>
      <styleUrl>#closed</styleUrl>
      <Point><coordinates>146.5833,-38.6,0</coordinates></Point>
    </Placemark>
    <Placemark>
      <name>CALLIGNEE</name>
      <styleUrl>#closed</styleUrl>
      <Point><coordinates>146.65,-38.3667,0</coordinates></Point>
    </Placemark>
    <Placemark>
      <name>BINGINWARRI</name>
      <styleUrl>#closed</styleUrl>
      <Point><coordinates>146.4,-38.6,0</coordinates></Point>
    </Placemark>
    <Placemark>
      <name>BOOLARRA 2</name>
      <styleUrl>#closed</styleUrl>
      <Point><coordinates>146.2833,-38.35,289.6</coordinates></Point>
    </Placemark>
    <Placemark>
      <name>BRIAGOLONG</name>
      <styleUrl>#closed</styleUrl>
      <Point><coordinates>147.1,-37.8,59.7</coordinates></Point>
    </Placemark>
    <Placemark>
      <name>DARBY</name>
      <styleUrl>#closed</styleUrl>
      <Point><coordinates>146.3,-39,0</coordinates></Point>
    </Placemark>
    <Placemark>
      <name>DARNUM</name>
      <styleUrl>#closed</styleUrl>
      <Point><coordinates>146,-38.2,0</coordinates></Point>
    </Placemark>
    <Placemark>
      <name>FERNDALE</name>
      <styleUrl>#closed</styleUrl>
      <Point><coordinates>146,-38.25,0</coordinates></Point>
    </Placemark>
    <Placemark>
      <name>FOSTER (ST LEONARDS)</name>
      <styleUrl>#closed</styleUrl>
      <Point><coordinates>146.2167,-38.65,23.2</coordinates></Point>
    </Placemark>
    <Placemark>
      <name>GLENALADALE NORTH</name>
      <styleUrl>#closed</styleUrl>
      <Point><coordinates>147.35,-37.8,0</coordinates></Point>
    </Placemark>
    <Placemark>
      <name>YANAKIE (GOLDEN CREEK STATION)</name>
      <styleUrl>#closed</styleUrl>
      <Point><coordinates>146.2,-38.8,0</coordinates></Point>
    </Placemark>
    <Placemark>
      <name>GOONA (NURE)</name>
      <styleUrl>#closed</styleUrl>
      <Point><coordinates>147.6,-37.95,0</coordinates></Point>
    </Placemark>
    <Placemark>
      <name>GUNYAH GUNYAH</name>
      <styleUrl>#closed</styleUrl>
      <Point><coordinates>146.35,-38.5,0</coordinates></Point>
    </Placemark>
    <Placemark>
      <name>HEDLEY (VIVALEIGH)</name>
      <styleUrl>#closed</styleUrl>
      <Point><coordinates>146.5,-38.6,0</coordinates></Point>
    </Placemark>
    <Placemark>
      <name>JERICHO (JORDAN)</name>
      <styleUrl>#closed</styleUrl>
      <Point><coordinates>146.2833,-37.6167,0</coordinates></Point>
    </Placemark>
    <Placemark>
      <name>KARDELLA (FLEETWOOD)</name>
      <styleUrl>#closed</styleUrl>
      <Point><coordinates>145.9,-38.4,0</coordinates></Point>
    </Placemark>
    <Placemark>
      <name>LEONGATHA (VERONICA)</name>
      <styleUrl>#closed</styleUrl>
      <Point><coordinates>146,-38.5,0</coordinates></Point>
    </Placemark>
    <Placemark>
      <name>LONGFORD</name>
      <styleUrl>#closed</styleUrl>
      <Point><coordinates>147.1,-38.15,0</coordinates></Point>
    </Placemark>
    <Placemark>
      <name>MEERLIEU (ROSENEATH)</name>
      <styleUrl>#closed</styleUrl>
      <Point><coordinates>147.4,-38,0</coordinates></Point>
    </Placemark>
    <Placemark>
      <name>NAMBROK</name>
      <styleUrl>#closed</styleUrl>
      <Point><coordinates>146.9,-38.1,0</coordinates></Point>
    </Placemark>
    <Placemark>
      <name>NEERIM (DREWSDENE)</name>
      <styleUrl>#closed</styleUrl>
      <Point><coordinates>145.9667,-37.95,0</coordinates></Point>
    </Placemark>
    <Placemark>
      <name>NEERIM NORTH</name>
      <styleUrl>#closed</styleUrl>
      <Point><coordinates>145.9667,-37.9167,0</coordinates></Point>
    </Placemark>
    <Placemark>
      <name>NEERIM (LOCH VALLEY)</name>
      <styleUrl>#closed</styleUrl>
      <Point><coordinates>146,-37.8,0</coordinates></Point>
    </Placemark>
    <Placemark>
      <name>NEWRY</name>
      <styleUrl>#closed</styleUrl>
      <Point><coordinates>146.9,-37.9,0</coordinates></Point>
    </Placemark>
    <Placemark>
      <name>NOOJEE NORTH</name>
      <styleUrl>#closed</styleUrl>
      <Point><coordinates>146,-37.9,0</coordinates></Point>
    </Placemark>
    <Placemark>
      <name>ROSEDALE (MOUNT PLEASANT)</name>
      <styleUrl>#closed</styleUrl>
      <Point><coordinates>146.7833,-38.15,17.7</coordinates></Point>
    </Placemark>
    <Placemark>
      <name>SALE</name>
      <styleUrl>#closed</styleUrl>
      <Point><coordinates>147.05,-38.1,9.8</coordinates></Point>
    </Placemark>
    <Placemark>
      <name>SALE MERCURY OFFICE</name>
      <styleUrl>#closed</styleUrl>
      <Point><coordinates>147.0667,-38.1,0</coordinates></Point>
    </Placemark>
    <Placemark>
      <name>SEACOMBE</name>
      <styleUrl>#closed</styleUrl>
      <Point><coordinates>147.4,-38.1,0</coordinates></Point>
    </Placemark>
    <Placemark>
      <name>SEATON</name>
      <styleUrl>#closed</styleUrl>
      <Point><coordinates>146.7,-37.95,0</coordinates></Point>
    </Placemark>
    <Placemark>
      <name>TARWIN LOWER (RIVERSIDE)</name>
      <styleUrl>#active</styleUrl>
      <Point><coordinates>145.9033,-38.7197,10</coordinates></Point>
    </Placemark>
    <Placemark>
      <name>TOONGABBIE</name>
      <styleUrl>#closed</styleUrl>
      <Point><coordinates>146.6,-38.1,0</coordinates></Point>
    </Placemark>
    <Placemark>
      <name>TRARALGON (CORA LYNN)</name>
      <styleUrl>#closed</styleUrl>
      <Point><coordinates>146.55,-38.2,43</coordinates></Point>
    </Placemark>
    <Placemark>
      <name>MOONDARRA (GLEN ALLEN)</name>
      <styleUrl>#closed</styleUrl>
      <Point><coordinates>146.2833,-37.95,311.2</coordinates></Point>
    </Placemark>
    <Placemark>
      <name>WALKERVILLE (WARATAH BAY)</name>
      <styleUrl>#closed</styleUrl>
      <Point><coordinates>146,-38.85,0</coordinates></Point>
    </Placemark>
    <Placemark>
      <name>WARRAGUL (NARINGA)</name>
      <styleUrl>#closed</styleUrl>
      <Point><coordinates>145.9333,-38.15,111.9</coordinates></Point>
    </Placemark>
    <Placemark>
      <name>WON WRON</name>
      <styleUrl>#closed</styleUrl>
      <Point><coordinates>146.7,-38.5,0</coordinates></Point>
    </Placemark>
    <Placemark>
      <name>WULLA (NULLOCK)</name>
      <styleUrl>#closed</styleUrl>
      <Point><coordinates>147.0333,-38.1167,0</coordinates></Point>
    </Placemark>
    <Placemark>
      <name>YINNAR (JEERALONG)</name>
      <styleUrl>#closed</styleUrl>
      <Point><coordinates>146.35,-38.3,72.8</coordinates></Point>
    </Placemark>
    <Placemark>
      <name>KORUMBURRA HILL SIDE</name>
      <styleUrl>#closed</styleUrl>
      <Point><coordinates>145.8333,-38.4167,227.4</coordinates></Point>
    </Placemark>
    <Placemark>
      <name>ST CLAIR</name>
      <styleUrl>#closed</styleUrl>
      <Point><coordinates>146.15,-37.65,0</coordinates></Point>
    </Placemark>
    <Placemark>
      <name>WOODSIDE (LAKE VIEW)</name>
      <styleUrl>#closed</styleUrl>
      <Point><coordinates>146.8806,-38.5239,25</coordinates></Point>
    </Placemark>
    <Placemark>
      <name>EAGLE POINT (BONNIE BANKS)</name>
      <styleUrl>#closed</styleUrl>
      <Point><coordinates>147.6617,-37.9517,15</coordinates></Point>
    </Placemark>
    <Placemark>
      <name>HAZELWOOD SEC</name>
      <styleUrl>#closed</styleUrl>
      <Point><coordinates>146.3883,-38.2933,85</coordinates></Point>
    </Placemark>
    <Placemark>
      <name>YARRAM AIRPORT</name>
      <styleUrl>#active</styleUrl>
      <Point><coordinates>146.7479,-38.5647,17.9</coordinates></Point>
    </Placemark>
    <Placemark>
      <name>WON WRON PRISON</name>
      <styleUrl>#closed</styleUrl>
      <Point><coordinates>146.6717,-38.4856,93</coordinates></Point>
    </Placemark>
    <Placemark>
      <name>NOOJEE</name>
      <styleUrl>#closed</styleUrl>
      <Point><coordinates>146,-37.9,243.8</coordinates></Point>
    </Placemark>
    <Placemark>
      <name>THE SPRINGS</name>
      <styleUrl>#closed</styleUrl>
      <Point><coordinates>146.55,-37.7667,914.4</coordinates></Point>
    </Placemark>
    <Placemark>
      <name>CAINS CORNER</name>
      <styleUrl>#closed</styleUrl>
      <Point><coordinates>146.5,-37.7833,960.1</coordinates></Point>
    </Placemark>
    <Placemark>
      <name>COWWARR</name>
      <styleUrl>#closed</styleUrl>
      <Point><coordinates>146.6333,-38,74.7</coordinates></Point>
    </Placemark>
    <Placemark>
      <name>CLIFFY ISLAND</name>
      <styleUrl>#closed</styleUrl>
      <Point><coordinates>146.7,-38.95,0</coordinates></Point>
    </Placemark>
    <Placemark>
      <name>STONY CREEK (LORENONG)</name>
      <styleUrl>#closed</styleUrl>
      <Point><coordinates>146.0833,-38.6,67.1</coordinates></Point>
    </Placemark>
    <Placemark>
      <name>WALKERVILLE</name>
      <styleUrl>#closed</styleUrl>
      <Point><coordinates>146,-38.8667,6.7</coordinates></Point>
    </Placemark>
    <Placemark>
      <name>DARRIMAN (TARRALANGI)</name>
      <styleUrl>#active</styleUrl>
      <Point><coordinates>146.9656,-38.4191,45</coordinates></Point>
    </Placemark>
    <Placemark>
      <name>BEARDMORES</name>
      <styleUrl>#closed</styleUrl>
      <Point><coordinates>146.4167,-37.8333,655.3</coordinates></Point>
    </Placemark>
    <Placemark>
      <name>BOOLARRA  (AMY COURT)</name>
      <styleUrl>#closed</styleUrl>
      <Point><coordinates>146.2742,-38.3822,91.4</coordinates></Point>
    </Placemark>
    <Placemark>
      <name>YANAKIE (SHALLOW INLET)</name>
      <styleUrl>#active</styleUrl>
      <Point><coordinates>146.1803,-38.791,15</coordinates></Point>
    </Placemark>
    <Placemark>
      <name>YARRAGON (LYN PARK)</name>
      <styleUrl>#closed</styleUrl>
      <Point><coordinates>146.0869,-38.215,80</coordinates></Point>
    </Placemark>
    <Placemark>
      <name>FERNBANK (TOWRI)</name>
      <styleUrl>#closed</styleUrl>
      <Point><coordinates>147.3196,-37.9163,62</coordinates></Point>
    </Placemark>
    <Placemark>
      <name>STRATFORD</name>
      <styleUrl>#active</styleUrl>
      <Point><coordinates>147.0845,-37.9581,25</coordinates></Point>
    </Placemark>
    <Placemark>
      <name>MEERLIEU</name>
      <styleUrl>#active</styleUrl>
      <Point><coordinates>147.3958,-38.0051,14</coordinates></Point>
    </Placemark>
    <Placemark>
      <name>BRIAGOLONG</name>
      <styleUrl>#active</styleUrl>
      <Point><coordinates>147.0813,-37.8346,68</coordinates></Point>
    </Placemark>
    <Placemark>
      <name>TRARALGON POST OFFICE</name>
      <styleUrl>#closed</styleUrl>
      <Point><coordinates>146.55,-38.2,38.1</coordinates></Point>
    </Placemark>
    <Placemark>
      <name>TRARALGON L.V.W.&amp; S.B.</name>
      <styleUrl>#closed</styleUrl>
      <Point><coordinates>146.5233,-38.2211,82</coordinates></Point>
    </Placemark>
    <Placemark>
      <name>CULLODEN (ESTOPPEY)</name>
      <styleUrl>#closed</styleUrl>
      <Point><coordinates>147.0833,-37.8,207</coordinates></Point>
    </Placemark>
    <Placemark>
      <name>LATROBE RIVER (ROSEDALE)</name>
      <styleUrl>#active</styleUrl>
      <Point><coordinates>146.7917,-38.145,17.7</coordinates></Point>
    </Placemark>
    <Placemark>
      <name>WALHALLA</name>
      <styleUrl>#closed</styleUrl>
      <Point><coordinates>146.45,-37.9333,335.9</coordinates></Point>
    </Placemark>
    <Placemark>
      <name>LATROBE RIVER (GLENGARRY)</name>
      <styleUrl>#closed</styleUrl>
      <Point><coordinates>146.5667,-38.1333,0</coordinates></Point>
    </Placemark>
    <Placemark>
      <name>CAPE LIPTRAP (MONEGEETA PARK)</name>
      <styleUrl>#closed</styleUrl>
      <Point><coordinates>145.95,-38.8833,121.9</coordinates></Point>
    </Placemark>
    <Placemark>
      <name>TANJIL BREN POST OFFICE</name>
      <styleUrl>#closed</styleUrl>
      <Point><coordinates>146.18,-37.8283,838.2</coordinates></Point>
    </Placemark>
    <Placemark>
      <name>GLENALADALE NORTH (KOOROOTANG)</name>
      <styleUrl>#closed</styleUrl>
      <Point><coordinates>147.2667,-37.75,137.2</coordinates></Point>
    </Placemark>
    <Placemark>
      <name>KOONWARRA (LEONGATHA SOUTH)</name>
      <styleUrl>#closed</styleUrl>
      <Point><coordinates>145.9238,-38.5274,40</coordinates></Point>
    </Placemark>
    <Placemark>
      <name>BULN BULN</name>
      <styleUrl>#active</styleUrl>
      <Point><coordinates>145.9573,-38.1036,195</coordinates></Point>
    </Placemark>
    <Placemark>
      <name>HALLSTON</name>
      <styleUrl>#closed</styleUrl>
      <Point><coordinates>146.0646,-38.3591,222</coordinates></Point>
    </Placemark>
    <Placemark>
      <name>FOSTER NORTH (RADCLIFFE)</name>
      <styleUrl>#closed</styleUrl>
      <Point><coordinates>146.15,-38.6167,0</coordinates></Point>
    </Placemark>
    <Placemark>
      <name>STREZLECKI (LEIGHWOOD)</name>
      <styleUrl>#closed</styleUrl>
      <Point><coordinates>145.9,-38.3667,621</coordinates></Point>
    </Placemark>
    <Placemark>
      <name>BUFFALO</name>
      <styleUrl>#closed</styleUrl>
      <Point><coordinates>146.0063,-38.6568,30</coordinates></Point>
    </Placemark>
    <Placemark>
      <name>TARWIN LOWER (BARANA PLAINS)</name>
      <styleUrl>#closed</styleUrl>
      <Point><coordinates>145.9,-38.7833,0</coordinates></Point>
    </Placemark>
    <Placemark>
      <name>DUMBALK (SLY)</name>
      <styleUrl>#closed</styleUrl>
      <Point><coordinates>146.1,-38.5333,0</coordinates></Point>
    </Placemark>
    <Placemark>
      <name>BAIRNSDALE (AERODROME ROAD) (GIPPSLAND (</name>
      <styleUrl>#active</styleUrl>
      <Point><coordinates>147.5756,-37.8874,48</coordinates></Point>
    </Placemark>
    <Placemark>
      <name>LATROBE RIVER @ YALLOURN POWER STATION</name>
      <styleUrl>#active</styleUrl>
      <Point><coordinates>146.34,-38.1717,80</coordinates></Point>
    </Placemark>
    <Placemark>
      <name>PAYNESVILLE</name>
      <styleUrl>#closed</styleUrl>
      <Point><coordinates>147.713,-37.9112,13</coordinates></Point>
    </Placemark>
    <Placemark>
      <name>WOODSIDE NORTH (SUNNYSIDE)</name>
      <styleUrl>#closed</styleUrl>
      <Point><coordinates>146.8167,-38.4167,137.2</coordinates></Point>
    </Placemark>
    <Placemark>
      <name>ICY CREEK</name>
      <styleUrl>#closed</styleUrl>
      <Point><coordinates>146.1,-37.9,426.7</coordinates></Point>
    </Placemark>
    <Placemark>
      <name>PERRY BRIDGE</name>
      <styleUrl>#closed</styleUrl>
      <Point><coordinates>147.2833,-38.0167,0</coordinates></Point>
    </Placemark>
    <Placemark>
      <name>YARRAGON</name>
      <styleUrl>#closed</styleUrl>
      <Point><coordinates>146.0667,-38.2,82.3</coordinates></Point>
    </Placemark>
    <Placemark>
      <name>YARRAM</name>
      <styleUrl>#closed</styleUrl>
      <Point><coordinates>146.6703,-38.5601,18</coordinates></Point>
    </Placemark>
    <Placemark>
      <name>LARDNER</name>
      <styleUrl>#closed</styleUrl>
      <Point><coordinates>145.8892,-38.1811,146</coordinates></Point>
    </Placemark>
    <Placemark>
      <name>WILLOW GROVE</name>
      <styleUrl>#active</styleUrl>
      <Point><coordinates>146.1689,-38.0654,155</coordinates></Point>
    </Placemark>
    <Placemark>
      <name>STRZELECKI (ALLANDEE)</name>
      <styleUrl>#closed</styleUrl>
      <Point><coordinates>145.9,-38.3167,305</coordinates></Point>
    </Placemark>
    <Placemark>
      <name>MYRTLEBANK FLOODING CREEK</name>
      <styleUrl>#active</styleUrl>
      <Point><coordinates>147.0233,-38.0767,18</coordinates></Point>
    </Placemark>
    <Placemark>
      <name>FISH CREEK (ARDEEN)</name>
      <styleUrl>#closed</styleUrl>
      <Point><coordinates>146.1,-38.7333,0</coordinates></Point>
    </Placemark>
    <Placemark>
      <name>MOONDARRA RESERVOIR</name>
      <styleUrl>#closed</styleUrl>
      <Point><coordinates>146.3792,-38.0992,190</coordinates></Point>
    </Placemark>
    <Placemark>
      <name>KORUMBURRA STH GIPPSLAND WATER</name>
      <styleUrl>#active</styleUrl>
      <Point><coordinates>145.7919,-38.4323,155</coordinates></Point>
    </Placemark>
    <Placemark>
      <name>MEENIYAN</name>
      <styleUrl>#closed</styleUrl>
      <Point><coordinates>146.0167,-38.5833,24.4</coordinates></Point>
    </Placemark>
    <Placemark>
      <name>NEERIM SOUTH (TARAGO RESERVOIR)</name>
      <styleUrl>#active</styleUrl>
      <Point><coordinates>145.9396,-38.022,186</coordinates></Point>
    </Placemark>
    <Placemark>
      <name>LICOLA RWC</name>
      <styleUrl>#closed</styleUrl>
      <Point><coordinates>146.6211,-37.6303,195</coordinates></Point>
    </Placemark>
    <Placemark>
      <name>AVON RIVER @ STRATFORD</name>
      <styleUrl>#active</styleUrl>
      <Point><coordinates>147.075,-37.9667,20</coordinates></Point>
    </Placemark>
    <Placemark>
      <name>EASTON PORTAL</name>
      <styleUrl>#closed</styleUrl>
      <Point><coordinates>146.2667,-37.7167,484</coordinates></Point>
    </Placemark>
    <Placemark>
      <name>LONGWARRY (BOXSHALL)</name>
      <styleUrl>#closed</styleUrl>
      <Point><coordinates>145.7833,-38.1167,42</coordinates></Point>
    </Placemark>
    <Placemark>
      <name>THOMSON PORTAL</name>
      <styleUrl>#closed</styleUrl>
      <Point><coordinates>146.2167,-37.7,639</coordinates></Point>
    </Placemark>
    <Placemark>
      <name>LONGWARRY (GOONEPAROO)</name>
      <styleUrl>#active</styleUrl>
      <Point><coordinates>145.7655,-38.0744,50</coordinates></Point>
    </Placemark>
    <Placemark>
      <name>LONGWARRY</name>
      <styleUrl>#closed</styleUrl>
      <Point><coordinates>145.7667,-38.1167,42.4</coordinates></Point>
    </Placemark>
    <Placemark>
      <name>LIVINGSTON</name>
      <styleUrl>#closed</styleUrl>
      <Point><coordinates>146.3333,-38.5,0</coordinates></Point>
    </Placemark>
    <Placemark>
      <name>GLENMAGGIE (CHEYNES)</name>
      <styleUrl>#closed</styleUrl>
      <Point><coordinates>146.7,-37.7667,0</coordinates></Point>
    </Placemark>
    <Placemark>
      <name>LARDNERS JUNCTION</name>
      <styleUrl>#closed</styleUrl>
      <Point><coordinates>145.9,-38.2,0</coordinates></Point>
    </Placemark>
    <Placemark>
      <name>LOY YANG (METROSSA)</name>
      <styleUrl>#closed</styleUrl>
      <Point><coordinates>146.6167,-38.1833,0</coordinates></Point>
    </Placemark>
    <Placemark>
      <name>BUNDALAGUAH</name>
      <styleUrl>#closed</styleUrl>
      <Point><coordinates>147.0167,-38.0333,0</coordinates></Point>
    </Placemark>
    <Placemark>
      <name>MIRBOO NORTH (BROOMRIGGE)</name>
      <styleUrl>#closed</styleUrl>
      <Point><coordinates>146.15,-38.4333,0</coordinates></Point>
    </Placemark>
    <Placemark>
      <name>NEERIM JUNCTION</name>
      <styleUrl>#closed</styleUrl>
      <Point><coordinates>145.9667,-37.9333,0</coordinates></Point>
    </Placemark>
    <Placemark>
      <name>CARRAJUNG (BROOKSIDE)</name>
      <styleUrl>#closed</styleUrl>
      <Point><coordinates>146.7667,-38.3667,0</coordinates></Point>
    </Placemark>
    <Placemark>
      <name>ALTENHOF (EAST TARWIN NO 1)</name>
      <styleUrl>#closed</styleUrl>
      <Point><coordinates>146.2,-38.5833,259</coordinates></Point>
    </Placemark>
    <Placemark>
      <name>EAST TARWIN NO.2</name>
      <styleUrl>#closed</styleUrl>
      <Point><coordinates>146.2167,-38.5667,301.8</coordinates></Point>
    </Placemark>
    <Placemark>
      <name>EAST TARWIN NO.3</name>
      <styleUrl>#closed</styleUrl>
      <Point><coordinates>146.2167,-38.5667,250</coordinates></Point>
    </Placemark>
    <Placemark>
      <name>EAST TARWIN NO.4</name>
      <styleUrl>#closed</styleUrl>
      <Point><coordinates>146.2167,-38.55,259.1</coordinates></Point>
    </Placemark>
    <Placemark>
      <name>EAST TARWIN NO.5 (INNES)</name>
      <styleUrl>#closed</styleUrl>
      <Point><coordinates>146.1833,-38.5667,308</coordinates></Point>
    </Placemark>
    <Placemark>
      <name>EAST TARWIN NO.6</name>
      <styleUrl>#closed</styleUrl>
      <Point><coordinates>146.2,-38.55,243.8</coordinates></Point>
    </Placemark>
    <Placemark>
      <name>EAST TARWIN (MCLEOD)</name>
      <styleUrl>#closed</styleUrl>
      <Point><coordinates>146.1833,-38.5833,296</coordinates></Point>
    </Placemark>
    <Placemark>
      <name>EAST TARWIN NO.8</name>
      <styleUrl>#closed</styleUrl>
      <Point><coordinates>146.1833,-38.55,268.2</coordinates></Point>
    </Placemark>
    <Placemark>
      <name>EAST TARWIN (KULBE)</name>
      <styleUrl>#closed</styleUrl>
      <Point><coordinates>146.2167,-38.5333,213</coordinates></Point>
    </Placemark>
    <Placemark>
      <name>EAST TARWIN (MIRBOO PASTORAL COMPANY)</name>
      <styleUrl>#active</styleUrl>
      <Point><coordinates>146.2041,-38.5215,263</coordinates></Point>
    </Placemark>
    <Placemark>
      <name>EAST TARWIN (HOLCOMBE)</name>
      <styleUrl>#closed</styleUrl>
      <Point><coordinates>146.2333,-38.5167,137.2</coordinates></Point>
    </Placemark>
    <Placemark>
      <name>EAST TARWIN NO.12</name>
      <styleUrl>#closed</styleUrl>
      <Point><coordinates>146.2333,-38.5167,109.7</coordinates></Point>
    </Placemark>
    <Placemark>
      <name>EAST TARWIN NO.13</name>
      <styleUrl>#closed</styleUrl>
      <Point><coordinates>146.25,-38.5333,271.3</coordinates></Point>
    </Placemark>
    <Placemark>
      <name>EAST TARWIN NO.14</name>
      <styleUrl>#closed</styleUrl>
      <Point><coordinates>146.25,-38.55,192</coordinates></Point>
    </Placemark>
    <Placemark>
      <name>EAST TARWIN NO.15</name>
      <styleUrl>#closed</styleUrl>
      <Point><coordinates>146.2833,-38.5333,365.8</coordinates></Point>
    </Placemark>
    <Placemark>
      <name>EAST TARWIN NO.16</name>
      <styleUrl>#closed</styleUrl>
      <Point><coordinates>146.2333,-38.5833,290</coordinates></Point>
    </Placemark>
    <Placemark>
      <name>EAST TARWIN NO.17</name>
      <styleUrl>#closed</styleUrl>
      <Point><coordinates>146.2667,-38.55,411.5</coordinates></Point>
    </Placemark>
    <Placemark>
      <name>EAST TARWIN NO.18</name>
      <styleUrl>#closed</styleUrl>
      <Point><coordinates>146.2581,-38.5269,365.8</coordinates></Point>
    </Placemark>
    <Placemark>
      <name>CALLIGNEE NORTH</name>
      <styleUrl>#closed</styleUrl>
      <Point><coordinates>146.5645,-38.3181,184</coordinates></Point>
    </Placemark>
    <Placemark>
      <name>NOOJEE ENGLISH HMSD</name>
      <styleUrl>#closed</styleUrl>
      <Point><coordinates>146,-37.8833,236.2</coordinates></Point>
    </Placemark>
    <Placemark>
      <name>ERICA (PARKERS CORNER)</name>
      <styleUrl>#active</styleUrl>
      <Point><coordinates>146.389,-37.9541,460</coordinates></Point>
    </Placemark>
    <Placemark>
      <name>JACOBS CREEK STATION</name>
      <styleUrl>#closed</styleUrl>
      <Point><coordinates>146.4,-38,0</coordinates></Point>
    </Placemark>
    <Placemark>
      <name>ELLINBANK DAIRY RESEARCH INST</name>
      <styleUrl>#closed</styleUrl>
      <Point><coordinates>145.9347,-38.2456,167</coordinates></Point>
    </Placemark>
    <Placemark>
      <name>DUMBALK NORTH</name>
      <styleUrl>#closed</styleUrl>
      <Point><coordinates>146.1833,-38.5,0</coordinates></Point>
    </Placemark>
    <Placemark>
      <name>MORWELL (BUCKLEYS HILL)</name>
      <styleUrl>#closed</styleUrl>
      <Point><coordinates>146.4144,-38.2375,120</coordinates></Point>
    </Placemark>
    <Placemark>
      <name>MATLOCK POST OFFICE</name>
      <styleUrl>#closed</styleUrl>
      <Point><coordinates>146.2333,-37.6,1219.2</coordinates></Point>
    </Placemark>
    <Placemark>
      <name>YANAKIE POST OFFICE</name>
      <styleUrl>#closed</styleUrl>
      <Point><coordinates>146.2,-38.8167,0</coordinates></Point>
    </Placemark>
    <Placemark>
      <name>ALBERTON THE MEADOWS</name>
      <styleUrl>#closed</styleUrl>
      <Point><coordinates>146.7167,-38.6167,0</coordinates></Point>
    </Placemark>
    <Placemark>
      <name>BUDGEREE EDEN PARK</name>
      <styleUrl>#closed</styleUrl>
      <Point><coordinates>146.2833,-38.6167,0</coordinates></Point>
    </Placemark>
    <Placemark>
      <name>WARRAGUL HIGH SCHOOL</name>
      <styleUrl>#closed</styleUrl>
      <Point><coordinates>145.9167,-38.1667,0</coordinates></Point>
    </Placemark>
    <Placemark>
      <name>COBBANNAH NO.1 RECORDER</name>
      <styleUrl>#closed</styleUrl>
      <Point><coordinates>147.1833,-37.65,451</coordinates></Point>
    </Placemark>
    <Placemark>
      <name>COBBANNAH NO.2 RECORDER</name>
      <styleUrl>#closed</styleUrl>
      <Point><coordinates>147.2333,-37.6,456</coordinates></Point>
    </Placemark>
    <Placemark>
      <name>COBBANNAH NO.3 RECORDER</name>
      <styleUrl>#closed</styleUrl>
      <Point><coordinates>147.2667,-37.65,323</coordinates></Point>
    </Placemark>
    <Placemark>
      <name>COBBANNAH NO.4 RECORDER</name>
      <styleUrl>#closed</styleUrl>
      <Point><coordinates>147.3333,-37.6167,424</coordinates></Point>
    </Placemark>
    <Placemark>
      <name>ERICA (PHILIPS BRIDGE)</name>
      <styleUrl>#closed</styleUrl>
      <Point><coordinates>146.3474,-37.9973,235</coordinates></Point>
    </Placemark>
    <Placemark>
      <name>MORGANS MILL</name>
      <styleUrl>#closed</styleUrl>
      <Point><coordinates>146.3167,-37.95,243.8</coordinates></Point>
    </Placemark>
    <Placemark>
      <name>VALENCIA CREEK (LITTLE PLAIN)</name>
      <styleUrl>#active</styleUrl>
      <Point><coordinates>146.9567,-37.8115,62</coordinates></Point>
    </Placemark>
    <Placemark>
      <name>CROOKED RVR (CROOKED RIVER (HAPPY VALLEY</name>
      <styleUrl>#active</styleUrl>
      <Point><coordinates>146.9851,-37.3573,335.2</coordinates></Point>
    </Placemark>
    <Placemark>
      <name>BARKLY RIVER (GLENLEA)</name>
      <styleUrl>#closed</styleUrl>
      <Point><coordinates>146.5478,-37.5125,450</coordinates></Point>
    </Placemark>
    <Placemark>
      <name>CAPE LIPTRAP (WALKERVILLE (360 DEGREES))</name>
      <styleUrl>#active</styleUrl>
      <Point><coordinates>145.9715,-38.8389,165</coordinates></Point>
    </Placemark>
    <Placemark>
      <name>BARRACOUTA SHIP LOG 205</name>
      <styleUrl>#active</styleUrl>
      <Point><coordinates>147.6833,-38.3,9.1</coordinates></Point>
    </Placemark>
    <Placemark>
      <name>HALIBUT SHIP LOG 207</name>
      <styleUrl>#active</styleUrl>
      <Point><coordinates>148.3211,-38.4061,9.1</coordinates></Point>
    </Placemark>
    <Placemark>
      <name>MARLIN SHIP LOG 208</name>
      <styleUrl>#active</styleUrl>
      <Point><coordinates>148.2211,-38.2322,9.1</coordinates></Point>
    </Placemark>
    <Placemark>
      <name>KINGFISH A SHIP LOG 206</name>
      <styleUrl>#closed</styleUrl>
      <Point><coordinates>148.1447,-38.5983,77.1</coordinates></Point>
    </Placemark>
    <Placemark>
      <name>MURRAYS BALOOK</name>
      <styleUrl>#closed</styleUrl>
      <Point><coordinates>146.5367,-38.4267,0</coordinates></Point>
    </Placemark>
    <Placemark>
      <name>NOVACS</name>
      <styleUrl>#closed</styleUrl>
      <Point><coordinates>146.6333,-38.4,0</coordinates></Point>
    </Placemark>
    <Placemark>
      <name>MACKS CREEK</name>
      <styleUrl>#closed</styleUrl>
      <Point><coordinates>146.6667,-38.4667,0</coordinates></Point>
    </Placemark>
    <Placemark>
      <name>HILL END (TANJIL RIVER @ TANJIL JUNCTION</name>
      <styleUrl>#active</styleUrl>
      <Point><coordinates>146.1917,-37.9817,180</coordinates></Point>
    </Placemark>
    <Placemark>
      <name>KERR (LATROBE NO.1)</name>
      <styleUrl>#closed</styleUrl>
      <Point><coordinates>145.8833,-37.8833,268.2</coordinates></Point>
    </Placemark>
    <Placemark>
      <name>HILL END (FUMINA ROAD)</name>
      <styleUrl>#closed</styleUrl>
      <Point><coordinates>146.1333,-37.9833,0</coordinates></Point>
    </Placemark>
    <Placemark>
      <name>NOOJEE PEARCE</name>
      <styleUrl>#closed</styleUrl>
      <Point><coordinates>146.0167,-37.8833,261</coordinates></Point>
    </Placemark>
    <Placemark>
      <name>MITCHELL RIVER @ GLENALADALE</name>
      <styleUrl>#active</styleUrl>
      <Point><coordinates>147.3744,-37.7647,40</coordinates></Point>
    </Placemark>
    <Placemark>
      <name>NAMBROK MURRAY</name>
      <styleUrl>#closed</styleUrl>
      <Point><coordinates>146.8833,-38.05,0</coordinates></Point>
    </Placemark>
    <Placemark>
      <name>THOMSON RIVER @ SALE WHARF</name>
      <styleUrl>#active</styleUrl>
      <Point><coordinates>147.0606,-38.1144,15</coordinates></Point>
    </Placemark>
    <Placemark>
      <name>ROTAMAH ISLAND</name>
      <styleUrl>#closed</styleUrl>
      <Point><coordinates>147.7333,-37.9833,0</coordinates></Point>
    </Placemark>
    <Placemark>
      <name>MEENIYAN (KASMAR)</name>
      <styleUrl>#closed</styleUrl>
      <Point><coordinates>145.9497,-38.5833,80</coordinates></Point>
    </Placemark>
    <Placemark>
      <name>DARRIMAN (OMEGA)</name>
      <styleUrl>#closed</styleUrl>
      <Point><coordinates>146.9333,-38.4833,34</coordinates></Point>
    </Placemark>
    <Placemark>
      <name>AVON RIVER @ THE CHANNEL</name>
      <styleUrl>#active</styleUrl>
      <Point><coordinates>146.8842,-37.8039,0</coordinates></Point>
    </Placemark>
    <Placemark>
      <name>NOOJEE (SLIVAR)</name>
      <styleUrl>#active</styleUrl>
      <Point><coordinates>145.9719,-37.9039,275</coordinates></Point>
    </Placemark>
    <Placemark>
      <name>ABERFELDY (LILY CREEK  (LAROMMI))</name>
      <styleUrl>#active</styleUrl>
      <Point><coordinates>146.3888,-37.7196,495</coordinates></Point>
    </Placemark>
    <Placemark>
      <name>BAIRNSDALE AIRPORT</name>
      <styleUrl>#active</styleUrl>
      <Point><coordinates>147.5669,-37.8818,49.4</coordinates></Point>
    </Placemark>
    <Placemark>
      <name>MORWELL (LATROBE VALLEY AIRPORT)</name>
      <styleUrl>#active</styleUrl>
      <Point><coordinates>146.4746,-38.2094,55.7</coordinates></Point>
    </Placemark>
    <Placemark>
      <name>TRARALGON CREEK AT KOORNALLA</name>
      <styleUrl>#active</styleUrl>
      <Point><coordinates>146.5301,-38.3245,90</coordinates></Point>
    </Placemark>
    <Placemark>
      <name>MIRBOO NORTH WATER BOARD</name>
      <styleUrl>#active</styleUrl>
      <Point><coordinates>146.1791,-38.3712,172</coordinates></Point>
    </Placemark>
    <Placemark>
      <name>WILLOW GROVE (BLUE ROCK RESERVOIR)</name>
      <styleUrl>#closed</styleUrl>
      <Point><coordinates>146.2139,-38.0809,161</coordinates></Point>
    </Placemark>
    <Placemark>
      <name>SANDY POINT</name>
      <styleUrl>#closed</styleUrl>
      <Point><coordinates>146.1167,-38.8333,23</coordinates></Point>
    </Placemark>
    <Placemark>
      <name>DROUIN SOUTH GIPPSLAND WATER</name>
      <styleUrl>#closed</styleUrl>
      <Point><coordinates>145.8372,-38.1514,120</coordinates></Point>
    </Placemark>
    <Placemark>
      <name>STRINGYBARK CREEK</name>
      <styleUrl>#closed</styleUrl>
      <Point><coordinates>146.6667,-37.7667,111</coordinates></Point>
    </Placemark>
    <Placemark>
      <name>GLENCAIRN RWC</name>
      <styleUrl>#closed</styleUrl>
      <Point><coordinates>146.55,-37.5167,300</coordinates></Point>
    </Placemark>
    <Placemark>
      <name>MOUNT TAMBORITHA</name>
      <styleUrl>#active</styleUrl>
      <Point><coordinates>146.6883,-37.4667,1446</coordinates></Point>
    </Placemark>
    <Placemark>
      <name>MURDERERS HILL</name>
      <styleUrl>#active</styleUrl>
      <Point><coordinates>146.555,-37.8514,720</coordinates></Point>
    </Placemark>
    <Placemark>
      <name>CHURCHILL</name>
      <styleUrl>#closed</styleUrl>
      <Point><coordinates>146.4097,-38.3089,125</coordinates></Point>
    </Placemark>
    <Placemark>
      <name>MOUNT BAW BAW</name>
      <styleUrl>#active</styleUrl>
      <Point><coordinates>146.2747,-37.8384,1561</coordinates></Point>
    </Placemark>
    <Placemark>
      <name>NOOJEE (DECCA)</name>
      <styleUrl>#active</styleUrl>
      <Point><coordinates>145.9958,-37.8897,235</coordinates></Point>
    </Placemark>
    <Placemark>
      <name>CAPE LIPTRAP  (ILLAWONG)</name>
      <styleUrl>#active</styleUrl>
      <Point><coordinates>145.9355,-38.8957,95</coordinates></Point>
    </Placemark>
    <Placemark>
      <name>WARATAH NORTH</name>
      <styleUrl>#closed</styleUrl>
      <Point><coordinates>146.05,-38.7714,130</coordinates></Point>
    </Placemark>
    <Placemark>
      <name>STONY CREEK</name>
      <styleUrl>#active</styleUrl>
      <Point><coordinates>146.0648,-38.5586,70</coordinates></Point>
    </Placemark>
    <Placemark>
      <name>MOUNT MOORNAPA</name>
      <styleUrl>#active</styleUrl>
      <Point><coordinates>147.1428,-37.7481,480</coordinates></Point>
    </Placemark>
    <Placemark>
      <name>MAFFRA</name>
      <styleUrl>#active</styleUrl>
      <Point><coordinates>146.986,-37.9722,35</coordinates></Point>
    </Placemark>
    <Placemark>
      <name>EAST SALE COMPARISON</name>
      <styleUrl>#closed</styleUrl>
      <Point><coordinates>147.1317,-38.1072,4.6</coordinates></Point>
    </Placemark>
    <Placemark>
      <name>KOORNALLA TRARALGON CK RD</name>
      <styleUrl>#active</styleUrl>
      <Point><coordinates>146.5318,-38.3232,91</coordinates></Point>
    </Placemark>
    <Placemark>
      <name>FOSTER HODDLE</name>
      <styleUrl>#closed</styleUrl>
      <Point><coordinates>146.1483,-38.6796,140</coordinates></Point>
    </Placemark>
    <Placemark>
      <name>CORNER INLET (YANAKIE)</name>
      <styleUrl>#closed</styleUrl>
      <Point><coordinates>146.1936,-38.8051,13.3</coordinates></Point>
    </Placemark>
    <Placemark>
      <name>TAMBORITHA-MOROKA (SNOWY RANGE)</name>
      <styleUrl>#active</styleUrl>
      <Point><coordinates>146.7188,-37.2864,0</coordinates></Point>
    </Placemark>
    <Placemark>
      <name>REEVES KNOB</name>
      <styleUrl>#active</styleUrl>
      <Point><coordinates>147.0053,-37.5325,0</coordinates></Point>
    </Placemark>
    <Placemark>
      <name>MOUNT WELLINGTON</name>
      <styleUrl>#active</styleUrl>
      <Point><coordinates>146.8575,-37.4967,1559</coordinates></Point>
    </Placemark>
    <Placemark>
      <name>VESPER</name>
      <styleUrl>#active</styleUrl>
      <Point><coordinates>146.0833,-37.8758,540</coordinates></Point>
    </Placemark>
    <Placemark>
      <name>LICOLA</name>
      <styleUrl>#closed</styleUrl>
      <Point><coordinates>146.6224,-37.628,195</coordinates></Point>
    </Placemark>
    <Placemark>
      <name>JEERALANG NORTH</name>
      <styleUrl>#active</styleUrl>
      <Point><coordinates>146.4379,-38.3545,606</coordinates></Point>
    </Placemark>
    <Placemark>
      <name>THORPDALE PEAK</name>
      <styleUrl>#active</styleUrl>
      <Point><coordinates>146.2139,-38.3053,360</coordinates></Point>
    </Placemark>
    <Placemark>
      <name>MOE SOUTH</name>
      <styleUrl>#active</styleUrl>
      <Point><coordinates>146.2487,-38.2186,365</coordinates></Point>
    </Placemark>
    <Placemark>
      <name>YARRAGON SOUTH</name>
      <styleUrl>#active</styleUrl>
      <Point><coordinates>146.0914,-38.2741,413</coordinates></Point>
    </Placemark>
    <Placemark>
      <name>SEAVIEW</name>
      <styleUrl>#closed</styleUrl>
      <Point><coordinates>145.9211,-38.2837,308</coordinates></Point>
    </Placemark>
    <Placemark>
      <name>LOCH SPORT (NINETY MILE BEACH HOLIDAY RE</name>
      <styleUrl>#closed</styleUrl>
      <Point><coordinates>147.517,-38.1197,12</coordinates></Point>
    </Placemark>
    <Placemark>
      <name>NILMA NORTH (WARRAGUL)</name>
      <styleUrl>#active</styleUrl>
      <Point><coordinates>145.9865,-38.1321,134.1</coordinates></Point>
    </Placemark>
    <Placemark>
      <name>EAST SALE AIRPORT</name>
      <styleUrl>#active</styleUrl>
      <Point><coordinates>147.1398,-38.1016,5.3</coordinates></Point>
    </Placemark>
    <Placemark>
      <name>MOUNT ECCLES (FAIRBANK)</name>
      <styleUrl>#active</styleUrl>
      <Point><coordinates>145.9462,-38.4099,129</coordinates></Point>
    </Placemark>
    <Placemark>
      <name>ATHLONE</name>
      <styleUrl>#closed</styleUrl>
      <Point><coordinates>145.7667,-38.25,0</coordinates></Point>
    </Placemark>
    <Placemark>
      <name>BALNARRING BEACH</name>
      <styleUrl>#closed</styleUrl>
      <Point><coordinates>145.1333,-38.4,0</coordinates></Point>
    </Placemark>
    <Placemark>
      <name>BALWYN NORTH</name>
      <styleUrl>#closed</styleUrl>
      <Point><coordinates>145.05,-37.8,0</coordinates></Point>
    </Placemark>
    <Placemark>
      <name>BALWYN BELMORE GRANGE</name>
      <styleUrl>#closed</styleUrl>
      <Point><coordinates>145.0961,-37.8047,97</coordinates></Point>
    </Placemark>
    <Placemark>
      <name>BEACONSFIELD UPPER</name>
      <styleUrl>#closed</styleUrl>
      <Point><coordinates>145.35,-38,213.4</coordinates></Point>
    </Placemark>
    <Placemark>
      <name>BEENAK</name>
      <styleUrl>#closed</styleUrl>
      <Point><coordinates>145.6,-37.9,609.6</coordinates></Point>
    </Placemark>
    <Placemark>
      <name>BENTLEIGH</name>
      <styleUrl>#active</styleUrl>
      <Point><coordinates>145.0749,-37.9279,54.9</coordinates></Point>
    </Placemark>
    <Placemark>
      <name>BLACK ROCK</name>
      <styleUrl>#closed</styleUrl>
      <Point><coordinates>145.0167,-37.9667,0</coordinates></Point>
    </Placemark>
    <Placemark>
      <name>BLACK SPUR THE HERMITAGE</name>
      <styleUrl>#closed</styleUrl>
      <Point><coordinates>145.65,-37.5667,0</coordinates></Point>
    </Placemark>
    <Placemark>
      <name>BLACK SPUR</name>
      <styleUrl>#closed</styleUrl>
      <Point><coordinates>145.6236,-37.5909,567</coordinates></Point>
    </Placemark>
    <Placemark>
      <name>BORONIA 1</name>
      <styleUrl>#closed</styleUrl>
      <Point><coordinates>145.3,-37.85,0</coordinates></Point>
    </Placemark>
    <Placemark>
      <name>BOX HILL SOUTH</name>
      <styleUrl>#closed</styleUrl>
      <Point><coordinates>145.15,-37.8333,0</coordinates></Point>
    </Placemark>
    <Placemark>
      <name>BOX HILL AGED MENS RETREAT</name>
      <styleUrl>#closed</styleUrl>
      <Point><coordinates>145.1364,-37.8364,97</coordinates></Point>
    </Placemark>
    <Placemark>
      <name>BURNLEY</name>
      <styleUrl>#closed</styleUrl>
      <Point><coordinates>145,-37.8,0</coordinates></Point>
    </Placemark>
    <Placemark>
      <name>BURWOOD BOUNDARY ROAD</name>
      <styleUrl>#closed</styleUrl>
      <Point><coordinates>145.15,-37.8667,91.4</coordinates></Point>
    </Placemark>
    <Placemark>
      <name>BURWOOD EAST</name>
      <styleUrl>#closed</styleUrl>
      <Point><coordinates>145.2,-37.85,0</coordinates></Point>
    </Placemark>
    <Placemark>
      <name>CANTERBURY</name>
      <styleUrl>#closed</styleUrl>
      <Point><coordinates>145.05,-37.8,0</coordinates></Point>
    </Placemark>
    <Placemark>
      <name>CAPE SCHANCK LIGHTHOUSE</name>
      <styleUrl>#closed</styleUrl>
      <Point><coordinates>144.8858,-38.4931,79.3</coordinates></Point>
    </Placemark>
    <Placemark>
      <name>CAULFIELD (RACECOURSE)</name>
      <styleUrl>#active</styleUrl>
      <Point><coordinates>145.0368,-37.8795,48.8</coordinates></Point>
    </Placemark>
    <Placemark>
      <name>CAULFIELD SOUTH</name>
      <styleUrl>#closed</styleUrl>
      <Point><coordinates>145.0333,-37.9,51.5</coordinates></Point>
    </Placemark>
    <Placemark>
      <name>CHELTENHAM (HEATHERTON (KINGSTON CENTRE)</name>
      <styleUrl>#active</styleUrl>
      <Point><coordinates>145.0783,-37.955,39</coordinates></Point>
    </Placemark>
    <Placemark>
      <name>CHRISTMAS HILLS</name>
      <styleUrl>#closed</styleUrl>
      <Point><coordinates>145.3,-37.65,0</coordinates></Point>
    </Placemark>
    <Placemark>
      <name>CLEMATIS</name>
      <styleUrl>#closed</styleUrl>
      <Point><coordinates>145.4,-37.9333,0</coordinates></Point>
    </Placemark>
    <Placemark>
      <name>CLYDE STATE SCHOOL</name>
      <styleUrl>#closed</styleUrl>
      <Point><coordinates>145.3,-38.1,0</coordinates></Point>
    </Placemark>
    <Placemark>
      <name>COBURG</name>
      <styleUrl>#closed</styleUrl>
      <Point><coordinates>144.9667,-37.75,61</coordinates></Point>
    </Placemark>
    <Placemark>
      <name>COWES</name>
      <styleUrl>#closed</styleUrl>
      <Point><coordinates>145.2667,-38.4833,11.9</coordinates></Point>
    </Placemark>
    <Placemark>
      <name>CROYDON STATE SCHOOL</name>
      <styleUrl>#closed</styleUrl>
      <Point><coordinates>145.3,-37.8,117.7</coordinates></Point>
    </Placemark>
    <Placemark>
      <name>CROYDON (SAMUEL STREET)</name>
      <styleUrl>#closed</styleUrl>
      <Point><coordinates>145.2812,-37.7903,134</coordinates></Point>
    </Placemark>
    <Placemark>
      <name>DANDENONG POST OFFICE</name>
      <styleUrl>#closed</styleUrl>
      <Point><coordinates>145.2,-38,40.8</coordinates></Point>
    </Placemark>
    <Placemark>
      <name>BEACONSFIELD 2</name>
      <styleUrl>#closed</styleUrl>
      <Point><coordinates>145.4167,-38,213.4</coordinates></Point>
    </Placemark>
    <Placemark>
      <name>DONCASTER</name>
      <styleUrl>#closed</styleUrl>
      <Point><coordinates>145.15,-37.7833,76.2</coordinates></Point>
    </Placemark>
    <Placemark>
      <name>DROMANA</name>
      <styleUrl>#closed</styleUrl>
      <Point><coordinates>145,-38.4,3</coordinates></Point>
    </Placemark>
    <Placemark>
      <name>BRIGHTON BOWLS CLUB</name>
      <styleUrl>#closed</styleUrl>
      <Point><coordinates>145.0254,-37.9252,33</coordinates></Point>
    </Placemark>
    <Placemark>
      <name>ELSTERNWICK</name>
      <styleUrl>#closed</styleUrl>
      <Point><coordinates>145,-37.8833,0</coordinates></Point>
    </Placemark>
    <Placemark>
      <name>ELTHAM</name>
      <styleUrl>#active</styleUrl>
      <Point><coordinates>145.155,-37.7004,44</coordinates></Point>
    </Placemark>
    <Placemark>
      <name>EPPING</name>
      <styleUrl>#closed</styleUrl>
      <Point><coordinates>144.9846,-37.6312,140</coordinates></Point>
    </Placemark>
    <Placemark>
      <name>ESSENDON 1</name>
      <styleUrl>#closed</styleUrl>
      <Point><coordinates>144.9,-37.7333,82</coordinates></Point>
    </Placemark>
    <Placemark>
      <name>ESSENDON AIRPORT</name>
      <styleUrl>#active</styleUrl>
      <Point><coordinates>144.9066,-37.7276,78.4</coordinates></Point>
    </Placemark>
    <Placemark>
      <name>FLEMINGTON RACECOURSE</name>
      <styleUrl>#active</styleUrl>
      <Point><coordinates>144.9067,-37.7915,10</coordinates></Point>
    </Placemark>
    <Placemark>
      <name>FLINDERS STATE SCHOOL</name>
      <styleUrl>#closed</styleUrl>
      <Point><coordinates>145,-38.5,0</coordinates></Point>
    </Placemark>
    <Placemark>
      <name>HMAS CERBERUS</name>
      <styleUrl>#closed</styleUrl>
      <Point><coordinates>145.1833,-38.3667,0</coordinates></Point>
    </Placemark>
    <Placemark>
      <name>FRANKSTON 1</name>
      <styleUrl>#closed</styleUrl>
      <Point><coordinates>145.1,-38.15,0</coordinates></Point>
    </Placemark>
    <Placemark>
      <name>FRANKSTON 3</name>
      <styleUrl>#closed</styleUrl>
      <Point><coordinates>145.1,-38.15,0</coordinates></Point>
    </Placemark>
    <Placemark>
      <name>GARFIELD</name>
      <styleUrl>#closed</styleUrl>
      <Point><coordinates>145.6828,-38.0686,100</coordinates></Point>
    </Placemark>
    <Placemark>
      <name>GEMBROOK</name>
      <styleUrl>#closed</styleUrl>
      <Point><coordinates>145.5667,-37.95,310.9</coordinates></Point>
    </Placemark>
    <Placemark>
      <name>GLENROY</name>
      <styleUrl>#closed</styleUrl>
      <Point><coordinates>144.9333,-37.7167,79.2</coordinates></Point>
    </Placemark>
    <Placemark>
      <name>GLEN WAVERLEY (SYNDAL)</name>
      <styleUrl>#closed</styleUrl>
      <Point><coordinates>145.2,-37.9,0</coordinates></Point>
    </Placemark>
    <Placemark>
      <name>HASTINGS POST OFFICE</name>
      <styleUrl>#closed</styleUrl>
      <Point><coordinates>145.2,-38.3167,3.7</coordinates></Point>
    </Placemark>
    <Placemark>
      <name>HAWTHORN</name>
      <styleUrl>#closed</styleUrl>
      <Point><coordinates>145.05,-37.8,0</coordinates></Point>
    </Placemark>
    <Placemark>
      <name>HEALESVILLE (BADGER CRK SANCTUARY)</name>
      <styleUrl>#closed</styleUrl>
      <Point><coordinates>145.5333,-37.6833,131.1</coordinates></Point>
    </Placemark>
    <Placemark>
      <name>HEALESVILLE (MOUNT TOOLE BE WONG)</name>
      <styleUrl>#closed</styleUrl>
      <Point><coordinates>145.5,-37.65,0</coordinates></Point>
    </Placemark>
    <Placemark>
      <name>HEALESVILLE (MOUNT ST LEONARD)</name>
      <styleUrl>#closed</styleUrl>
      <Point><coordinates>145.5,-37.6,0</coordinates></Point>
    </Placemark>
    <Placemark>
      <name>HEIDELBERG (ROSANNA)</name>
      <styleUrl>#closed</styleUrl>
      <Point><coordinates>145,-37.75,97.5</coordinates></Point>
    </Placemark>
    <Placemark>
      <name>HIGHETT CSIRO</name>
      <styleUrl>#closed</styleUrl>
      <Point><coordinates>145.0333,-37.95,0</coordinates></Point>
    </Placemark>
    <Placemark>
      <name>OFFICER (JESMOND DENE)</name>
      <styleUrl>#closed</styleUrl>
      <Point><coordinates>145.4,-38.05,34</coordinates></Point>
    </Placemark>
    <Placemark>
      <name>KALLISTA FORESTRY</name>
      <styleUrl>#closed</styleUrl>
      <Point><coordinates>145.3833,-37.9,0</coordinates></Point>
    </Placemark>
    <Placemark>
      <name>KALKALLO</name>
      <styleUrl>#closed</styleUrl>
      <Point><coordinates>144.95,-37.5167,244</coordinates></Point>
    </Placemark>
    <Placemark>
      <name>KALORAMA</name>
      <styleUrl>#closed</styleUrl>
      <Point><coordinates>145.3,-37.8,0</coordinates></Point>
    </Placemark>
    <Placemark>
      <name>KANGAROO GROUND</name>
      <styleUrl>#closed</styleUrl>
      <Point><coordinates>145.2518,-37.683,183</coordinates></Point>
    </Placemark>
    <Placemark>
      <name>KEW</name>
      <styleUrl>#closed</styleUrl>
      <Point><coordinates>145.0333,-37.8167,59.7</coordinates></Point>
    </Placemark>
    <Placemark>
      <name>KINGLAKE</name>
      <styleUrl>#closed</styleUrl>
      <Point><coordinates>145.3333,-37.5333,541</coordinates></Point>
    </Placemark>
    <Placemark>
      <name>KOO WEE RUP</name>
      <styleUrl>#closed</styleUrl>
      <Point><coordinates>145.5,-38.2,2.7</coordinates></Point>
    </Placemark>
    <Placemark>
      <name>LANG LANG</name>
      <styleUrl>#active</styleUrl>
      <Point><coordinates>145.5639,-38.2627,16</coordinates></Point>
    </Placemark>
    <Placemark>
      <name>LANGWARRIN (BAXTER)</name>
      <styleUrl>#closed</styleUrl>
      <Point><coordinates>145.1667,-38.1667,99.1</coordinates></Point>
    </Placemark>
    <Placemark>
      <name>LAUNCHING PLACE (DON VALLEY)</name>
      <styleUrl>#closed</styleUrl>
      <Point><coordinates>145.6,-37.75,0</coordinates></Point>
    </Placemark>
    <Placemark>
      <name>LILYDALE</name>
      <styleUrl>#closed</styleUrl>
      <Point><coordinates>145.3592,-37.7561,130</coordinates></Point>
    </Placemark>
    <Placemark>
      <name>LOCH</name>
      <styleUrl>#closed</styleUrl>
      <Point><coordinates>145.7333,-38.3667,105</coordinates></Point>
    </Placemark>
    <Placemark>
      <name>VIEWBANK</name>
      <styleUrl>#active</styleUrl>
      <Point><coordinates>145.0972,-37.7408,66.1</coordinates></Point>
    </Placemark>
    <Placemark>
      <name>MALVERN (YANKO)</name>
      <styleUrl>#closed</styleUrl>
      <Point><coordinates>145.0833,-37.8333,0</coordinates></Point>
    </Placemark>
    <Placemark>
      <name>MAROONDAH WEIR (MELBOURNE WATER)</name>
      <styleUrl>#active</styleUrl>
      <Point><coordinates>145.5497,-37.639,174</coordinates></Point>
    </Placemark>
    <Placemark>
      <name>MELBOURNE REGIONAL OFFICE</name>
      <styleUrl>#closed</styleUrl>
      <Point><coordinates>144.97,-37.8075,31.2</coordinates></Point>
    </Placemark>
    <Placemark>
      <name>MONBULK (SPRING ROAD)</name>
      <styleUrl>#active</styleUrl>
      <Point><coordinates>145.4231,-37.8808,0</coordinates></Point>
    </Placemark>
    <Placemark>
      <name>MICKLEHAM</name>
      <styleUrl>#closed</styleUrl>
      <Point><coordinates>144.8788,-37.5547,270</coordinates></Point>
    </Placemark>
    <Placemark>
      <name>MITCHAM</name>
      <styleUrl>#active</styleUrl>
      <Point><coordinates>145.191,-37.8219,145</coordinates></Point>
    </Placemark>
    <Placemark>
      <name>MONBULK</name>
      <styleUrl>#closed</styleUrl>
      <Point><coordinates>145.4,-37.9,0</coordinates></Point>
    </Placemark>
    <Placemark>
      <name>MONTROSE</name>
      <styleUrl>#active</styleUrl>
      <Point><coordinates>145.3679,-37.8021,170</coordinates></Point>
    </Placemark>
    <Placemark>
      <name>MOORABBIN AIRPORT</name>
      <styleUrl>#active</styleUrl>
      <Point><coordinates>145.0962,-37.98,12.1</coordinates></Point>
    </Placemark>
    <Placemark>
      <name>MORDIALLOC WOODLANDS GOLF CLUB</name>
      <styleUrl>#closed</styleUrl>
      <Point><coordinates>145.1,-38,0</coordinates></Point>
    </Placemark>
    <Placemark>
      <name>MORNINGTON</name>
      <styleUrl>#active</styleUrl>
      <Point><coordinates>145.0667,-38.2358,60</coordinates></Point>
    </Placemark>
    <Placemark>
      <name>MOUNT BURNETT</name>
      <styleUrl>#closed</styleUrl>
      <Point><coordinates>145.5167,-37.9833,289</coordinates></Point>
    </Placemark>
    <Placemark>
      <name>MOUNT DANDENONG</name>
      <styleUrl>#closed</styleUrl>
      <Point><coordinates>145.3333,-37.8167,0</coordinates></Point>
    </Placemark>
    <Placemark>
      <name>MOUNT ELIZA</name>
      <styleUrl>#closed</styleUrl>
      <Point><coordinates>145.1,-38.2,106.7</coordinates></Point>
    </Placemark>
    <Placemark>
      <name>MURRUMBEENA LEEDS GROVE</name>
      <styleUrl>#closed</styleUrl>
      <Point><coordinates>145.1,-37.9,43</coordinates></Point>
    </Placemark>
    <Placemark>
      <name>NAR NAR GOON NORTH</name>
      <styleUrl>#closed</styleUrl>
      <Point><coordinates>145.5,-38,0</coordinates></Point>
    </Placemark>
    <Placemark>
      <name>NARRE WARREN NORTH (NARRE WARREN  NORTH</name>
      <styleUrl>#active</styleUrl>
      <Point><coordinates>145.3319,-37.9886,128</coordinates></Point>
    </Placemark>
    <Placemark>
      <name>NARRE WARREN (BRECHIN)</name>
      <styleUrl>#closed</styleUrl>
      <Point><coordinates>145.3,-38.0333,0</coordinates></Point>
    </Placemark>
    <Placemark>
      <name>NEEDLES EYE (VENTNOR)</name>
      <styleUrl>#closed</styleUrl>
      <Point><coordinates>145.21,-38.4831,38</coordinates></Point>
    </Placemark>
    <Placemark>
      <name>OAKLEIGH (METROPOLITAN GOLF CLUB)</name>
      <styleUrl>#active</styleUrl>
      <Point><coordinates>145.0935,-37.9142,81</coordinates></Point>
    </Placemark>
    <Placemark>
      <name>OLINDA</name>
      <styleUrl>#closed</styleUrl>
      <Point><coordinates>145.3,-37.85,0</coordinates></Point>
    </Placemark>
    <Placemark>
      <name>WARBURTON (O'SHANNASSY RESERVOIR (QUARTE</name>
      <styleUrl>#active</styleUrl>
      <Point><coordinates>145.7855,-37.7089,240</coordinates></Point>
    </Placemark>
    <Placemark>
      <name>PASCOE VALE</name>
      <styleUrl>#closed</styleUrl>
      <Point><coordinates>144.9333,-37.7333,82</coordinates></Point>
    </Placemark>
    <Placemark>
      <name>POOWONG (POST OFFICE)</name>
      <styleUrl>#closed</styleUrl>
      <Point><coordinates>145.7653,-38.3425,190</coordinates></Point>
    </Placemark>
    <Placemark>
      <name>PORTSEA</name>
      <styleUrl>#closed</styleUrl>
      <Point><coordinates>144.7,-38.2167,0</coordinates></Point>
    </Placemark>
    <Placemark>
      <name>POWELLTOWN DNRE</name>
      <styleUrl>#active</styleUrl>
      <Point><coordinates>145.7443,-37.8615,189.1</coordinates></Point>
    </Placemark>
    <Placemark>
      <name>PRAHRAN (COMO HOUSE)</name>
      <styleUrl>#closed</styleUrl>
      <Point><coordinates>145.0048,-37.8376,27</coordinates></Point>
    </Placemark>
    <Placemark>
      <name>PRESTON RESERVOIR</name>
      <styleUrl>#active</styleUrl>
      <Point><coordinates>145.0059,-37.7214,94</coordinates></Point>
    </Placemark>
    <Placemark>
      <name>PORTSEA QUARANTINE STATION</name>
      <styleUrl>#closed</styleUrl>
      <Point><coordinates>144.6667,-38.3167,6.1</coordinates></Point>
    </Placemark>
    <Placemark>
      <name>RED HILL SOUTH</name>
      <styleUrl>#closed</styleUrl>
      <Point><coordinates>145.0303,-38.3686,119</coordinates></Point>
    </Placemark>
    <Placemark>
      <name>RED HILL SOUTH</name>
      <styleUrl>#closed</styleUrl>
      <Point><coordinates>145,-38.3833,182.9</coordinates></Point>
    </Placemark>
    <Placemark>
      <name>BURNLEY RICHMOND PARK</name>
      <styleUrl>#closed</styleUrl>
      <Point><coordinates>145,-37.8,0</coordinates></Point>
    </Placemark>
    <Placemark>
      <name>RINGWOOD</name>
      <styleUrl>#closed</styleUrl>
      <Point><coordinates>145.25,-37.8,129.5</coordinates></Point>
    </Placemark>
    <Placemark>
      <name>SAN REMO</name>
      <styleUrl>#closed</styleUrl>
      <Point><coordinates>145.3833,-38.5333,6</coordinates></Point>
    </Placemark>
    <Placemark>
      <name>SASSAFRAS POST OFFICE</name>
      <styleUrl>#closed</styleUrl>
      <Point><coordinates>145.35,-37.8,0</coordinates></Point>
    </Placemark>
    <Placemark>
      <name>SCORESBY RESEARCH INSTITUTE</name>
      <styleUrl>#active</styleUrl>
      <Point><coordinates>145.2561,-37.871,80</coordinates></Point>
    </Placemark>
    <Placemark>
      <name>SHOREHAM</name>
      <styleUrl>#closed</styleUrl>
      <Point><coordinates>145.0413,-38.4279,40</coordinates></Point>
    </Placemark>
    <Placemark>
      <name>SILVAN</name>
      <styleUrl>#closed</styleUrl>
      <Point><coordinates>145.437,-37.8325,259</coordinates></Point>
    </Placemark>
    <Placemark>
      <name>SILVAN STATE SCHOOL</name>
      <styleUrl>#closed</styleUrl>
      <Point><coordinates>145.4,-37.8,0</coordinates></Point>
    </Placemark>
    <Placemark>
      <name>SOMERTON</name>
      <styleUrl>#closed</styleUrl>
      <Point><coordinates>144.9,-37.65,177.4</coordinates></Point>
    </Placemark>
    <Placemark>
      <name>SORRENTO STATE SCHOOL</name>
      <styleUrl>#closed</styleUrl>
      <Point><coordinates>144.7,-38.3,0</coordinates></Point>
    </Placemark>
    <Placemark>
      <name>MORANG SOUTH</name>
      <styleUrl>#closed</styleUrl>
      <Point><coordinates>145.0833,-37.6667,152</coordinates></Point>
    </Placemark>
    <Placemark>
      <name>SPRINGVALE NECROPOLIS</name>
      <styleUrl>#active</styleUrl>
      <Point><coordinates>145.1764,-37.9445,73</coordinates></Point>
    </Placemark>
    <Placemark>
      <name>WARBURTON EAST (STARVATION CREEK)</name>
      <styleUrl>#closed</styleUrl>
      <Point><coordinates>145.8167,-37.7167,0</coordinates></Point>
    </Placemark>
    <Placemark>
      <name>SOMERVILLE</name>
      <styleUrl>#closed</styleUrl>
      <Point><coordinates>145.1833,-38.2333,68.3</coordinates></Point>
    </Placemark>
    <Placemark>
      <name>THE PATCH</name>
      <styleUrl>#closed</styleUrl>
      <Point><coordinates>145.4167,-37.9,274</coordinates></Point>
    </Placemark>
    <Placemark>
      <name>TOORAK</name>
      <styleUrl>#closed</styleUrl>
      <Point><coordinates>145,-37.8,0</coordinates></Point>
    </Placemark>
    <Placemark>
      <name>TOORADIN</name>
      <styleUrl>#closed</styleUrl>
      <Point><coordinates>145.4,-38.1667,3</coordinates></Point>
    </Placemark>
    <Placemark>
      <name>TOOROURRONG RESERVOIR (TOOROURRONG)</name>
      <styleUrl>#active</styleUrl>
      <Point><coordinates>145.1513,-37.477,219</coordinates></Point>
    </Placemark>
    <Placemark>
      <name>UPWEY</name>
      <styleUrl>#closed</styleUrl>
      <Point><coordinates>145.3,-37.9,0</coordinates></Point>
    </Placemark>
    <Placemark>
      <name>VENTNOR (OAKLANDS)</name>
      <styleUrl>#active</styleUrl>
      <Point><coordinates>145.1766,-38.4836,45</coordinates></Point>
    </Placemark>
    <Placemark>
      <name>WALLAN (WALNARRING)</name>
      <styleUrl>#closed</styleUrl>
      <Point><coordinates>145.0167,-37.4167,295.7</coordinates></Point>
    </Placemark>
    <Placemark>
      <name>WARBURTON</name>
      <styleUrl>#closed</styleUrl>
      <Point><coordinates>145.6757,-37.7517,170</coordinates></Point>
    </Placemark>
    <Placemark>
      <name>WATSONIA LOYOLA</name>
      <styleUrl>#closed</styleUrl>
      <Point><coordinates>145.0833,-37.7,103.6</coordinates></Point>
    </Placemark>
    <Placemark>
      <name>WESTERFIELD (FRANKSTON)</name>
      <styleUrl>#closed</styleUrl>
      <Point><coordinates>145.1,-38.15,0</coordinates></Point>
    </Placemark>
    <Placemark>
      <name>TYABB (WILLANDRA)</name>
      <styleUrl>#closed</styleUrl>
      <Point><coordinates>145.1333,-38.2833,0</coordinates></Point>
    </Placemark>
    <Placemark>
      <name>WHITTLESEA</name>
      <styleUrl>#closed</styleUrl>
      <Point><coordinates>145.1247,-37.505,200</coordinates></Point>
    </Placemark>
    <Placemark>
      <name>WONGA PARK</name>
      <styleUrl>#closed</styleUrl>
      <Point><coordinates>145.3,-37.7,0</coordinates></Point>
    </Placemark>
    <Placemark>
      <name>WONTHAGGI</name>
      <styleUrl>#active</styleUrl>
      <Point><coordinates>145.5965,-38.6078,53</coordinates></Point>
    </Placemark>
    <Placemark>
      <name>WOODSTOCK</name>
      <styleUrl>#closed</styleUrl>
      <Point><coordinates>145.0333,-37.55,247</coordinates></Point>
    </Placemark>
    <Placemark>
      <name>WOORI YALLOCK</name>
      <styleUrl>#closed</styleUrl>
      <Point><coordinates>145.5167,-37.8,99</coordinates></Point>
    </Placemark>
    <Placemark>
      <name>YANNATHAN</name>
      <styleUrl>#closed</styleUrl>
      <Point><coordinates>145.7,-38.2333,0</coordinates></Point>
    </Placemark>
    <Placemark>
      <name>YAN YEAN</name>
      <styleUrl>#closed</styleUrl>
      <Point><coordinates>145.1259,-37.5552,198</coordinates></Point>
    </Placemark>
    <Placemark>
      <name>YARRA RIVER (YARRA GLEN)</name>
      <styleUrl>#closed</styleUrl>
      <Point><coordinates>145.3761,-37.6647,88</coordinates></Point>
    </Placemark>
    <Placemark>
      <name>YARRAMBAT</name>
      <styleUrl>#closed</styleUrl>
      <Point><coordinates>145.15,-37.6,0</coordinates></Point>
    </Placemark>
    <Placemark>
      <name>VERVALE</name>
      <styleUrl>#closed</styleUrl>
      <Point><coordinates>145.7,-38.15,0</coordinates></Point>
    </Placemark>
    <Placemark>
      <name>GARFIELD NORTH</name>
      <styleUrl>#closed</styleUrl>
      <Point><coordinates>145.6667,-38.0333,0</coordinates></Point>
    </Placemark>
    <Placemark>
      <name>GARFIELD (CANNIBAL CREEK STATION)</name>
      <styleUrl>#closed</styleUrl>
      <Point><coordinates>145.6667,-38.0667,0</coordinates></Point>
    </Placemark>
    <Placemark>
      <name>BLACKBURN</name>
      <styleUrl>#closed</styleUrl>
      <Point><coordinates>145.2,-37.8,0</coordinates></Point>
    </Placemark>
    <Placemark>
      <name>GREENSBOROUGH</name>
      <styleUrl>#closed</styleUrl>
      <Point><coordinates>145.1,-37.7,46</coordinates></Point>
    </Placemark>
    <Placemark>
      <name>KALLISTA (SAVERNAKE)</name>
      <styleUrl>#closed</styleUrl>
      <Point><coordinates>145.35,-37.8833,0</coordinates></Point>
    </Placemark>
    <Placemark>
      <name>TOMAHAWK VALLEY</name>
      <styleUrl>#closed</styleUrl>
      <Point><coordinates>145.6167,-37.95,0</coordinates></Point>
    </Placemark>
    <Placemark>
      <name>BURWOOD PLC</name>
      <styleUrl>#closed</styleUrl>
      <Point><coordinates>145.0833,-37.8333,91</coordinates></Point>
    </Placemark>
    <Placemark>
      <name>TOOLANGI (MOUNT ST LEONARD DPI)</name>
      <styleUrl>#active</styleUrl>
      <Point><coordinates>145.5014,-37.572,595</coordinates></Point>
    </Placemark>
    <Placemark>
      <name>CLEMATIS</name>
      <styleUrl>#closed</styleUrl>
      <Point><coordinates>145.4272,-37.9289,295</coordinates></Point>
    </Placemark>
    <Placemark>
      <name>CALDERMEADE</name>
      <styleUrl>#closed</styleUrl>
      <Point><coordinates>145.55,-38.2333,0</coordinates></Point>
    </Placemark>
    <Placemark>
      <name>MELBOURNE (FLAGSTAFF GARDENS)</name>
      <styleUrl>#closed</styleUrl>
      <Point><coordinates>144.9708,-37.8125,37</coordinates></Point>
    </Placemark>
    <Placemark>
      <name>BEAUMARIS</name>
      <styleUrl>#closed</styleUrl>
      <Point><coordinates>145.0273,-37.9771,30.5</coordinates></Point>
    </Placemark>
    <Placemark>
      <name>ASPENDALE CSIRO</name>
      <styleUrl>#closed</styleUrl>
      <Point><coordinates>145.1,-38.0333,5</coordinates></Point>
    </Placemark>
    <Placemark>
      <name>WANDIN (YALLOCK)</name>
      <styleUrl>#closed</styleUrl>
      <Point><coordinates>145.45,-37.8,221</coordinates></Point>
    </Placemark>
    <Placemark>
      <name>WALLAN WALLAN (INVERLOCHY)</name>
      <styleUrl>#closed</styleUrl>
      <Point><coordinates>145,-37.4,299</coordinates></Point>
    </Placemark>
    <Placemark>
      <name>ARTHURS CREEK</name>
      <styleUrl>#closed</styleUrl>
      <Point><coordinates>145.2,-37.6,0</coordinates></Point>
    </Placemark>
    <Placemark>
      <name>BASS (KILCUNDA)</name>
      <styleUrl>#closed</styleUrl>
      <Point><coordinates>145.45,-38.5,0</coordinates></Point>
    </Placemark>
    <Placemark>
      <name>BAYSWATER</name>
      <styleUrl>#closed</styleUrl>
      <Point><coordinates>145.2,-37.8,0</coordinates></Point>
    </Placemark>
    <Placemark>
      <name>BEACONSFIELD (LOUISVILLE)</name>
      <styleUrl>#closed</styleUrl>
      <Point><coordinates>145.35,-38,0</coordinates></Point>
    </Placemark>
    <Placemark>
      <name>BEENAK (HAZELDENE)</name>
      <styleUrl>#closed</styleUrl>
      <Point><coordinates>145.6167,-37.8833,0</coordinates></Point>
    </Placemark>
    <Placemark>
      <name>CAMBERWELL 1</name>
      <styleUrl>#closed</styleUrl>
      <Point><coordinates>145.1,-37.8333,0</coordinates></Point>
    </Placemark>
    <Placemark>
      <name>CAMBERWELL 2</name>
      <styleUrl>#closed</styleUrl>
      <Point><coordinates>145.1,-37.8333,0</coordinates></Point>
    </Placemark>
    <Placemark>
      <name>BERWICK EYRE COURT</name>
      <styleUrl>#closed</styleUrl>
      <Point><coordinates>145.3,-38,0</coordinates></Point>
    </Placemark>
    <Placemark>
      <name>BOX HILL WOODHOUSE GROVE</name>
      <styleUrl>#closed</styleUrl>
      <Point><coordinates>145.1,-37.8,0</coordinates></Point>
    </Placemark>
    <Placemark>
      <name>BRIGHTON PICNIC POINT</name>
      <styleUrl>#closed</styleUrl>
      <Point><coordinates>145,-37.95,0</coordinates></Point>
    </Placemark>
    <Placemark>
      <name>BRIGHTON BEACH</name>
      <styleUrl>#closed</styleUrl>
      <Point><coordinates>145,-37.9333,0</coordinates></Point>
    </Placemark>
    <Placemark>
      <name>BRIGHTON MIDDLE</name>
      <styleUrl>#closed</styleUrl>
      <Point><coordinates>145,-37.9167,0</coordinates></Point>
    </Placemark>
    <Placemark>
      <name>BULLA</name>
      <styleUrl>#closed</styleUrl>
      <Point><coordinates>144.8,-37.6,0</coordinates></Point>
    </Placemark>
    <Placemark>
      <name>BUNYIP (MAROOMBA)</name>
      <styleUrl>#closed</styleUrl>
      <Point><coordinates>145.7,-38.1,0</coordinates></Point>
    </Placemark>
    <Placemark>
      <name>BURWOOD EAST 1</name>
      <styleUrl>#closed</styleUrl>
      <Point><coordinates>145.2,-37.85,0</coordinates></Point>
    </Placemark>
    <Placemark>
      <name>CANTERBURY STATE SCHOOL</name>
      <styleUrl>#closed</styleUrl>
      <Point><coordinates>145.05,-37.8,0</coordinates></Point>
    </Placemark>
    <Placemark>
      <name>CHELTENHAM</name>
      <styleUrl>#closed</styleUrl>
      <Point><coordinates>145.1,-38,0</coordinates></Point>
    </Placemark>
    <Placemark>
      <name>MELBOURNE (OBSERVATORY)</name>
      <styleUrl>#closed</styleUrl>
      <Point><coordinates>144.9714,-37.8314,28</coordinates></Point>
    </Placemark>
    <Placemark>
      <name>COTTLES BRIDGE HIGHBURY FARM</name>
      <styleUrl>#closed</styleUrl>
      <Point><coordinates>145.2,-37.6,0</coordinates></Point>
    </Placemark>
    <Placemark>
      <name>DALYSTON</name>
      <styleUrl>#closed</styleUrl>
      <Point><coordinates>145.5,-38.6,0</coordinates></Point>
    </Placemark>
    <Placemark>
      <name>DANDENONG (COMBEROOND)</name>
      <styleUrl>#closed</styleUrl>
      <Point><coordinates>145.2667,-37.85,0</coordinates></Point>
    </Placemark>
    <Placemark>
      <name>ENOCHS POINT</name>
      <styleUrl>#closed</styleUrl>
      <Point><coordinates>145,-37.4,0</coordinates></Point>
    </Placemark>
    <Placemark>
      <name>FERNTREE GULLY</name>
      <styleUrl>#closed</styleUrl>
      <Point><coordinates>145.3,-37.8,0</coordinates></Point>
    </Placemark>
    <Placemark>
      <name>FERNTREE GULLY UPPER</name>
      <styleUrl>#closed</styleUrl>
      <Point><coordinates>145.3,-37.9,0</coordinates></Point>
    </Placemark>
    <Placemark>
      <name>FRANKSTON STATE PLANTATION</name>
      <styleUrl>#closed</styleUrl>
      <Point><coordinates>145.1333,-38.15,0</coordinates></Point>
    </Placemark>
    <Placemark>
      <name>YARRA JUNCTION (GILDEROY)</name>
      <styleUrl>#closed</styleUrl>
      <Point><coordinates>145.7,-37.9,0</coordinates></Point>
    </Placemark>
    <Placemark>
      <name>GLEN ALVIE</name>
      <styleUrl>#closed</styleUrl>
      <Point><coordinates>145.6,-38.5,0</coordinates></Point>
    </Placemark>
    <Placemark>
      <name>GRANTVILLE</name>
      <styleUrl>#closed</styleUrl>
      <Point><coordinates>145.5,-38.4,0</coordinates></Point>
    </Placemark>
    <Placemark>
      <name>GREENVALE SANATORIUM</name>
      <styleUrl>#closed</styleUrl>
      <Point><coordinates>144.85,-37.65,0</coordinates></Point>
    </Placemark>
    <Placemark>
      <name>HEALESVILLE (NYORA)</name>
      <styleUrl>#closed</styleUrl>
      <Point><coordinates>145.5,-37.7,792.5</coordinates></Point>
    </Placemark>
    <Placemark>
      <name>HEALESVILLE (MURUGAL)</name>
      <styleUrl>#closed</styleUrl>
      <Point><coordinates>145.5,-37.65,0</coordinates></Point>
    </Placemark>
    <Placemark>
      <name>HEALESVILLE (THE WATTLES)</name>
      <styleUrl>#closed</styleUrl>
      <Point><coordinates>145.5,-37.65,0</coordinates></Point>
    </Placemark>
    <Placemark>
      <name>HEATH HILL (LANGVIEW)</name>
      <styleUrl>#closed</styleUrl>
      <Point><coordinates>145.7,-38.25,0</coordinates></Point>
    </Placemark>
    <Placemark>
      <name>LILYDALE MAIN ST. (MAFFRA)</name>
      <styleUrl>#closed</styleUrl>
      <Point><coordinates>145.35,-37.75,98.1</coordinates></Point>
    </Placemark>
    <Placemark>
      <name>LILYDALE OLINDA PARK</name>
      <styleUrl>#closed</styleUrl>
      <Point><coordinates>145.35,-37.75,0</coordinates></Point>
    </Placemark>
    <Placemark>
      <name>LYNDHURST</name>
      <styleUrl>#closed</styleUrl>
      <Point><coordinates>145.25,-38.05,0</coordinates></Point>
    </Placemark>
    <Placemark>
      <name>LYSTERFIELD (SWEET HILLS)</name>
      <styleUrl>#closed</styleUrl>
      <Point><coordinates>145.2833,-37.9167,0</coordinates></Point>
    </Placemark>
    <Placemark>
      <name>LYSTERFIELD (BOLEIO)</name>
      <styleUrl>#closed</styleUrl>
      <Point><coordinates>145.2833,-37.9167,0</coordinates></Point>
    </Placemark>
    <Placemark>
      <name>MAIN RIDGE</name>
      <styleUrl>#closed</styleUrl>
      <Point><coordinates>144.9,-38.35,0</coordinates></Point>
    </Placemark>
    <Placemark>
      <name>MALVERN EAST YALLAMBEE</name>
      <styleUrl>#closed</styleUrl>
      <Point><coordinates>145.0833,-37.8333,0</coordinates></Point>
    </Placemark>
    <Placemark>
      <name>MENTONE</name>
      <styleUrl>#closed</styleUrl>
      <Point><coordinates>145.0833,-38,0</coordinates></Point>
    </Placemark>
    <Placemark>
      <name>MONT ALBERT</name>
      <styleUrl>#closed</styleUrl>
      <Point><coordinates>145.1,-37.8,0</coordinates></Point>
    </Placemark>
    <Placemark>
      <name>NARRE WARREN</name>
      <styleUrl>#closed</styleUrl>
      <Point><coordinates>145.3,-38,0</coordinates></Point>
    </Placemark>
    <Placemark>
      <name>NEWHAVEN</name>
      <styleUrl>#closed</styleUrl>
      <Point><coordinates>145.4,-38.5,0</coordinates></Point>
    </Placemark>
    <Placemark>
      <name>OUTTRIM</name>
      <styleUrl>#active</styleUrl>
      <Point><coordinates>145.7809,-38.4949,70</coordinates></Point>
    </Placemark>
    <Placemark>
      <name>PAKENHAM (TOOMUC VALLEY)</name>
      <styleUrl>#closed</styleUrl>
      <Point><coordinates>145.5,-38,0</coordinates></Point>
    </Placemark>
    <Placemark>
      <name>PAKENHAM UPPER</name>
      <styleUrl>#closed</styleUrl>
      <Point><coordinates>145.3667,-38.05,0</coordinates></Point>
    </Placemark>
    <Placemark>
      <name>PANTON HILL (FAIRVIEW)</name>
      <styleUrl>#closed</styleUrl>
      <Point><coordinates>145.3,-37.6,0</coordinates></Point>
    </Placemark>
    <Placemark>
      <name>PORTSEA GOLF CLUB</name>
      <styleUrl>#closed</styleUrl>
      <Point><coordinates>144.7,-38.3,0</coordinates></Point>
    </Placemark>
    <Placemark>
      <name>SOMERS (BALNARRING EAST)</name>
      <styleUrl>#closed</styleUrl>
      <Point><coordinates>145.2,-38.4,0</coordinates></Point>
    </Placemark>
    <Placemark>
      <name>SHERBROOKE</name>
      <styleUrl>#closed</styleUrl>
      <Point><coordinates>145.35,-37.9,0</coordinates></Point>
    </Placemark>
    <Placemark>
      <name>TOOLANGI (MOUNT SALE STN)</name>
      <styleUrl>#closed</styleUrl>
      <Point><coordinates>145.45,-37.5333,0</coordinates></Point>
    </Placemark>
    <Placemark>
      <name>TYNONG</name>
      <styleUrl>#closed</styleUrl>
      <Point><coordinates>145.6,-38.1,0</coordinates></Point>
    </Placemark>
    <Placemark>
      <name>WALSH'S CREEK STATION</name>
      <styleUrl>#closed</styleUrl>
      <Point><coordinates>145.9,-37.7,0</coordinates></Point>
    </Placemark>
    <Placemark>
      <name>WARBURTON (FERNLEIGH)</name>
      <styleUrl>#closed</styleUrl>
      <Point><coordinates>145.7,-37.75,0</coordinates></Point>
    </Placemark>
    <Placemark>
      <name>WARRANDYTE (RIVERS WOOD)</name>
      <styleUrl>#closed</styleUrl>
      <Point><coordinates>145.2,-37.7,121.9</coordinates></Point>
    </Placemark>
    <Placemark>
      <name>WHITTLESEA (EDEN PARK)</name>
      <styleUrl>#closed</styleUrl>
      <Point><coordinates>145.1167,-37.5,0</coordinates></Point>
    </Placemark>
    <Placemark>
      <name>YARRA JUNCTION</name>
      <styleUrl>#closed</styleUrl>
      <Point><coordinates>145.6,-37.8,0</coordinates></Point>
    </Placemark>
    <Placemark>
      <name>MILLGROVE</name>
      <styleUrl>#closed</styleUrl>
      <Point><coordinates>145.6,-37.75,0</coordinates></Point>
    </Placemark>
    <Placemark>
      <name>PAKENHAM PARK</name>
      <styleUrl>#closed</styleUrl>
      <Point><coordinates>145.3667,-38.0833,0</coordinates></Point>
    </Placemark>
    <Placemark>
      <name>BONBEACH (CARRUM (PATTERSON RIVER COUNTR</name>
      <styleUrl>#active</styleUrl>
      <Point><coordinates>145.1294,-38.0651,5</coordinates></Point>
    </Placemark>
    <Placemark>
      <name>ALMURTA</name>
      <styleUrl>#closed</styleUrl>
      <Point><coordinates>145.6,-38.4,0</coordinates></Point>
    </Placemark>
    <Placemark>
      <name>MODELLA (TULLAH)</name>
      <styleUrl>#closed</styleUrl>
      <Point><coordinates>145.7,-38.2,0</coordinates></Point>
    </Placemark>
    <Placemark>
      <name>ROSEBUD (COUNTRY CLUB)</name>
      <styleUrl>#active</styleUrl>
      <Point><coordinates>144.8984,-38.3782,20</coordinates></Point>
    </Placemark>
    <Placemark>
      <name>CANTERBURY (BATINA)</name>
      <styleUrl>#closed</styleUrl>
      <Point><coordinates>145.05,-37.8,0</coordinates></Point>
    </Placemark>
    <Placemark>
      <name>DIAMOND CREEK</name>
      <styleUrl>#closed</styleUrl>
      <Point><coordinates>145.1333,-37.6833,76.2</coordinates></Point>
    </Placemark>
    <Placemark>
      <name>MOUNT ELIZA (TA MARUA)</name>
      <styleUrl>#closed</styleUrl>
      <Point><coordinates>145.1167,-38.1833,150</coordinates></Point>
    </Placemark>
    <Placemark>
      <name>HAMPTON</name>
      <styleUrl>#closed</styleUrl>
      <Point><coordinates>145,-37.9333,0</coordinates></Point>
    </Placemark>
    <Placemark>
      <name>COLDSTREAM</name>
      <styleUrl>#closed</styleUrl>
      <Point><coordinates>145.3667,-37.7167,83.2</coordinates></Point>
    </Placemark>
    <Placemark>
      <name>CORANDERRK BADGER WEIR</name>
      <styleUrl>#closed</styleUrl>
      <Point><coordinates>145.5644,-37.6886,360</coordinates></Point>
    </Placemark>
    <Placemark>
      <name>ST KILDA HARBOUR - RMYS</name>
      <styleUrl>#active</styleUrl>
      <Point><coordinates>144.9639,-37.864,6.4</coordinates></Point>
    </Placemark>
    <Placemark>
      <name>SHERBROOKE BURNAM BEECHES</name>
      <styleUrl>#closed</styleUrl>
      <Point><coordinates>145.35,-37.8833,503</coordinates></Point>
    </Placemark>
    <Placemark>
      <name>SYNDAL CSIRO</name>
      <styleUrl>#closed</styleUrl>
      <Point><coordinates>145.15,-37.8833,106.7</coordinates></Point>
    </Placemark>
    <Placemark>
      <name>DROMANA SUSSEX FARM</name>
      <styleUrl>#active</styleUrl>
      <Point><coordinates>145.0288,-38.3392,76</coordinates></Point>
    </Placemark>
    <Placemark>
      <name>DANDENONG</name>
      <styleUrl>#active</styleUrl>
      <Point><coordinates>145.2247,-37.9763,32</coordinates></Point>
    </Placemark>
    <Placemark>
      <name>CARNEGIE</name>
      <styleUrl>#closed</styleUrl>
      <Point><coordinates>145.0667,-38.1167,0</coordinates></Point>
    </Placemark>
    <Placemark>
      <name>MOUNT MARTHA</name>
      <styleUrl>#closed</styleUrl>
      <Point><coordinates>145.0167,-38.2667,19.2</coordinates></Point>
    </Placemark>
    <Placemark>
      <name>WANDIN NORTH</name>
      <styleUrl>#closed</styleUrl>
      <Point><coordinates>145.4333,-37.7833,167.6</coordinates></Point>
    </Placemark>
    <Placemark>
      <name>KILSYTH (TUKAMUNDA)</name>
      <styleUrl>#closed</styleUrl>
      <Point><coordinates>145.3333,-37.8167,137.2</coordinates></Point>
    </Placemark>
    <Placemark>
      <name>HEALESVILLE (VALLEY VIEW FARM)</name>
      <styleUrl>#active</styleUrl>
      <Point><coordinates>145.5293,-37.7369,166</coordinates></Point>
    </Placemark>
    <Placemark>
      <name>BAYSWATER</name>
      <styleUrl>#closed</styleUrl>
      <Point><coordinates>145.2558,-37.8372,100</coordinates></Point>
    </Placemark>
    <Placemark>
      <name>RINGWOOD 2</name>
      <styleUrl>#closed</styleUrl>
      <Point><coordinates>145.3,-37.8,0</coordinates></Point>
    </Placemark>
    <Placemark>
      <name>MELBOURNE BOTANICAL GARDENS</name>
      <styleUrl>#active</styleUrl>
      <Point><coordinates>144.9839,-37.8309,29</coordinates></Point>
    </Placemark>
    <Placemark>
      <name>POLEY RANGE</name>
      <styleUrl>#closed</styleUrl>
      <Point><coordinates>145.7983,-37.6233,1219</coordinates></Point>
    </Placemark>
    <Placemark>
      <name>CROYDON (DORSET GOLF COURSE)</name>
      <styleUrl>#active</styleUrl>
      <Point><coordinates>145.2987,-37.8054,114</coordinates></Point>
    </Placemark>
    <Placemark>
      <name>BORONIA 2</name>
      <styleUrl>#closed</styleUrl>
      <Point><coordinates>145.4,-37.8,0</coordinates></Point>
    </Placemark>
    <Placemark>
      <name>FRANKSTON</name>
      <styleUrl>#closed</styleUrl>
      <Point><coordinates>145.1333,-38.15,45.7</coordinates></Point>
    </Placemark>
    <Placemark>
      <name>FRANKSTON (KARINGAL)</name>
      <styleUrl>#closed</styleUrl>
      <Point><coordinates>145.15,-38.1333,44.5</coordinates></Point>
    </Placemark>
    <Placemark>
      <name>BASS</name>
      <styleUrl>#closed</styleUrl>
      <Point><coordinates>145.4666,-38.4832,8</coordinates></Point>
    </Placemark>
    <Placemark>
      <name>FRENCH ISLAND (TANKERTON)</name>
      <styleUrl>#closed</styleUrl>
      <Point><coordinates>145.3,-38.4,0</coordinates></Point>
    </Placemark>
    <Placemark>
      <name>FRENCH ISLAND (MCLEOD PRISON)</name>
      <styleUrl>#closed</styleUrl>
      <Point><coordinates>145.3,-38.4,24</coordinates></Point>
    </Placemark>
    <Placemark>
      <name>TEMPLESTOWE PASSIONATE FATHERS</name>
      <styleUrl>#closed</styleUrl>
      <Point><coordinates>145.15,-37.7667,106.7</coordinates></Point>
    </Placemark>
    <Placemark>
      <name>MENZIES CREEK</name>
      <styleUrl>#closed</styleUrl>
      <Point><coordinates>145.4167,-37.9167,305</coordinates></Point>
    </Placemark>
    <Placemark>
      <name>MOUNT DANDENONG GTV9</name>
      <styleUrl>#closed</styleUrl>
      <Point><coordinates>145.35,-37.8306,600</coordinates></Point>
    </Placemark>
    <Placemark>
      <name>CRANBOURNE SOUTH</name>
      <styleUrl>#closed</styleUrl>
      <Point><coordinates>145.2384,-38.1337,80</coordinates></Point>
    </Placemark>
    <Placemark>
      <name>CARRUM DOWNS</name>
      <styleUrl>#closed</styleUrl>
      <Point><coordinates>145.1797,-38.1167,30</coordinates></Point>
    </Placemark>
    <Placemark>
      <name>MOOROODUC</name>
      <styleUrl>#closed</styleUrl>
      <Point><coordinates>145.1036,-38.2483,69</coordinates></Point>
    </Placemark>
    <Placemark>
      <name>GEMBROOK</name>
      <styleUrl>#closed</styleUrl>
      <Point><coordinates>145.5358,-37.9489,310.9</coordinates></Point>
    </Placemark>
    <Placemark>
      <name>GLADYSDALE (HAZELDENE)</name>
      <styleUrl>#closed</styleUrl>
      <Point><coordinates>145.6667,-37.8667,335.3</coordinates></Point>
    </Placemark>
    <Placemark>
      <name>GLEN ALVIE (GRANTS)</name>
      <styleUrl>#closed</styleUrl>
      <Point><coordinates>145.6333,-38.5333,91</coordinates></Point>
    </Placemark>
    <Placemark>
      <name>PLENTY</name>
      <styleUrl>#closed</styleUrl>
      <Point><coordinates>145.1244,-37.66,121.9</coordinates></Point>
    </Placemark>
    <Placemark>
      <name>UPWEY SHIRE COUNCIL</name>
      <styleUrl>#closed</styleUrl>
      <Point><coordinates>145.3317,-37.9144,219.5</coordinates></Point>
    </Placemark>
    <Placemark>
      <name>OLINDA LAUREL COURT</name>
      <styleUrl>#closed</styleUrl>
      <Point><coordinates>145.4206,-37.88,487.7</coordinates></Point>
    </Placemark>
    <Placemark>
      <name>WARNEET ST LOUIS</name>
      <styleUrl>#closed</styleUrl>
      <Point><coordinates>145.3167,-38.2167,3</coordinates></Point>
    </Placemark>
    <Placemark>
      <name>CARRUM DOWNS SEWER WORKS</name>
      <styleUrl>#closed</styleUrl>
      <Point><coordinates>145.1733,-38.0783,5.5</coordinates></Point>
    </Placemark>
    <Placemark>
      <name>KILCUNDA WEATHERALL</name>
      <styleUrl>#closed</styleUrl>
      <Point><coordinates>145.4833,-38.55,30.5</coordinates></Point>
    </Placemark>
    <Placemark>
      <name>FERNY CREEK</name>
      <styleUrl>#closed</styleUrl>
      <Point><coordinates>145.3333,-37.8833,472</coordinates></Point>
    </Placemark>
    <Placemark>
      <name>VERMONT SOUTH</name>
      <styleUrl>#closed</styleUrl>
      <Point><coordinates>145.2,-37.85,76.2</coordinates></Point>
    </Placemark>
    <Placemark>
      <name>BELGRAVE</name>
      <styleUrl>#closed</styleUrl>
      <Point><coordinates>145.35,-37.9167,259</coordinates></Point>
    </Placemark>
    <Placemark>
      <name>WARRANDYTE DINGLEY DELL ROAD</name>
      <styleUrl>#closed</styleUrl>
      <Point><coordinates>145.2333,-37.7333,79.2</coordinates></Point>
    </Placemark>
    <Placemark>
      <name>HEIDELBERG MMBW</name>
      <styleUrl>#closed</styleUrl>
      <Point><coordinates>145.0533,-37.7567,96.9</coordinates></Point>
    </Placemark>
    <Placemark>
      <name>BEACONSFIELD UPPER</name>
      <styleUrl>#closed</styleUrl>
      <Point><coordinates>145.4196,-37.9822,196</coordinates></Point>
    </Placemark>
    <Placemark>
      <name>WALLAN (KIA ORA)</name>
      <styleUrl>#closed</styleUrl>
      <Point><coordinates>144.9667,-37.4167,381</coordinates></Point>
    </Placemark>
    <Placemark>
      <name>MORDIALLOC NORTH</name>
      <styleUrl>#closed</styleUrl>
      <Point><coordinates>145.1,-38,10.7</coordinates></Point>
    </Placemark>
    <Placemark>
      <name>MAIN RIDGE</name>
      <styleUrl>#closed</styleUrl>
      <Point><coordinates>144.952,-38.4059,190</coordinates></Point>
    </Placemark>
    <Placemark>
      <name>HASTINGS</name>
      <styleUrl>#active</styleUrl>
      <Point><coordinates>145.1893,-38.2894,17</coordinates></Point>
    </Placemark>
    <Placemark>
      <name>FERNY CREEK</name>
      <styleUrl>#active</styleUrl>
      <Point><coordinates>145.3497,-37.8748,512.9</coordinates></Point>
    </Placemark>
    <Placemark>
      <name>ATHLONE MCDONALDS</name>
      <styleUrl>#closed</styleUrl>
      <Point><coordinates>145.7833,-38.2333,84</coordinates></Point>
    </Placemark>
    <Placemark>
      <name>PAKENHAM LANDS DEPT</name>
      <styleUrl>#closed</styleUrl>
      <Point><coordinates>145.4667,-38.0667,61</coordinates></Point>
    </Placemark>
    <Placemark>
      <name>MOUNT MARTHA SR&amp;WSC</name>
      <styleUrl>#closed</styleUrl>
      <Point><coordinates>145.0117,-38.2767,42</coordinates></Point>
    </Placemark>
    <Placemark>
      <name>SASSAFRAS (THE CRESCENT)</name>
      <styleUrl>#closed</styleUrl>
      <Point><coordinates>145.35,-37.8667,460</coordinates></Point>
    </Placemark>
    <Placemark>
      <name>REEFTON (UPPER YARRA DAM)</name>
      <styleUrl>#active</styleUrl>
      <Point><coordinates>145.8948,-37.6715,321</coordinates></Point>
    </Placemark>
    <Placemark>
      <name>DONNYBROOK</name>
      <styleUrl>#closed</styleUrl>
      <Point><coordinates>145,-37.5,274.3</coordinates></Point>
    </Placemark>
    <Placemark>
      <name>LAUNCHING PLACE</name>
      <styleUrl>#closed</styleUrl>
      <Point><coordinates>145.6,-37.7833,0</coordinates></Point>
    </Placemark>
    <Placemark>
      <name>YERING</name>
      <styleUrl>#closed</styleUrl>
      <Point><coordinates>145.3833,-37.7,79.2</coordinates></Point>
    </Placemark>
    <Placemark>
      <name>HODDLES CREEK STATE SCHOOL</name>
      <styleUrl>#closed</styleUrl>
      <Point><coordinates>145.5,-37.8,122</coordinates></Point>
    </Placemark>
    <Placemark>
      <name>ASHBURTON</name>
      <styleUrl>#closed</styleUrl>
      <Point><coordinates>145.0833,-37.8667,61</coordinates></Point>
    </Placemark>
    <Placemark>
      <name>WARBURTON EAST</name>
      <styleUrl>#closed</styleUrl>
      <Point><coordinates>145.7333,-37.75,0</coordinates></Point>
    </Placemark>
    <Placemark>
      <name>PAKENHAM EAST</name>
      <styleUrl>#closed</styleUrl>
      <Point><coordinates>145.4833,-38.0833,91.4</coordinates></Point>
    </Placemark>
    <Placemark>
      <name>NORTHCOTE</name>
      <styleUrl>#closed</styleUrl>
      <Point><coordinates>145.0314,-37.7797,35</coordinates></Point>
    </Placemark>
    <Placemark>
      <name>KINGLAKE GARAGE</name>
      <styleUrl>#closed</styleUrl>
      <Point><coordinates>145.3333,-37.5333,543</coordinates></Point>
    </Placemark>
    <Placemark>
      <name>NYORA (POST OFFICE)</name>
      <styleUrl>#active</styleUrl>
      <Point><coordinates>145.6696,-38.3343,119.6</coordinates></Point>
    </Placemark>
    <Placemark>
      <name>MELBOURNE AIRPORT</name>
      <styleUrl>#active</styleUrl>
      <Point><coordinates>144.8329,-37.6654,113.4</coordinates></Point>
    </Placemark>
    <Placemark>
      <name>PAKENHAM UPPER (TAYLOR)</name>
      <styleUrl>#closed</styleUrl>
      <Point><coordinates>145.5333,-38,29</coordinates></Point>
    </Placemark>
    <Placemark>
      <name>LYSTERFIELD (ALBION REID)</name>
      <styleUrl>#closed</styleUrl>
      <Point><coordinates>145.25,-37.9333,165</coordinates></Point>
    </Placemark>
    <Placemark>
      <name>YARRA JUNCTION WATERWORKS</name>
      <styleUrl>#closed</styleUrl>
      <Point><coordinates>145.6667,-37.8,231</coordinates></Point>
    </Placemark>
    <Placemark>
      <name>GLENROY (EVELL STREET)</name>
      <styleUrl>#closed</styleUrl>
      <Point><coordinates>144.9333,-37.6833,0</coordinates></Point>
    </Placemark>
    <Placemark>
      <name>HURSTBRIDGE (NORALA)</name>
      <styleUrl>#closed</styleUrl>
      <Point><coordinates>145.2167,-37.65,119</coordinates></Point>
    </Placemark>
    <Placemark>
      <name>ST ANDREWS</name>
      <styleUrl>#closed</styleUrl>
      <Point><coordinates>145.3,-37.5833,198.1</coordinates></Point>
    </Placemark>
    <Placemark>
      <name>YARRA PORTAL</name>
      <styleUrl>#closed</styleUrl>
      <Point><coordinates>146.05,-37.7333,443</coordinates></Point>
    </Placemark>
    <Placemark>
      <name>MONTYS HUT</name>
      <styleUrl>#closed</styleUrl>
      <Point><coordinates>146.0667,-37.6667,1006</coordinates></Point>
    </Placemark>
    <Placemark>
      <name>MOUNT GREGORY</name>
      <styleUrl>#closed</styleUrl>
      <Point><coordinates>146.1333,-37.7,1128</coordinates></Point>
    </Placemark>
    <Placemark>
      <name>BANGHOLME</name>
      <styleUrl>#closed</styleUrl>
      <Point><coordinates>145.1833,-38.05,6</coordinates></Point>
    </Placemark>
    <Placemark>
      <name>BUNYIP (IONA)</name>
      <styleUrl>#closed</styleUrl>
      <Point><coordinates>145.6833,-38.1333,0</coordinates></Point>
    </Placemark>
    <Placemark>
      <name>MALVERN CAMPSIE</name>
      <styleUrl>#closed</styleUrl>
      <Point><coordinates>145.0833,-37.8333,0</coordinates></Point>
    </Placemark>
    <Placemark>
      <name>MOUNT EVELYN (ST ANNES)</name>
      <styleUrl>#closed</styleUrl>
      <Point><coordinates>145.4,-37.8,0</coordinates></Point>
    </Placemark>
    <Placemark>
      <name>SANDRINGHAM</name>
      <styleUrl>#closed</styleUrl>
      <Point><coordinates>145,-37.95,0</coordinates></Point>
    </Placemark>
    <Placemark>
      <name>MOUNT WAVERLEY (RIVERSDALE GOLF CLUB)</name>
      <styleUrl>#active</styleUrl>
      <Point><coordinates>145.116,-37.8722,92</coordinates></Point>
    </Placemark>
    <Placemark>
      <name>MOOROOLBARK</name>
      <styleUrl>#closed</styleUrl>
      <Point><coordinates>145.3167,-37.7833,0</coordinates></Point>
    </Placemark>
    <Placemark>
      <name>BERWICK (BUCHANAN ROAD)</name>
      <styleUrl>#active</styleUrl>
      <Point><coordinates>145.3561,-38.0222,85</coordinates></Point>
    </Placemark>
    <Placemark>
      <name>BOX HILL MMBW</name>
      <styleUrl>#closed</styleUrl>
      <Point><coordinates>145.1333,-37.8167,0</coordinates></Point>
    </Placemark>
    <Placemark>
      <name>QUEENSTOWN</name>
      <styleUrl>#closed</styleUrl>
      <Point><coordinates>145.3,-37.5333,152.4</coordinates></Point>
    </Placemark>
    <Placemark>
      <name>WANTIRNA SOUTH</name>
      <styleUrl>#closed</styleUrl>
      <Point><coordinates>145.2167,-37.8667,79.2</coordinates></Point>
    </Placemark>
    <Placemark>
      <name>GLEN WAVERLEY (GOLF COURSE)</name>
      <styleUrl>#active</styleUrl>
      <Point><coordinates>145.1936,-37.8871,60</coordinates></Point>
    </Placemark>
    <Placemark>
      <name>HAWTHORN (SCOTCH COLLEGE)</name>
      <styleUrl>#active</styleUrl>
      <Point><coordinates>145.0301,-37.8363,7</coordinates></Point>
    </Placemark>
    <Placemark>
      <name>GREENVALE RESERVOIR</name>
      <styleUrl>#active</styleUrl>
      <Point><coordinates>144.911,-37.63,160</coordinates></Point>
    </Placemark>
    <Placemark>
      <name>STONY POINT</name>
      <styleUrl>#closed</styleUrl>
      <Point><coordinates>145.2167,-38.3833,2</coordinates></Point>
    </Placemark>
    <Placemark>
      <name>ABBOTSFORD</name>
      <styleUrl>#closed</styleUrl>
      <Point><coordinates>145,-37.8,30.5</coordinates></Point>
    </Placemark>
    <Placemark>
      <name>MELBOURNE UNIVERSITY RADAR</name>
      <styleUrl>#closed</styleUrl>
      <Point><coordinates>144.9667,-37.8,0</coordinates></Point>
    </Placemark>
    <Placemark>
      <name>COLLINGWOOD (326 HODDLE ST)</name>
      <styleUrl>#closed</styleUrl>
      <Point><coordinates>144.9833,-37.8,0</coordinates></Point>
    </Placemark>
    <Placemark>
      <name>MELBOURNE (505 ST. KILDA RD)</name>
      <styleUrl>#closed</styleUrl>
      <Point><coordinates>144.9833,-37.8333,0</coordinates></Point>
    </Placemark>
    <Placemark>
      <name>ESSENDON (BOWES AVENUE)</name>
      <styleUrl>#closed</styleUrl>
      <Point><coordinates>144.9,-37.7333,0</coordinates></Point>
    </Placemark>
    <Placemark>
      <name>MELBOURNE (A'BECKETT ST)</name>
      <styleUrl>#closed</styleUrl>
      <Point><coordinates>144.9667,-37.8167,0</coordinates></Point>
    </Placemark>
    <Placemark>
      <name>WARRANDYTE</name>
      <styleUrl>#closed</styleUrl>
      <Point><coordinates>145.2098,-37.7469,50</coordinates></Point>
    </Placemark>
    <Placemark>
      <name>KOO WEE RUP</name>
      <styleUrl>#active</styleUrl>
      <Point><coordinates>145.4933,-38.1992,5.1</coordinates></Point>
    </Placemark>
    <Placemark>
      <name>EGG ROCK (LIGHTNING)</name>
      <styleUrl>#closed</styleUrl>
      <Point><coordinates>145.65,-37.9167,0</coordinates></Point>
    </Placemark>
    <Placemark>
      <name>VERMONT TRANSPORT RESEARCH</name>
      <styleUrl>#closed</styleUrl>
      <Point><coordinates>145.1846,-37.8585,105</coordinates></Point>
    </Placemark>
    <Placemark>
      <name>SANDRINGHAM 2</name>
      <styleUrl>#closed</styleUrl>
      <Point><coordinates>145.0167,-37.95,37</coordinates></Point>
    </Placemark>
    <Placemark>
      <name>GRANTVILLE 2</name>
      <styleUrl>#closed</styleUrl>
      <Point><coordinates>145.5333,-38.4167,36.6</coordinates></Point>
    </Placemark>
    <Placemark>
      <name>DOREEN</name>
      <styleUrl>#closed</styleUrl>
      <Point><coordinates>145.15,-37.6167,221</coordinates></Point>
    </Placemark>
    <Placemark>
      <name>DANDENONG (HINEMOA)</name>
      <styleUrl>#closed</styleUrl>
      <Point><coordinates>145.25,-37.9833,33.2</coordinates></Point>
    </Placemark>
    <Placemark>
      <name>LATROBE RIVER NO.1</name>
      <styleUrl>#closed</styleUrl>
      <Point><coordinates>145.7667,-37.9,762</coordinates></Point>
    </Placemark>
    <Placemark>
      <name>LATROBE RIVER NO.2</name>
      <styleUrl>#closed</styleUrl>
      <Point><coordinates>145.85,-37.85,716</coordinates></Point>
    </Placemark>
    <Placemark>
      <name>FERNTREE GULLY (PROBERT)</name>
      <styleUrl>#closed</styleUrl>
      <Point><coordinates>145.2964,-37.8797,128</coordinates></Point>
    </Placemark>
    <Placemark>
      <name>LATROBE RIVER (RECORDER NO 3)</name>
      <styleUrl>#closed</styleUrl>
      <Point><coordinates>145.85,-37.9167,814</coordinates></Point>
    </Placemark>
    <Placemark>
      <name>YERING SCHOOL</name>
      <styleUrl>#closed</styleUrl>
      <Point><coordinates>145.3667,-37.6833,0</coordinates></Point>
    </Placemark>
    <Placemark>
      <name>YERING ST HUBERTS</name>
      <styleUrl>#closed</styleUrl>
      <Point><coordinates>145.4,-37.7,0</coordinates></Point>
    </Placemark>
    <Placemark>
      <name>MCMAHONS CREEK (REEFTON)</name>
      <styleUrl>#closed</styleUrl>
      <Point><coordinates>145.9167,-37.6667,0</coordinates></Point>
    </Placemark>
    <Placemark>
      <name>BENA (CROMWELL)</name>
      <styleUrl>#closed</styleUrl>
      <Point><coordinates>145.7167,-38.4333,214</coordinates></Point>
    </Placemark>
    <Placemark>
      <name>GREENVALE STATE SCHOOL</name>
      <styleUrl>#closed</styleUrl>
      <Point><coordinates>144.8833,-37.6167,0</coordinates></Point>
    </Placemark>
    <Placemark>
      <name>BOX HILL SHIRE</name>
      <styleUrl>#closed</styleUrl>
      <Point><coordinates>145.1333,-37.8167,0</coordinates></Point>
    </Placemark>
    <Placemark>
      <name>ESSENDON 2</name>
      <styleUrl>#closed</styleUrl>
      <Point><coordinates>144.9167,-37.7333,85.6</coordinates></Point>
    </Placemark>
    <Placemark>
      <name>THORNBURY</name>
      <styleUrl>#closed</styleUrl>
      <Point><coordinates>145,-37.75,41.1</coordinates></Point>
    </Placemark>
    <Placemark>
      <name>MOUNT BURNETT</name>
      <styleUrl>#active</styleUrl>
      <Point><coordinates>145.5047,-37.9647,291</coordinates></Point>
    </Placemark>
    <Placemark>
      <name>WARBURTON (O'SHANNASSY RESERVOIR (WALL))</name>
      <styleUrl>#closed</styleUrl>
      <Point><coordinates>145.8058,-37.6751,300.2</coordinates></Point>
    </Placemark>
    <Placemark>
      <name>RYE</name>
      <styleUrl>#closed</styleUrl>
      <Point><coordinates>144.8333,-38.3833,0</coordinates></Point>
    </Placemark>
    <Placemark>
      <name>CORINELLA (TENBY)</name>
      <styleUrl>#closed</styleUrl>
      <Point><coordinates>145.5,-38.4,0</coordinates></Point>
    </Placemark>
    <Placemark>
      <name>MELBOURNE (OLYMPIC PARK)</name>
      <styleUrl>#active</styleUrl>
      <Point><coordinates>144.9816,-37.8255,7.5</coordinates></Point>
    </Placemark>
    <Placemark>
      <name>CORINELLA</name>
      <styleUrl>#closed</styleUrl>
      <Point><coordinates>145.4364,-38.4272,10</coordinates></Point>
    </Placemark>
    <Placemark>
      <name>BLACKBURN</name>
      <styleUrl>#closed</styleUrl>
      <Point><coordinates>145.15,-37.8167,77</coordinates></Point>
    </Placemark>
    <Placemark>
      <name>DONCASTER</name>
      <styleUrl>#closed</styleUrl>
      <Point><coordinates>145.1167,-37.7833,76</coordinates></Point>
    </Placemark>
    <Placemark>
      <name>EZARDS OLD MILL SITE</name>
      <styleUrl>#closed</styleUrl>
      <Point><coordinates>145.8917,-37.7633,685.2</coordinates></Point>
    </Placemark>
    <Placemark>
      <name>BUNDOORA</name>
      <styleUrl>#closed</styleUrl>
      <Point><coordinates>145.0667,-37.7,95</coordinates></Point>
    </Placemark>
    <Placemark>
      <name>SOUTH CHANNEL ISLAND</name>
      <styleUrl>#active</styleUrl>
      <Point><coordinates>144.8016,-38.3065,9</coordinates></Point>
    </Placemark>
    <Placemark>
      <name>KONGWAK</name>
      <styleUrl>#closed</styleUrl>
      <Point><coordinates>145.7167,-38.5167,0</coordinates></Point>
    </Placemark>
    <Placemark>
      <name>NANGANA (TYERS)</name>
      <styleUrl>#closed</styleUrl>
      <Point><coordinates>145.5333,-37.8833,160</coordinates></Point>
    </Placemark>
    <Placemark>
      <name>YARRA RIVER @ WARRANDYTE</name>
      <styleUrl>#active</styleUrl>
      <Point><coordinates>145.212,-37.7397,28.4</coordinates></Point>
    </Placemark>
    <Placemark>
      <name>MULGRAVE</name>
      <styleUrl>#closed</styleUrl>
      <Point><coordinates>145.1833,-37.9167,0</coordinates></Point>
    </Placemark>
    <Placemark>
      <name>CAPE SCHANCK (KELLY)</name>
      <styleUrl>#closed</styleUrl>
      <Point><coordinates>144.9,-38.4833,0</coordinates></Point>
    </Placemark>
    <Placemark>
      <name>WALLAN</name>
      <styleUrl>#active</styleUrl>
      <Point><coordinates>144.977,-37.4187,341</coordinates></Point>
    </Placemark>
    <Placemark>
      <name>BUNDOORA (LATROBE UNIVERSITY)</name>
      <styleUrl>#closed</styleUrl>
      <Point><coordinates>145.0453,-37.7163,83</coordinates></Point>
    </Placemark>
    <Placemark>
      <name>BROADMEADOWS RADAR</name>
      <styleUrl>#active</styleUrl>
      <Point><coordinates>144.9473,-37.6899,0</coordinates></Point>
    </Placemark>
    <Placemark>
      <name>PHILLIP ISLAND PENGUIN RESERVE</name>
      <styleUrl>#closed</styleUrl>
      <Point><coordinates>145.1503,-38.5058,7</coordinates></Point>
    </Placemark>
    <Placemark>
      <name>PLENTY (DAPRANO)</name>
      <styleUrl>#closed</styleUrl>
      <Point><coordinates>145.1333,-37.6667,0</coordinates></Point>
    </Placemark>
    <Placemark>
      <name>FLINDERS</name>
      <styleUrl>#closed</styleUrl>
      <Point><coordinates>145.0133,-38.4693,68</coordinates></Point>
    </Placemark>
    <Placemark>
      <name>DEVILBEND RESERVOIR</name>
      <styleUrl>#active</styleUrl>
      <Point><coordinates>145.0998,-38.2765,75</coordinates></Point>
    </Placemark>
    <Placemark>
      <name>GLADYSDALE (LITTLE FEET FARM)</name>
      <styleUrl>#active</styleUrl>
      <Point><coordinates>145.6529,-37.8588,295</coordinates></Point>
    </Placemark>
    <Placemark>
      <name>MONBULK (BULB FARM)</name>
      <styleUrl>#closed</styleUrl>
      <Point><coordinates>145.4206,-37.8632,257</coordinates></Point>
    </Placemark>
    <Placemark>
      <name>WARBURTON EAST (ARRABRI)</name>
      <styleUrl>#closed</styleUrl>
      <Point><coordinates>145.7388,-37.7409,200</coordinates></Point>
    </Placemark>
    <Placemark>
      <name>CERBERUS</name>
      <styleUrl>#active</styleUrl>
      <Point><coordinates>145.1785,-38.3646,12.7</coordinates></Point>
    </Placemark>
    <Placemark>
      <name>DONCASTER (MANNINGHAM DEPOT)</name>
      <styleUrl>#closed</styleUrl>
      <Point><coordinates>145.1717,-37.7508,61</coordinates></Point>
    </Placemark>
    <Placemark>
      <name>TARRAWARRA</name>
      <styleUrl>#active</styleUrl>
      <Point><coordinates>145.4762,-37.6563,112</coordinates></Point>
    </Placemark>
    <Placemark>
      <name>TARRAWARRA MONASTERY</name>
      <styleUrl>#active</styleUrl>
      <Point><coordinates>145.4457,-37.6594,100</coordinates></Point>
    </Placemark>
    <Placemark>
      <name>MOOROOLBARK</name>
      <styleUrl>#closed</styleUrl>
      <Point><coordinates>145.3197,-37.7792,120</coordinates></Point>
    </Placemark>
    <Placemark>
      <name>FERNSHAW</name>
      <styleUrl>#closed</styleUrl>
      <Point><coordinates>145.5997,-37.6126,210</coordinates></Point>
    </Placemark>
    <Placemark>
      <name>SEVILLE</name>
      <styleUrl>#closed</styleUrl>
      <Point><coordinates>145.4937,-37.8027,181</coordinates></Point>
    </Placemark>
    <Placemark>
      <name>DALMORE</name>
      <styleUrl>#closed</styleUrl>
      <Point><coordinates>145.4317,-38.18,3</coordinates></Point>
    </Placemark>
    <Placemark>
      <name>SPRINGVALE (SANDOWN)</name>
      <styleUrl>#active</styleUrl>
      <Point><coordinates>145.1655,-37.9535,41</coordinates></Point>
    </Placemark>
    <Placemark>
      <name>KINGLAKE WEST</name>
      <styleUrl>#closed</styleUrl>
      <Point><coordinates>145.3167,-37.45,585</coordinates></Point>
    </Placemark>
    <Placemark>
      <name>FRANKSTON BEACH</name>
      <styleUrl>#active</styleUrl>
      <Point><coordinates>145.1152,-38.148,6</coordinates></Point>
    </Placemark>
    <Placemark>
      <name>FERNY CREEK (DUNNS HILL)</name>
      <styleUrl>#closed</styleUrl>
      <Point><coordinates>145.3364,-37.8775,561</coordinates></Point>
    </Placemark>
    <Placemark>
      <name>RHYLL</name>
      <styleUrl>#active</styleUrl>
      <Point><coordinates>145.3101,-38.4612,13.4</coordinates></Point>
    </Placemark>
    <Placemark>
      <name>KINGLAKE WEST</name>
      <styleUrl>#active</styleUrl>
      <Point><coordinates>145.2637,-37.4652,490</coordinates></Point>
    </Placemark>
    <Placemark>
      <name>CRANBOURNE BOTANIC GARDENS</name>
      <styleUrl>#closed</styleUrl>
      <Point><coordinates>145.2636,-38.1348,85</coordinates></Point>
    </Placemark>
    <Placemark>
      <name>FAWKNER BEACON</name>
      <styleUrl>#active</styleUrl>
      <Point><coordinates>144.9269,-37.9483,17</coordinates></Point>
    </Placemark>
    <Placemark>
      <name>UPPER PLENTY</name>
      <styleUrl>#active</styleUrl>
      <Point><coordinates>145.0752,-37.4225,325</coordinates></Point>
    </Placemark>
    <Placemark>
      <name>BRUNSWICK</name>
      <styleUrl>#closed</styleUrl>
      <Point><coordinates>144.9797,-37.7667,45</coordinates></Point>
    </Placemark>
    <Placemark>
      <name>RINGWOOD NORTH</name>
      <styleUrl>#active</styleUrl>
      <Point><coordinates>145.245,-37.792,170</coordinates></Point>
    </Placemark>
    <Placemark>
      <name>MELBOURNE REGIONAL OFFICE TBRG</name>
      <styleUrl>#closed</styleUrl>
      <Point><coordinates>144.9667,-37.8167,34.7</coordinates></Point>
    </Placemark>
    <Placemark>
      <name>MELBOURNE HARBOUR CONTROL</name>
      <styleUrl>#closed</styleUrl>
      <Point><coordinates>144.9325,-37.8208,39.6</coordinates></Point>
    </Placemark>
    <Placemark>
      <name>YARRA JUNCTION</name>
      <styleUrl>#closed</styleUrl>
      <Point><coordinates>145.6317,-37.7839,120</coordinates></Point>
    </Placemark>
    <Placemark>
      <name>COLDSTREAM</name>
      <styleUrl>#active</styleUrl>
      <Point><coordinates>145.4092,-37.7239,83</coordinates></Point>
    </Placemark>
    <Placemark>
      <name>MELBOURNE AIRPORT COMPARISON</name>
      <styleUrl>#closed</styleUrl>
      <Point><coordinates>144.8419,-37.675,0</coordinates></Point>
    </Placemark>
    <Placemark>
      <name>HEALESVILLE (MOUNT YULE)</name>
      <styleUrl>#closed</styleUrl>
      <Point><coordinates>145.5069,-37.6518,100</coordinates></Point>
    </Placemark>
    <Placemark>
      <name>MERRICKS STONIER'S WINERY</name>
      <styleUrl>#active</styleUrl>
      <Point><coordinates>145.0864,-38.3898,55</coordinates></Point>
    </Placemark>
    <Placemark>
      <name>FRANKSTON (BALLAM PARK)</name>
      <styleUrl>#active</styleUrl>
      <Point><coordinates>145.1615,-38.1517,58.5</coordinates></Point>
    </Placemark>
    <Placemark>
      <name>COLDSTREAM COMPARISON</name>
      <styleUrl>#active</styleUrl>
      <Point><coordinates>145.4092,-37.724,83</coordinates></Point>
    </Placemark>
    <Placemark>
      <name>CAPE SCHANCK</name>
      <styleUrl>#closed</styleUrl>
      <Point><coordinates>144.9019,-38.4617,145</coordinates></Point>
    </Placemark>
    <Placemark>
      <name>PAKENHAM</name>
      <styleUrl>#closed</styleUrl>
      <Point><coordinates>145.5075,-38.0825,35</coordinates></Point>
    </Placemark>
    <Placemark>
      <name>MELBOURNE AIRPORT (NORTH ANEMOMETER)</name>
      <styleUrl>#active</styleUrl>
      <Point><coordinates>144.8333,-37.6577,127</coordinates></Point>
    </Placemark>
    <Placemark>
      <name>MELBOURNE AIRPORT (SOUTH ANEMOMETER)</name>
      <styleUrl>#active</styleUrl>
      <Point><coordinates>144.8383,-37.6832,99</coordinates></Point>
    </Placemark>
    <Placemark>
      <name>MELBOURNE AIRPORT (SECONDARY)</name>
      <styleUrl>#active</styleUrl>
      <Point><coordinates>144.8441,-37.6601,122</coordinates></Point>
    </Placemark>
    <Placemark>
      <name>MELBOURNE AIRPORT (WEST ANEMOMETER)</name>
      <styleUrl>#active</styleUrl>
      <Point><coordinates>144.8193,-37.6624,117</coordinates></Point>
    </Placemark>
    <Placemark>
      <name>ST. ANDREWS (HILDERBRAND ROAD)</name>
      <styleUrl>#closed</styleUrl>
      <Point><coordinates>145.2633,-37.5831,240</coordinates></Point>
    </Placemark>
    <Placemark>
      <name>MELBOURNE AIRPORT (MANUAL EVAPORATION CO</name>
      <styleUrl>#active</styleUrl>
      <Point><coordinates>144.8322,-37.6654,113.4</coordinates></Point>
    </Placemark>
    <Placemark>
      <name>MELBOURNE AIRPORT (AUTO EVAP)</name>
      <styleUrl>#active</styleUrl>
      <Point><coordinates>144.8322,-37.6654,113.4</coordinates></Point>
    </Placemark>
    <Placemark>
      <name>ANAKIE</name>
      <styleUrl>#closed</styleUrl>
      <Point><coordinates>144.2623,-37.8802,247</coordinates></Point>
    </Placemark>
    <Placemark>
      <name>ANGLESEA</name>
      <styleUrl>#closed</styleUrl>
      <Point><coordinates>144.1958,-38.4056,95</coordinates></Point>
    </Placemark>
    <Placemark>
      <name>BACCHUS MARSH</name>
      <styleUrl>#closed</styleUrl>
      <Point><coordinates>144.4,-37.7,104.5</coordinates></Point>
    </Placemark>
    <Placemark>
      <name>BALLIANG EAST (CHESNEY)</name>
      <styleUrl>#closed</styleUrl>
      <Point><coordinates>144.4,-37.8,104.5</coordinates></Point>
    </Placemark>
    <Placemark>
      <name>BACCHUS MARSH (SPRINGBANK)</name>
      <styleUrl>#closed</styleUrl>
      <Point><coordinates>144.4667,-37.6,243.8</coordinates></Point>
    </Placemark>
    <Placemark>
      <name>BALLAN (FISKVILLE)</name>
      <styleUrl>#closed</styleUrl>
      <Point><coordinates>144.2,-37.6,442</coordinates></Point>
    </Placemark>
    <Placemark>
      <name>BALLAN</name>
      <styleUrl>#closed</styleUrl>
      <Point><coordinates>144.2295,-37.6018,508.7</coordinates></Point>
    </Placemark>
    <Placemark>
      <name>MORRISONS (BALLARK)</name>
      <styleUrl>#active</styleUrl>
      <Point><coordinates>144.1406,-37.743,379</coordinates></Point>
    </Placemark>
    <Placemark>
      <name>BALLIANG EAST</name>
      <styleUrl>#closed</styleUrl>
      <Point><coordinates>144.437,-37.8076,131</coordinates></Point>
    </Placemark>
    <Placemark>
      <name>BANNOCKBURN</name>
      <styleUrl>#closed</styleUrl>
      <Point><coordinates>144.1608,-38.0213,106</coordinates></Point>
    </Placemark>
    <Placemark>
      <name>BARWON HEADS  (JIRRAHLINGA)</name>
      <styleUrl>#closed</styleUrl>
      <Point><coordinates>144.4803,-38.2661,5</coordinates></Point>
    </Placemark>
    <Placemark>
      <name>BEALES RESERVOIR</name>
      <styleUrl>#closed</styleUrl>
      <Point><coordinates>144.0251,-37.5417,580</coordinates></Point>
    </Placemark>
    <Placemark>
      <name>BELMONT</name>
      <styleUrl>#closed</styleUrl>
      <Point><coordinates>144.3375,-38.1731,50</coordinates></Point>
    </Placemark>
    <Placemark>
      <name>BENLOCH</name>
      <styleUrl>#closed</styleUrl>
      <Point><coordinates>144.7,-37.3,0</coordinates></Point>
    </Placemark>
    <Placemark>
      <name>BUNGAREE (KIRKS RESERVOIR)</name>
      <styleUrl>#active</styleUrl>
      <Point><coordinates>143.9322,-37.5512,510.5</coordinates></Point>
    </Placemark>
    <Placemark>
      <name>KEILOR</name>
      <styleUrl>#closed</styleUrl>
      <Point><coordinates>144.8072,-37.7025,90</coordinates></Point>
    </Placemark>
    <Placemark>
      <name>MOORABOOL RIVER AT MORRISONS</name>
      <styleUrl>#active</styleUrl>
      <Point><coordinates>144.1048,-37.7654,0</coordinates></Point>
    </Placemark>
    <Placemark>
      <name>BLACKWOOD</name>
      <styleUrl>#active</styleUrl>
      <Point><coordinates>144.3075,-37.4677,547</coordinates></Point>
    </Placemark>
    <Placemark>
      <name>BOLINDA</name>
      <styleUrl>#closed</styleUrl>
      <Point><coordinates>144.75,-37.45,385</coordinates></Point>
    </Placemark>
    <Placemark>
      <name>COBAW (MEADOW PARK)</name>
      <styleUrl>#closed</styleUrl>
      <Point><coordinates>144.6,-37.3,0</coordinates></Point>
    </Placemark>
    <Placemark>
      <name>DEER PARK</name>
      <styleUrl>#closed</styleUrl>
      <Point><coordinates>144.7833,-37.7667,52</coordinates></Point>
    </Placemark>
    <Placemark>
      <name>DURDIDWARRAH</name>
      <styleUrl>#active</styleUrl>
      <Point><coordinates>144.208,-37.8231,372</coordinates></Point>
    </Placemark>
    <Placemark>
      <name>FOOTSCRAY</name>
      <styleUrl>#closed</styleUrl>
      <Point><coordinates>144.8833,-37.8167,13.7</coordinates></Point>
    </Placemark>
    <Placemark>
      <name>GEELONG SALINES (MOOLAP)</name>
      <styleUrl>#closed</styleUrl>
      <Point><coordinates>144.3954,-38.1587,4</coordinates></Point>
    </Placemark>
    <Placemark>
      <name>GEELONG GOLF CLUB</name>
      <styleUrl>#closed</styleUrl>
      <Point><coordinates>144.3422,-38.1269,15</coordinates></Point>
    </Placemark>
    <Placemark>
      <name>GEELONG SEC</name>
      <styleUrl>#closed</styleUrl>
      <Point><coordinates>144.3667,-38.1167,17.1</coordinates></Point>
    </Placemark>
    <Placemark>
      <name>GISBORNE</name>
      <styleUrl>#closed</styleUrl>
      <Point><coordinates>144.6123,-37.4896,409</coordinates></Point>
    </Placemark>
    <Placemark>
      <name>KEILOR (ARUNDEL)</name>
      <styleUrl>#closed</styleUrl>
      <Point><coordinates>144.8342,-37.6942,70</coordinates></Point>
    </Placemark>
    <Placemark>
      <name>LAL LAL</name>
      <styleUrl>#closed</styleUrl>
      <Point><coordinates>144,-37.7,0</coordinates></Point>
    </Placemark>
    <Placemark>
      <name>LANCEFIELD</name>
      <styleUrl>#active</styleUrl>
      <Point><coordinates>144.723,-37.2698,463</coordinates></Point>
    </Placemark>
    <Placemark>
      <name>LARA LAKE</name>
      <styleUrl>#closed</styleUrl>
      <Point><coordinates>144.4,-38,0</coordinates></Point>
    </Placemark>
    <Placemark>
      <name>LAVERTON RAAF</name>
      <styleUrl>#active</styleUrl>
      <Point><coordinates>144.7565,-37.8565,20.1</coordinates></Point>
    </Placemark>
    <Placemark>
      <name>LAVERTON SALINES</name>
      <styleUrl>#closed</styleUrl>
      <Point><coordinates>144.75,-37.9,13.7</coordinates></Point>
    </Placemark>
    <Placemark>
      <name>LITTLE RIVER</name>
      <styleUrl>#active</styleUrl>
      <Point><coordinates>144.4943,-37.991,20</coordinates></Point>
    </Placemark>
    <Placemark>
      <name>LOVELY BANKS (RESERVOIR)</name>
      <styleUrl>#closed</styleUrl>
      <Point><coordinates>144.3281,-38.0657,82.6</coordinates></Point>
    </Placemark>
    <Placemark>
      <name>MOUNT MACEDON (BURNCRANNA)</name>
      <styleUrl>#closed</styleUrl>
      <Point><coordinates>144.6,-37.4,548</coordinates></Point>
    </Placemark>
    <Placemark>
      <name>MACEDON FORESTRY</name>
      <styleUrl>#active</styleUrl>
      <Point><coordinates>144.5569,-37.4155,505</coordinates></Point>
    </Placemark>
    <Placemark>
      <name>MOUNT MACEDON</name>
      <styleUrl>#closed</styleUrl>
      <Point><coordinates>144.5833,-37.4,762</coordinates></Point>
    </Placemark>
    <Placemark>
      <name>MARIBYRNONG EXPLOSIVES FACTORY</name>
      <styleUrl>#closed</styleUrl>
      <Point><coordinates>144.8767,-37.775,20</coordinates></Point>
    </Placemark>
    <Placemark>
      <name>MELTON</name>
      <styleUrl>#closed</styleUrl>
      <Point><coordinates>144.5749,-37.6649,156</coordinates></Point>
    </Placemark>
    <Placemark>
      <name>MELTON RESERVOIR</name>
      <styleUrl>#active</styleUrl>
      <Point><coordinates>144.572,-37.7463,58</coordinates></Point>
    </Placemark>
    <Placemark>
      <name>MELTON SOUTH</name>
      <styleUrl>#closed</styleUrl>
      <Point><coordinates>144.5,-37.7,0</coordinates></Point>
    </Placemark>
    <Placemark>
      <name>MEREDITH</name>
      <styleUrl>#active</styleUrl>
      <Point><coordinates>144.0635,-37.8344,355</coordinates></Point>
    </Placemark>
    <Placemark>
      <name>MEREDITH (DARRA)</name>
      <styleUrl>#active</styleUrl>
      <Point><coordinates>144.1492,-37.8197,362</coordinates></Point>
    </Placemark>
    <Placemark>
      <name>MEREDITH (WATTLE VALE)</name>
      <styleUrl>#closed</styleUrl>
      <Point><coordinates>143.9667,-37.8667,335.3</coordinates></Point>
    </Placemark>
    <Placemark>
      <name>MOORABOOL RESERVOIR</name>
      <styleUrl>#active</styleUrl>
      <Point><coordinates>144.0827,-37.5151,605.2</coordinates></Point>
    </Placemark>
    <Placemark>
      <name>SCOTSBURN (MOUNT BONINYONG)</name>
      <styleUrl>#active</styleUrl>
      <Point><coordinates>143.94,-37.6719,488</coordinates></Point>
    </Placemark>
    <Placemark>
      <name>MOUNT MORIAC</name>
      <styleUrl>#closed</styleUrl>
      <Point><coordinates>144.2,-38.2,0</coordinates></Point>
    </Placemark>
    <Placemark>
      <name>LITTLE RIVER (MOUNT ROTHWELL)</name>
      <styleUrl>#active</styleUrl>
      <Point><coordinates>144.4387,-37.8958,110</coordinates></Point>
    </Placemark>
    <Placemark>
      <name>MOUNT TOWRONG</name>
      <styleUrl>#closed</styleUrl>
      <Point><coordinates>144.6167,-37.3833,838.2</coordinates></Point>
    </Placemark>
    <Placemark>
      <name>MOUNT WALLACE</name>
      <styleUrl>#closed</styleUrl>
      <Point><coordinates>144.2,-37.75,0</coordinates></Point>
    </Placemark>
    <Placemark>
      <name>MYRNIONG</name>
      <styleUrl>#closed</styleUrl>
      <Point><coordinates>144.35,-37.65,229</coordinates></Point>
    </Placemark>
    <Placemark>
      <name>OAKLANDS JUNCTION</name>
      <styleUrl>#closed</styleUrl>
      <Point><coordinates>144.85,-37.6,213</coordinates></Point>
    </Placemark>
    <Placemark>
      <name>PORTARLINGTON</name>
      <styleUrl>#closed</styleUrl>
      <Point><coordinates>144.642,-38.1227,77</coordinates></Point>
    </Placemark>
    <Placemark>
      <name>QUEENSCLIFF</name>
      <styleUrl>#closed</styleUrl>
      <Point><coordinates>144.6621,-38.2714,15</coordinates></Point>
    </Placemark>
    <Placemark>
      <name>RIDDELLS CREEK</name>
      <styleUrl>#closed</styleUrl>
      <Point><coordinates>144.7833,-37.45,367.3</coordinates></Point>
    </Placemark>
    <Placemark>
      <name>ROCKBANK</name>
      <styleUrl>#closed</styleUrl>
      <Point><coordinates>144.6,-37.7,0</coordinates></Point>
    </Placemark>
    <Placemark>
      <name>ROMSEY</name>
      <styleUrl>#closed</styleUrl>
      <Point><coordinates>144.75,-37.35,487.7</coordinates></Point>
    </Placemark>
    <Placemark>
      <name>ST ALBANS</name>
      <styleUrl>#closed</styleUrl>
      <Point><coordinates>144.8,-37.75,66.4</coordinates></Point>
    </Placemark>
    <Placemark>
      <name>SHELFORD</name>
      <styleUrl>#closed</styleUrl>
      <Point><coordinates>143.976,-38.0131,97</coordinates></Point>
    </Placemark>
    <Placemark>
      <name>SPARGO CREEK</name>
      <styleUrl>#closed</styleUrl>
      <Point><coordinates>144.15,-37.4833,0</coordinates></Point>
    </Placemark>
    <Placemark>
      <name>SUNBURY (LACHLAN COURT)</name>
      <styleUrl>#active</styleUrl>
      <Point><coordinates>144.7401,-37.5719,210</coordinates></Point>
    </Placemark>
    <Placemark>
      <name>SYDENHAM</name>
      <styleUrl>#closed</styleUrl>
      <Point><coordinates>144.7667,-37.7,105.7</coordinates></Point>
    </Placemark>
    <Placemark>
      <name>TOOLERN VALE</name>
      <styleUrl>#closed</styleUrl>
      <Point><coordinates>144,-37,0</coordinates></Point>
    </Placemark>
    <Placemark>
      <name>WAURN PONDS</name>
      <styleUrl>#closed</styleUrl>
      <Point><coordinates>144.3,-38.2,101.5</coordinates></Point>
    </Placemark>
    <Placemark>
      <name>WERRIBEE RESEARCH FARM</name>
      <styleUrl>#closed</styleUrl>
      <Point><coordinates>144.6833,-37.9,24</coordinates></Point>
    </Placemark>
    <Placemark>
      <name>WERRIBEE POST OFFICE</name>
      <styleUrl>#closed</styleUrl>
      <Point><coordinates>144.6667,-37.9,23.5</coordinates></Point>
    </Placemark>
    <Placemark>
      <name>WILSONS RESERVOIR</name>
      <styleUrl>#active</styleUrl>
      <Point><coordinates>144.0177,-37.5144,609</coordinates></Point>
    </Placemark>
    <Placemark>
      <name>MOORABOOL RIVER AT LAL LAL</name>
      <styleUrl>#active</styleUrl>
      <Point><coordinates>144.0411,-37.645,0</coordinates></Point>
    </Placemark>
    <Placemark>
      <name>WINCHELSEA (KILDEAN)</name>
      <styleUrl>#closed</styleUrl>
      <Point><coordinates>144,-38.3,0</coordinates></Point>
    </Placemark>
    <Placemark>
      <name>ROSLEY (GLENMORE)</name>
      <styleUrl>#closed</styleUrl>
      <Point><coordinates>144.4,-37.75,0</coordinates></Point>
    </Placemark>
    <Placemark>
      <name>ANTHONYS CUTTING</name>
      <styleUrl>#closed</styleUrl>
      <Point><coordinates>144.5,-37.6833,152.4</coordinates></Point>
    </Placemark>
    <Placemark>
      <name>BULLA (GLEN LOMAN)</name>
      <styleUrl>#closed</styleUrl>
      <Point><coordinates>144.8,-37.6333,152.4</coordinates></Point>
    </Placemark>
    <Placemark>
      <name>ELAINE (LARUNDEL)</name>
      <styleUrl>#closed</styleUrl>
      <Point><coordinates>143.95,-37.8,396.2</coordinates></Point>
    </Placemark>
    <Placemark>
      <name>MORIAC</name>
      <styleUrl>#closed</styleUrl>
      <Point><coordinates>144.2,-38.2333,97.5</coordinates></Point>
    </Placemark>
    <Placemark>
      <name>BULLENGAROOK EAST</name>
      <styleUrl>#closed</styleUrl>
      <Point><coordinates>144.5094,-37.4827,512</coordinates></Point>
    </Placemark>
    <Placemark>
      <name>CERES</name>
      <styleUrl>#closed</styleUrl>
      <Point><coordinates>144.3,-38.2,0</coordinates></Point>
    </Placemark>
    <Placemark>
      <name>BARKSTEAD</name>
      <styleUrl>#closed</styleUrl>
      <Point><coordinates>144.1,-37.5,0</coordinates></Point>
    </Placemark>
    <Placemark>
      <name>BLACKWOOD (GREEN HILL)</name>
      <styleUrl>#closed</styleUrl>
      <Point><coordinates>144.3,-37.5,0</coordinates></Point>
    </Placemark>
    <Placemark>
      <name>BULLENGAROOK</name>
      <styleUrl>#closed</styleUrl>
      <Point><coordinates>144.5,-37.5,0</coordinates></Point>
    </Placemark>
    <Placemark>
      <name>GEELONG (POINT HENRY)</name>
      <styleUrl>#closed</styleUrl>
      <Point><coordinates>144.4167,-38.1333,8</coordinates></Point>
    </Placemark>
    <Placemark>
      <name>LANCEFIELD (DEEP CREEK STATION)</name>
      <styleUrl>#closed</styleUrl>
      <Point><coordinates>144.7,-37.3,0</coordinates></Point>
    </Placemark>
    <Placemark>
      <name>DRYSDALE</name>
      <styleUrl>#closed</styleUrl>
      <Point><coordinates>144.55,-38.2,70</coordinates></Point>
    </Placemark>
    <Placemark>
      <name>BELLARINE EAST</name>
      <styleUrl>#closed</styleUrl>
      <Point><coordinates>144.3,-38.15,0</coordinates></Point>
    </Placemark>
    <Placemark>
      <name>FENWICK</name>
      <styleUrl>#closed</styleUrl>
      <Point><coordinates>144.5,-38.3,0</coordinates></Point>
    </Placemark>
    <Placemark>
      <name>GORDON</name>
      <styleUrl>#closed</styleUrl>
      <Point><coordinates>144.1,-37.55,0</coordinates></Point>
    </Placemark>
    <Placemark>
      <name>LAVERTON EXPLOSIVES</name>
      <styleUrl>#closed</styleUrl>
      <Point><coordinates>144.7167,-37.8833,7.6</coordinates></Point>
    </Placemark>
    <Placemark>
      <name>LITTLE RIVER (GREENMEADOWS)</name>
      <styleUrl>#closed</styleUrl>
      <Point><coordinates>144.6,-38,0</coordinates></Point>
    </Placemark>
    <Placemark>
      <name>MARSHALL</name>
      <styleUrl>#closed</styleUrl>
      <Point><coordinates>144.4,-38.2,0</coordinates></Point>
    </Placemark>
    <Placemark>
      <name>MOUNT COTTRELL 1</name>
      <styleUrl>#closed</styleUrl>
      <Point><coordinates>144.6,-37.8,0</coordinates></Point>
    </Placemark>
    <Placemark>
      <name>STONEHAVEN</name>
      <styleUrl>#closed</styleUrl>
      <Point><coordinates>144.25,-38.1,0</coordinates></Point>
    </Placemark>
    <Placemark>
      <name>SYDENHAM (DUNMURRY PARK)</name>
      <styleUrl>#closed</styleUrl>
      <Point><coordinates>144.8,-37.7,0</coordinates></Point>
    </Placemark>
    <Placemark>
      <name>TEESDALE</name>
      <styleUrl>#closed</styleUrl>
      <Point><coordinates>144,-38,0</coordinates></Point>
    </Placemark>
    <Placemark>
      <name>TORQUAY</name>
      <styleUrl>#closed</styleUrl>
      <Point><coordinates>144.3167,-38.3333,0</coordinates></Point>
    </Placemark>
    <Placemark>
      <name>WERRIBEE (WYNDHAM)</name>
      <styleUrl>#closed</styleUrl>
      <Point><coordinates>144.65,-37.8833,0</coordinates></Point>
    </Placemark>
    <Placemark>
      <name>PYKES CREEK RESERVOIR</name>
      <styleUrl>#active</styleUrl>
      <Point><coordinates>144.3,-37.6111,421</coordinates></Point>
    </Placemark>
    <Placemark>
      <name>LARA SALINES</name>
      <styleUrl>#closed</styleUrl>
      <Point><coordinates>144.4333,-38.0833,30</coordinates></Point>
    </Placemark>
    <Placemark>
      <name>PARWAN</name>
      <styleUrl>#closed</styleUrl>
      <Point><coordinates>144.3167,-37.7,0</coordinates></Point>
    </Placemark>
    <Placemark>
      <name>TOOLERN VALE (ROSEBANK)</name>
      <styleUrl>#closed</styleUrl>
      <Point><coordinates>144.55,-37.6167,229</coordinates></Point>
    </Placemark>
    <Placemark>
      <name>GISBORNE (HILLTOP)</name>
      <styleUrl>#closed</styleUrl>
      <Point><coordinates>144.55,-37.5667,411.5</coordinates></Point>
    </Placemark>
    <Placemark>
      <name>COUANGALT</name>
      <styleUrl>#closed</styleUrl>
      <Point><coordinates>144.5333,-37.6167,0</coordinates></Point>
    </Placemark>
    <Placemark>
      <name>BACCHUS MARSH</name>
      <styleUrl>#closed</styleUrl>
      <Point><coordinates>144.4333,-37.6667,104.5</coordinates></Point>
    </Placemark>
    <Placemark>
      <name>WERRIBEE CORPUS CHRISTI</name>
      <styleUrl>#closed</styleUrl>
      <Point><coordinates>144.6667,-37.9,0</coordinates></Point>
    </Placemark>
    <Placemark>
      <name>WERRIBEE CATTLE YARDS</name>
      <styleUrl>#closed</styleUrl>
      <Point><coordinates>144.6317,-37.9767,13.7</coordinates></Point>
    </Placemark>
    <Placemark>
      <name>WERRIBEE SEWERAGE FARM</name>
      <styleUrl>#closed</styleUrl>
      <Point><coordinates>144.6167,-37.95,12</coordinates></Point>
    </Placemark>
    <Placemark>
      <name>POINT COOK RAAF (DUNNINGS RD)</name>
      <styleUrl>#closed</styleUrl>
      <Point><coordinates>144.7333,-37.8833,3</coordinates></Point>
    </Placemark>
    <Placemark>
      <name>POINT COOK RAAF ACADEMY</name>
      <styleUrl>#closed</styleUrl>
      <Point><coordinates>144.75,-37.9333,2.4</coordinates></Point>
    </Placemark>
    <Placemark>
      <name>WERRIBEE SOUTH</name>
      <styleUrl>#closed</styleUrl>
      <Point><coordinates>144.7167,-37.95,3</coordinates></Point>
    </Placemark>
    <Placemark>
      <name>BARWON RIVER AT WINCHELSEA</name>
      <styleUrl>#active</styleUrl>
      <Point><coordinates>143.9917,-38.25,0</coordinates></Point>
    </Placemark>
    <Placemark>
      <name>BULLENGAROOK (FAULKINERS)</name>
      <styleUrl>#closed</styleUrl>
      <Point><coordinates>144.48,-37.515,518</coordinates></Point>
    </Placemark>
    <Placemark>
      <name>BULLENGAROOK (HENDERSONS)</name>
      <styleUrl>#closed</styleUrl>
      <Point><coordinates>144.5333,-37.5667,396</coordinates></Point>
    </Placemark>
    <Placemark>
      <name>BLAKEVILLE (BULLARTO CAMP)</name>
      <styleUrl>#closed</styleUrl>
      <Point><coordinates>144.2167,-37.45,0</coordinates></Point>
    </Placemark>
    <Placemark>
      <name>AVALON AIRPORT</name>
      <styleUrl>#active</styleUrl>
      <Point><coordinates>144.4783,-38.0288,10.6</coordinates></Point>
    </Placemark>
    <Placemark>
      <name>DRYSDALE (BRIMDALE)</name>
      <styleUrl>#active</styleUrl>
      <Point><coordinates>144.587,-38.166,76</coordinates></Point>
    </Placemark>
    <Placemark>
      <name>GORDON (FINLAYSON)</name>
      <styleUrl>#closed</styleUrl>
      <Point><coordinates>144.0953,-37.5756,573</coordinates></Point>
    </Placemark>
    <Placemark>
      <name>LETHBRIDGE (MOUNTJOY)</name>
      <styleUrl>#closed</styleUrl>
      <Point><coordinates>144.2333,-37.9833,152</coordinates></Point>
    </Placemark>
    <Placemark>
      <name>GEELONG (NORLANE)</name>
      <styleUrl>#closed</styleUrl>
      <Point><coordinates>144.3356,-38.085,54.9</coordinates></Point>
    </Placemark>
    <Placemark>
      <name>HESKET (STRAWS LANE)</name>
      <styleUrl>#active</styleUrl>
      <Point><coordinates>144.6067,-37.3508,650</coordinates></Point>
    </Placemark>
    <Placemark>
      <name>WENSLEYDALE (ANGLESEA (VEHICLE PROVING G</name>
      <styleUrl>#active</styleUrl>
      <Point><coordinates>144.0843,-38.3687,220</coordinates></Point>
    </Placemark>
    <Placemark>
      <name>TEESDALE</name>
      <styleUrl>#closed</styleUrl>
      <Point><coordinates>144.05,-38.0333,122</coordinates></Point>
    </Placemark>
    <Placemark>
      <name>ROCKBANK (MELTON)</name>
      <styleUrl>#active</styleUrl>
      <Point><coordinates>144.6664,-37.6831,125</coordinates></Point>
    </Placemark>
    <Placemark>
      <name>BULLARTO STH POST OFFICE</name>
      <styleUrl>#closed</styleUrl>
      <Point><coordinates>144.2167,-37.4167,746.8</coordinates></Point>
    </Placemark>
    <Placemark>
      <name>LETHBRIDGE (GLENMOOR)</name>
      <styleUrl>#closed</styleUrl>
      <Point><coordinates>144.1567,-37.9479,88</coordinates></Point>
    </Placemark>
    <Placemark>
      <name>BUCKLEY (BALLIWINDI)</name>
      <styleUrl>#active</styleUrl>
      <Point><coordinates>144.0854,-38.2504,135</coordinates></Point>
    </Placemark>
    <Placemark>
      <name>MOORABOOL AREA (COONIL)</name>
      <styleUrl>#closed</styleUrl>
      <Point><coordinates>144.265,-38,91</coordinates></Point>
    </Placemark>
    <Placemark>
      <name>WURDIBOLUC RESERVOIR</name>
      <styleUrl>#closed</styleUrl>
      <Point><coordinates>144.0518,-38.2823,136</coordinates></Point>
    </Placemark>
    <Placemark>
      <name>BARWON RIVER (GEELONG BREAKWATER)</name>
      <styleUrl>#closed</styleUrl>
      <Point><coordinates>144.3667,-38.1833,0</coordinates></Point>
    </Placemark>
    <Placemark>
      <name>WERRIBEE RESEARCH FARM 2</name>
      <styleUrl>#closed</styleUrl>
      <Point><coordinates>144.7167,-37.9167,23.5</coordinates></Point>
    </Placemark>
    <Placemark>
      <name>GREENDALE</name>
      <styleUrl>#closed</styleUrl>
      <Point><coordinates>144.3,-37.55,0</coordinates></Point>
    </Placemark>
    <Placemark>
      <name>ROMSEY</name>
      <styleUrl>#active</styleUrl>
      <Point><coordinates>144.7494,-37.3495,478</coordinates></Point>
    </Placemark>
    <Placemark>
      <name>ALTONA (CITY OFFICES OPERATIONS CENTRE)</name>
      <styleUrl>#active</styleUrl>
      <Point><coordinates>144.8262,-37.8634,3</coordinates></Point>
    </Placemark>
    <Placemark>
      <name>SHELFORD (LEIGH RIVER)</name>
      <styleUrl>#closed</styleUrl>
      <Point><coordinates>144,-38.0167,91</coordinates></Point>
    </Placemark>
    <Placemark>
      <name>GEELONG NORTH</name>
      <styleUrl>#closed</styleUrl>
      <Point><coordinates>144.3667,-38.1164,12.2</coordinates></Point>
    </Placemark>
    <Placemark>
      <name>MORRISONS (MOREEP)</name>
      <styleUrl>#closed</styleUrl>
      <Point><coordinates>144.1833,-37.8,0</coordinates></Point>
    </Placemark>
    <Placemark>
      <name>BARWON HEADS GOLF CLUB</name>
      <styleUrl>#active</styleUrl>
      <Point><coordinates>144.4784,-38.283,8</coordinates></Point>
    </Placemark>
    <Placemark>
      <name>DIGGERS REST</name>
      <styleUrl>#closed</styleUrl>
      <Point><coordinates>144.7333,-37.6333,199</coordinates></Point>
    </Placemark>
    <Placemark>
      <name>POOTILLA</name>
      <styleUrl>#closed</styleUrl>
      <Point><coordinates>144.0667,-37.6667,426.7</coordinates></Point>
    </Placemark>
    <Placemark>
      <name>WARRENHEIP</name>
      <styleUrl>#closed</styleUrl>
      <Point><coordinates>143.95,-37.5667,0</coordinates></Point>
    </Placemark>
    <Placemark>
      <name>OCEAN GROVE</name>
      <styleUrl>#closed</styleUrl>
      <Point><coordinates>144.5167,-38.25,28</coordinates></Point>
    </Placemark>
    <Placemark>
      <name>BLUE MOUNT</name>
      <styleUrl>#closed</styleUrl>
      <Point><coordinates>144.35,-37.4167,899.2</coordinates></Point>
    </Placemark>
    <Placemark>
      <name>RIDDELLS CREEK</name>
      <styleUrl>#closed</styleUrl>
      <Point><coordinates>144.6731,-37.4625,380</coordinates></Point>
    </Placemark>
    <Placemark>
      <name>PARAPARAP (WHINBONG HILL)</name>
      <styleUrl>#closed</styleUrl>
      <Point><coordinates>144.1667,-38.3167,0</coordinates></Point>
    </Placemark>
    <Placemark>
      <name>MACEDON UPPER (CHENISTON)</name>
      <styleUrl>#closed</styleUrl>
      <Point><coordinates>144.6167,-37.4,762</coordinates></Point>
    </Placemark>
    <Placemark>
      <name>MACEDON UPPER STATE PLANTATION</name>
      <styleUrl>#closed</styleUrl>
      <Point><coordinates>144.6333,-37.4,853.4</coordinates></Point>
    </Placemark>
    <Placemark>
      <name>WILLIAMSTOWN BOWLING CLUB</name>
      <styleUrl>#closed</styleUrl>
      <Point><coordinates>144.9,-37.85,0</coordinates></Point>
    </Placemark>
    <Placemark>
      <name>ROCKBANK SINCLAIR RD</name>
      <styleUrl>#closed</styleUrl>
      <Point><coordinates>144.7167,-37.7333,91.4</coordinates></Point>
    </Placemark>
    <Placemark>
      <name>BANNOCKBURN (HILLSIDE)</name>
      <styleUrl>#active</styleUrl>
      <Point><coordinates>144.2129,-38.0428,55</coordinates></Point>
    </Placemark>
    <Placemark>
      <name>SUNSHINE (CITY OF BRINBANK)</name>
      <styleUrl>#closed</styleUrl>
      <Point><coordinates>144.8344,-37.7928,35</coordinates></Point>
    </Placemark>
    <Placemark>
      <name>LANCEFIELD (SPRINGRIDGE)</name>
      <styleUrl>#closed</styleUrl>
      <Point><coordinates>144.75,-37.25,502.9</coordinates></Point>
    </Placemark>
    <Placemark>
      <name>WERRIBEE (RACECOURSE)</name>
      <styleUrl>#active</styleUrl>
      <Point><coordinates>144.6427,-37.9043,20</coordinates></Point>
    </Placemark>
    <Placemark>
      <name>DEAN</name>
      <styleUrl>#closed</styleUrl>
      <Point><coordinates>143.9833,-37.4667,0</coordinates></Point>
    </Placemark>
    <Placemark>
      <name>LERDERDERG NO4 RECORDER</name>
      <styleUrl>#closed</styleUrl>
      <Point><coordinates>144.3167,-37.4333,732</coordinates></Point>
    </Placemark>
    <Placemark>
      <name>LERDERDERG NO3 RECORDER</name>
      <styleUrl>#closed</styleUrl>
      <Point><coordinates>144.4,-37.4667,640</coordinates></Point>
    </Placemark>
    <Placemark>
      <name>LERDERDERG NO2 RECORDER</name>
      <styleUrl>#closed</styleUrl>
      <Point><coordinates>144.35,-37.5,610</coordinates></Point>
    </Placemark>
    <Placemark>
      <name>LERDERDERG NO 1 RECORDER</name>
      <styleUrl>#closed</styleUrl>
      <Point><coordinates>144.2167,-37.4667,868.7</coordinates></Point>
    </Placemark>
    <Placemark>
      <name>GEELONG GORDON INSTITUTE</name>
      <styleUrl>#closed</styleUrl>
      <Point><coordinates>144.2667,-38.1667,0</coordinates></Point>
    </Placemark>
    <Placemark>
      <name>WALLINGTON (SUNNYSIDE)</name>
      <styleUrl>#closed</styleUrl>
      <Point><coordinates>144.5167,-38.2167,0</coordinates></Point>
    </Placemark>
    <Placemark>
      <name>COIMADI</name>
      <styleUrl>#closed</styleUrl>
      <Point><coordinates>144.45,-37.5833,366</coordinates></Point>
    </Placemark>
    <Placemark>
      <name>BLACKWOOD (ARMSTRONG)</name>
      <styleUrl>#closed</styleUrl>
      <Point><coordinates>144.3167,-37.4667,533</coordinates></Point>
    </Placemark>
    <Placemark>
      <name>TORQUAY GOLF CLUB</name>
      <styleUrl>#active</styleUrl>
      <Point><coordinates>144.3102,-38.3404,20</coordinates></Point>
    </Placemark>
    <Placemark>
      <name>MERRIMU RESERVOIR</name>
      <styleUrl>#active</styleUrl>
      <Point><coordinates>144.5026,-37.6292,205</coordinates></Point>
    </Placemark>
    <Placemark>
      <name>GNARWARRE (BARWON RIVER AT POLLOCKSFORD)</name>
      <styleUrl>#active</styleUrl>
      <Point><coordinates>144.1872,-38.1435,40</coordinates></Point>
    </Placemark>
    <Placemark>
      <name>GROVEDALE (GEELONG AIRPORT)</name>
      <styleUrl>#closed</styleUrl>
      <Point><coordinates>144.3345,-38.2241,33.4</coordinates></Point>
    </Placemark>
    <Placemark>
      <name>PORTARLINGTON</name>
      <styleUrl>#closed</styleUrl>
      <Point><coordinates>144.6667,-38.1333,30</coordinates></Point>
    </Placemark>
    <Placemark>
      <name>RIPLEY</name>
      <styleUrl>#closed</styleUrl>
      <Point><coordinates>144.3875,-37.8483,110</coordinates></Point>
    </Placemark>
    <Placemark>
      <name>POINT WILSON</name>
      <styleUrl>#active</styleUrl>
      <Point><coordinates>144.5359,-38.0958,5</coordinates></Point>
    </Placemark>
    <Placemark>
      <name>WEST CHANNEL</name>
      <styleUrl>#closed</styleUrl>
      <Point><coordinates>144.75,-38.2,0</coordinates></Point>
    </Placemark>
    <Placemark>
      <name>SHE OAKS</name>
      <styleUrl>#active</styleUrl>
      <Point><coordinates>144.1303,-37.9075,236.7</coordinates></Point>
    </Placemark>
    <Placemark>
      <name>BACCHUS MARSH (GOLF CLUB)</name>
      <styleUrl>#closed</styleUrl>
      <Point><coordinates>144.4296,-37.6372,130</coordinates></Point>
    </Placemark>
    <Placemark>
      <name>BUNINYONG</name>
      <styleUrl>#closed</styleUrl>
      <Point><coordinates>143.8856,-37.6539,500</coordinates></Point>
    </Placemark>
    <Placemark>
      <name>BULLENGAROOK SOUTH</name>
      <styleUrl>#active</styleUrl>
      <Point><coordinates>144.4779,-37.5223,497</coordinates></Point>
    </Placemark>
    <Placemark>
      <name>ST. LEONARDS (LOWFIELDS)</name>
      <styleUrl>#closed</styleUrl>
      <Point><coordinates>144.6714,-38.1786,30</coordinates></Point>
    </Placemark>
    <Placemark>
      <name>LANCEFIELD (WINERY)</name>
      <styleUrl>#active</styleUrl>
      <Point><coordinates>144.7066,-37.294,520</coordinates></Point>
    </Placemark>
    <Placemark>
      <name>MOUNT GISBORNE</name>
      <styleUrl>#closed</styleUrl>
      <Point><coordinates>144.5877,-37.5028,453</coordinates></Point>
    </Placemark>
    <Placemark>
      <name>NEWHAM (COBAW)</name>
      <styleUrl>#active</styleUrl>
      <Point><coordinates>144.5974,-37.2732,530</coordinates></Point>
    </Placemark>
    <Placemark>
      <name>BURNSIDE</name>
      <styleUrl>#closed</styleUrl>
      <Point><coordinates>144.7511,-37.7569,68</coordinates></Point>
    </Placemark>
    <Placemark>
      <name>LAVERTON COMPARISON</name>
      <styleUrl>#closed</styleUrl>
      <Point><coordinates>144.7456,-37.8633,0</coordinates></Point>
    </Placemark>
    <Placemark>
      <name>OCEAN GROVE</name>
      <styleUrl>#active</styleUrl>
      <Point><coordinates>144.5104,-38.2504,40</coordinates></Point>
    </Placemark>
    <Placemark>
      <name>MELTON (MELBOURNE AIRPORT)</name>
      <styleUrl>#active</styleUrl>
      <Point><coordinates>144.5689,-37.6209,208</coordinates></Point>
    </Placemark>
    <Placemark>
      <name>CLIFTON SPRINGS</name>
      <styleUrl>#closed</styleUrl>
      <Point><coordinates>144.5556,-38.1594,25</coordinates></Point>
    </Placemark>
    <Placemark>
      <name>GISBORNE (ROSSLYNNE RESERVOIR)</name>
      <styleUrl>#active</styleUrl>
      <Point><coordinates>144.5668,-37.4772,451</coordinates></Point>
    </Placemark>
    <Placemark>
      <name>BULLENGAROOK (NORTH WEST)</name>
      <styleUrl>#closed</styleUrl>
      <Point><coordinates>144.4706,-37.4729,545</coordinates></Point>
    </Placemark>
    <Placemark>
      <name>BREAKWATER (GEELONG RACECOURSE)</name>
      <styleUrl>#active</styleUrl>
      <Point><coordinates>144.3766,-38.1737,12.9</coordinates></Point>
    </Placemark>
    <Placemark>
      <name>POINT COOK RAAF</name>
      <styleUrl>#active</styleUrl>
      <Point><coordinates>144.7566,-37.9273,3.1</coordinates></Point>
    </Placemark>
    <Placemark>
      <name>BALLAN (OLD MELBOURNE ROAD)</name>
      <styleUrl>#active</styleUrl>
      <Point><coordinates>144.1877,-37.5946,517</coordinates></Point>
    </Placemark>
    <Placemark>
      <name>ALEXANDRA (ACHERON)</name>
      <styleUrl>#closed</styleUrl>
      <Point><coordinates>145.7178,-37.2514,180</coordinates></Point>
    </Placemark>
    <Placemark>
      <name>ALEXANDRA (POST OFFICE)</name>
      <styleUrl>#active</styleUrl>
      <Point><coordinates>145.7116,-37.1916,221</coordinates></Point>
    </Placemark>
    <Placemark>
      <name>AVENEL (POST OFFICE)</name>
      <styleUrl>#active</styleUrl>
      <Point><coordinates>145.2316,-36.893,152</coordinates></Point>
    </Placemark>
    <Placemark>
      <name>BARFOLD</name>
      <styleUrl>#closed</styleUrl>
      <Point><coordinates>144.5,-37.1,0</coordinates></Point>
    </Placemark>
    <Placemark>
      <name>BARKERS CREEK RESERVOIR</name>
      <styleUrl>#closed</styleUrl>
      <Point><coordinates>144.2667,-36.9667,290</coordinates></Point>
    </Placemark>
    <Placemark>
      <name>BENDIGO CHANNEL</name>
      <styleUrl>#closed</styleUrl>
      <Point><coordinates>144.35,-37.1,0</coordinates></Point>
    </Placemark>
    <Placemark>
      <name>BETLEY STATE SCHOOL</name>
      <styleUrl>#closed</styleUrl>
      <Point><coordinates>143.8,-36.9,0</coordinates></Point>
    </Placemark>
    <Placemark>
      <name>BONNIE DOON GARAGE</name>
      <styleUrl>#closed</styleUrl>
      <Point><coordinates>145.8516,-37.027,297</coordinates></Point>
    </Placemark>
    <Placemark>
      <name>BROADFORD</name>
      <styleUrl>#active</styleUrl>
      <Point><coordinates>145.0522,-37.243,262</coordinates></Point>
    </Placemark>
    <Placemark>
      <name>CAIRN CURRAN RESERVOIR</name>
      <styleUrl>#active</styleUrl>
      <Point><coordinates>143.9747,-36.9886,219</coordinates></Point>
    </Placemark>
    <Placemark>
      <name>WILLOWMAVIN (AVALON STATION)</name>
      <styleUrl>#active</styleUrl>
      <Point><coordinates>144.8614,-37.2531,381</coordinates></Point>
    </Placemark>
    <Placemark>
      <name>CAMPBELLTOWN</name>
      <styleUrl>#closed</styleUrl>
      <Point><coordinates>143.9616,-37.2236,272</coordinates></Point>
    </Placemark>
    <Placemark>
      <name>CAMPASPE UPPER</name>
      <styleUrl>#closed</styleUrl>
      <Point><coordinates>144.45,-37.4,0</coordinates></Point>
    </Placemark>
    <Placemark>
      <name>CARISBROOK</name>
      <styleUrl>#closed</styleUrl>
      <Point><coordinates>143.8224,-37.0446,195</coordinates></Point>
    </Placemark>
    <Placemark>
      <name>CASTLEMAINE POST OFFICE</name>
      <styleUrl>#closed</styleUrl>
      <Point><coordinates>144.2,-37.1,310.9</coordinates></Point>
    </Placemark>
    <Placemark>
      <name>CLUNES</name>
      <styleUrl>#active</styleUrl>
      <Point><coordinates>143.7776,-37.3049,332</coordinates></Point>
    </Placemark>
    <Placemark>
      <name>SMEATON WEIR</name>
      <styleUrl>#closed</styleUrl>
      <Point><coordinates>143.9,-37.4,389.5</coordinates></Point>
    </Placemark>
    <Placemark>
      <name>COLIBAN UPPER</name>
      <styleUrl>#closed</styleUrl>
      <Point><coordinates>144.3958,-37.2814,518.2</coordinates></Point>
    </Placemark>
    <Placemark>
      <name>CRESWICK</name>
      <styleUrl>#closed</styleUrl>
      <Point><coordinates>143.9,-37.4,438.3</coordinates></Point>
    </Placemark>
    <Placemark>
      <name>CRESWICK</name>
      <styleUrl>#active</styleUrl>
      <Point><coordinates>143.8908,-37.4089,440</coordinates></Point>
    </Placemark>
    <Placemark>
      <name>DAYLESFORD</name>
      <styleUrl>#active</styleUrl>
      <Point><coordinates>144.1574,-37.3431,612</coordinates></Point>
    </Placemark>
    <Placemark>
      <name>EBERYS</name>
      <styleUrl>#active</styleUrl>
      <Point><coordinates>144.0141,-37.1995,306</coordinates></Point>
    </Placemark>
    <Placemark>
      <name>EDDINGTON</name>
      <styleUrl>#closed</styleUrl>
      <Point><coordinates>143.8614,-36.8883,170</coordinates></Point>
    </Placemark>
    <Placemark>
      <name>LAKE EILDON</name>
      <styleUrl>#active</styleUrl>
      <Point><coordinates>145.9124,-37.2313,230</coordinates></Point>
    </Placemark>
    <Placemark>
      <name>EXPEDITION PASS RESERVOIR</name>
      <styleUrl>#closed</styleUrl>
      <Point><coordinates>144.3,-37.05,0</coordinates></Point>
    </Placemark>
    <Placemark>
      <name>FORT WILLIAM</name>
      <styleUrl>#closed</styleUrl>
      <Point><coordinates>145.4708,-37.0917,606.3</coordinates></Point>
    </Placemark>
    <Placemark>
      <name>FRYERSTOWN</name>
      <styleUrl>#closed</styleUrl>
      <Point><coordinates>144.25,-37.1,341.4</coordinates></Point>
    </Placemark>
    <Placemark>
      <name>GLENAROUA</name>
      <styleUrl>#closed</styleUrl>
      <Point><coordinates>145,-37.1,213.4</coordinates></Point>
    </Placemark>
    <Placemark>
      <name>GLENBURN</name>
      <styleUrl>#active</styleUrl>
      <Point><coordinates>145.4719,-37.3811,250</coordinates></Point>
    </Placemark>
    <Placemark>
      <name>HEATHCOTE</name>
      <styleUrl>#active</styleUrl>
      <Point><coordinates>144.701,-36.9589,311</coordinates></Point>
    </Placemark>
    <Placemark>
      <name>HEATHCOTE JUNCTION</name>
      <styleUrl>#closed</styleUrl>
      <Point><coordinates>145.0333,-37.4,0</coordinates></Point>
    </Placemark>
    <Placemark>
      <name>HIGHLANDS (GLENTANNAR)</name>
      <styleUrl>#active</styleUrl>
      <Point><coordinates>145.4077,-37.0673,565</coordinates></Point>
    </Placemark>
    <Placemark>
      <name>JOYCES CREEK</name>
      <styleUrl>#active</styleUrl>
      <Point><coordinates>143.9977,-37.0855,215</coordinates></Point>
    </Placemark>
    <Placemark>
      <name>BROADFORD GOLF COURSE</name>
      <styleUrl>#closed</styleUrl>
      <Point><coordinates>145.0448,-37.2169,230</coordinates></Point>
    </Placemark>
    <Placemark>
      <name>KILMORE ASSUMPTION COLLEGE</name>
      <styleUrl>#closed</styleUrl>
      <Point><coordinates>144.9475,-37.3011,369.7</coordinates></Point>
    </Placemark>
    <Placemark>
      <name>KINGSTON</name>
      <styleUrl>#closed</styleUrl>
      <Point><coordinates>144,-37.35,533.4</coordinates></Point>
    </Placemark>
    <Placemark>
      <name>KYNETON POST OFFICE</name>
      <styleUrl>#closed</styleUrl>
      <Point><coordinates>144.45,-37.25,509</coordinates></Point>
    </Placemark>
    <Placemark>
      <name>LAURISTON RESERVOIR</name>
      <styleUrl>#active</styleUrl>
      <Point><coordinates>144.3825,-37.2535,487.6</coordinates></Point>
    </Placemark>
    <Placemark>
      <name>LEXTON</name>
      <styleUrl>#active</styleUrl>
      <Point><coordinates>143.5156,-37.2744,305</coordinates></Point>
    </Placemark>
    <Placemark>
      <name>LEXTON (BURRIBRI STATION)</name>
      <styleUrl>#closed</styleUrl>
      <Point><coordinates>143.5,-37.2,0</coordinates></Point>
    </Placemark>
    <Placemark>
      <name>LYONVILLE</name>
      <styleUrl>#closed</styleUrl>
      <Point><coordinates>144.25,-37.4,0</coordinates></Point>
    </Placemark>
    <Placemark>
      <name>MALDON (DERBY HILL)</name>
      <styleUrl>#closed</styleUrl>
      <Point><coordinates>144.0703,-36.9989,320</coordinates></Point>
    </Placemark>
    <Placemark>
      <name>MALMSBURY RESERVOIR</name>
      <styleUrl>#closed</styleUrl>
      <Point><coordinates>144.3742,-37.1953,470</coordinates></Point>
    </Placemark>
    <Placemark>
      <name>MARYBOROUGH</name>
      <styleUrl>#active</styleUrl>
      <Point><coordinates>143.732,-37.056,249.3</coordinates></Point>
    </Placemark>
    <Placemark>
      <name>MARYSVILLE (POST OFFICE)</name>
      <styleUrl>#active</styleUrl>
      <Point><coordinates>145.7472,-37.51,420</coordinates></Point>
    </Placemark>
    <Placemark>
      <name>MOLESWORTH</name>
      <styleUrl>#closed</styleUrl>
      <Point><coordinates>145.55,-37.1667,170.7</coordinates></Point>
    </Placemark>
    <Placemark>
      <name>MURRINDINDI</name>
      <styleUrl>#closed</styleUrl>
      <Point><coordinates>145.4969,-37.3197,200</coordinates></Point>
    </Placemark>
    <Placemark>
      <name>NEEREMAN</name>
      <styleUrl>#closed</styleUrl>
      <Point><coordinates>144,-36.9,0</coordinates></Point>
    </Placemark>
    <Placemark>
      <name>NEWSTEAD</name>
      <styleUrl>#active</styleUrl>
      <Point><coordinates>144.0638,-37.1051,217</coordinates></Point>
    </Placemark>
    <Placemark>
      <name>PUCKAPUNYAL</name>
      <styleUrl>#closed</styleUrl>
      <Point><coordinates>145,-37,213</coordinates></Point>
    </Placemark>
    <Placemark>
      <name>PYALONG WEST (CAVAN PARK)</name>
      <styleUrl>#active</styleUrl>
      <Point><coordinates>144.8392,-37.1095,310</coordinates></Point>
    </Placemark>
    <Placemark>
      <name>REDESDALE</name>
      <styleUrl>#active</styleUrl>
      <Point><coordinates>144.5203,-37.0194,290</coordinates></Point>
    </Placemark>
    <Placemark>
      <name>TULLAROOP RESERVOIR</name>
      <styleUrl>#active</styleUrl>
      <Point><coordinates>143.8639,-37.0905,210</coordinates></Point>
    </Placemark>
    <Placemark>
      <name>SEYMOUR SHIRE DEPOT</name>
      <styleUrl>#active</styleUrl>
      <Point><coordinates>145.1491,-37.0277,145</coordinates></Point>
    </Placemark>
    <Placemark>
      <name>SHEPHERDS FLAT</name>
      <styleUrl>#closed</styleUrl>
      <Point><coordinates>144.1099,-37.2734,336</coordinates></Point>
    </Placemark>
    <Placemark>
      <name>TAGGERTY</name>
      <styleUrl>#closed</styleUrl>
      <Point><coordinates>145.7,-37.4,0</coordinates></Point>
    </Placemark>
    <Placemark>
      <name>TALBOT (POST OFFICE)</name>
      <styleUrl>#active</styleUrl>
      <Point><coordinates>143.6877,-37.1698,268</coordinates></Point>
    </Placemark>
    <Placemark>
      <name>TERIP TERIP</name>
      <styleUrl>#closed</styleUrl>
      <Point><coordinates>145.55,-37,0</coordinates></Point>
    </Placemark>
    <Placemark>
      <name>TRAWOOL (BOONGARRY)</name>
      <styleUrl>#closed</styleUrl>
      <Point><coordinates>145.2,-37.1,0</coordinates></Point>
    </Placemark>
    <Placemark>
      <name>TRENTHAM</name>
      <styleUrl>#active</styleUrl>
      <Point><coordinates>144.3137,-37.3718,695</coordinates></Point>
    </Placemark>
    <Placemark>
      <name>KINGLAKE WEST (WALLABY CREEK)</name>
      <styleUrl>#active</styleUrl>
      <Point><coordinates>145.2143,-37.4475,488</coordinates></Point>
    </Placemark>
    <Placemark>
      <name>WOODEND</name>
      <styleUrl>#active</styleUrl>
      <Point><coordinates>144.539,-37.3578,560</coordinates></Point>
    </Placemark>
    <Placemark>
      <name>WOODEND (CORINELLA ROAD)</name>
      <styleUrl>#closed</styleUrl>
      <Point><coordinates>144.5167,-37.35,560.8</coordinates></Point>
    </Placemark>
    <Placemark>
      <name>WOODEND (MEADOWBROK)</name>
      <styleUrl>#closed</styleUrl>
      <Point><coordinates>144.5,-37.3,0</coordinates></Point>
    </Placemark>
    <Placemark>
      <name>MOLLISONS CK AT PYALONG</name>
      <styleUrl>#active</styleUrl>
      <Point><coordinates>144.8561,-37.1225,247.2</coordinates></Point>
    </Placemark>
    <Placemark>
      <name>YANDOIT (SPRING VALE)</name>
      <styleUrl>#closed</styleUrl>
      <Point><coordinates>144.1,-37.2,274.3</coordinates></Point>
    </Placemark>
    <Placemark>
      <name>YANDOIT</name>
      <styleUrl>#active</styleUrl>
      <Point><coordinates>144.1046,-37.2087,272</coordinates></Point>
    </Placemark>
    <Placemark>
      <name>YEA</name>
      <styleUrl>#active</styleUrl>
      <Point><coordinates>145.4301,-37.2164,196</coordinates></Point>
    </Placemark>
    <Placemark>
      <name>RUBICON SEC</name>
      <styleUrl>#closed</styleUrl>
      <Point><coordinates>145.8547,-37.3389,838.2</coordinates></Point>
    </Placemark>
    <Placemark>
      <name>CASTELLA (WEEAMARA)</name>
      <styleUrl>#closed</styleUrl>
      <Point><coordinates>145.4108,-37.5144,400</coordinates></Point>
    </Placemark>
    <Placemark>
      <name>FLOWERDALE (THE WILLOWS)</name>
      <styleUrl>#closed</styleUrl>
      <Point><coordinates>145.25,-37.3,0</coordinates></Point>
    </Placemark>
    <Placemark>
      <name>BULLARTO SOUTH</name>
      <styleUrl>#active</styleUrl>
      <Point><coordinates>144.2153,-37.4176,790</coordinates></Point>
    </Placemark>
    <Placemark>
      <name>MUSK</name>
      <styleUrl>#closed</styleUrl>
      <Point><coordinates>144.1833,-37.3667,685.8</coordinates></Point>
    </Placemark>
    <Placemark>
      <name>BAYNTON</name>
      <styleUrl>#closed</styleUrl>
      <Point><coordinates>144.6924,-37.1277,463</coordinates></Point>
    </Placemark>
    <Placemark>
      <name>KANUMBRA</name>
      <styleUrl>#closed</styleUrl>
      <Point><coordinates>145.6667,-37.05,0</coordinates></Point>
    </Placemark>
    <Placemark>
      <name>CAMPBELLS CREEK</name>
      <styleUrl>#closed</styleUrl>
      <Point><coordinates>144.2167,-37.1,0</coordinates></Point>
    </Placemark>
    <Placemark>
      <name>PIPERS CREEK</name>
      <styleUrl>#closed</styleUrl>
      <Point><coordinates>144.5667,-37.25,0</coordinates></Point>
    </Placemark>
    <Placemark>
      <name>FLOWERDALE 1</name>
      <styleUrl>#closed</styleUrl>
      <Point><coordinates>145.1667,-37.1833,0</coordinates></Point>
    </Placemark>
    <Placemark>
      <name>YEA (GOULBURN RIVER @ GHIN GHIN)</name>
      <styleUrl>#active</styleUrl>
      <Point><coordinates>145.3675,-37.1836,165</coordinates></Point>
    </Placemark>
    <Placemark>
      <name>SEYMOUR (AIRLIE)</name>
      <styleUrl>#closed</styleUrl>
      <Point><coordinates>145.1,-37,0</coordinates></Point>
    </Placemark>
    <Placemark>
      <name>ALLENDALE POST OFFICE</name>
      <styleUrl>#closed</styleUrl>
      <Point><coordinates>143.9,-37.4,0</coordinates></Point>
    </Placemark>
    <Placemark>
      <name>BAYNTON (MONTVIEW)</name>
      <styleUrl>#closed</styleUrl>
      <Point><coordinates>144.6,-37.1167,431.6</coordinates></Point>
    </Placemark>
    <Placemark>
      <name>BROADFORD (GLENBURNIE STATION)</name>
      <styleUrl>#closed</styleUrl>
      <Point><coordinates>145.0667,-37.1833,204.2</coordinates></Point>
    </Placemark>
    <Placemark>
      <name>BUXTON</name>
      <styleUrl>#closed</styleUrl>
      <Point><coordinates>145.7,-37.4,0</coordinates></Point>
    </Placemark>
    <Placemark>
      <name>KILMORE (BYLANDS)</name>
      <styleUrl>#closed</styleUrl>
      <Point><coordinates>145,-37.3,0</coordinates></Point>
    </Placemark>
    <Placemark>
      <name>CASTLEMAINE</name>
      <styleUrl>#closed</styleUrl>
      <Point><coordinates>144.2333,-37.0667,278.3</coordinates></Point>
    </Placemark>
    <Placemark>
      <name>DAYLESFORD (WOMBAT HILL GROUNDS)</name>
      <styleUrl>#closed</styleUrl>
      <Point><coordinates>144.15,-37.35,636.4</coordinates></Point>
    </Placemark>
    <Placemark>
      <name>MOUNT FRANKLIN DRY DIGGING</name>
      <styleUrl>#closed</styleUrl>
      <Point><coordinates>144.15,-37.3,0</coordinates></Point>
    </Placemark>
    <Placemark>
      <name>GLENLYON</name>
      <styleUrl>#closed</styleUrl>
      <Point><coordinates>144.25,-37.3,548</coordinates></Point>
    </Placemark>
    <Placemark>
      <name>GRAYTON</name>
      <styleUrl>#closed</styleUrl>
      <Point><coordinates>144.9,-36.8667,152.4</coordinates></Point>
    </Placemark>
    <Placemark>
      <name>GUILDFORD LIMESTONE PARK</name>
      <styleUrl>#closed</styleUrl>
      <Point><coordinates>144.1,-37.2,0</coordinates></Point>
    </Placemark>
    <Placemark>
      <name>HANGING ROCK</name>
      <styleUrl>#closed</styleUrl>
      <Point><coordinates>144.5167,-37.35,559</coordinates></Point>
    </Placemark>
    <Placemark>
      <name>KANUMBRA (MERTON)</name>
      <styleUrl>#closed</styleUrl>
      <Point><coordinates>145.7,-37.05,0</coordinates></Point>
    </Placemark>
    <Placemark>
      <name>KERRISDALE (TERANGAVILLE STATION)</name>
      <styleUrl>#closed</styleUrl>
      <Point><coordinates>145.3,-37.15,0</coordinates></Point>
    </Placemark>
    <Placemark>
      <name>LANGLEY</name>
      <styleUrl>#closed</styleUrl>
      <Point><coordinates>144.5,-37.15,0</coordinates></Point>
    </Placemark>
    <Placemark>
      <name>MAINTONGOON</name>
      <styleUrl>#closed</styleUrl>
      <Point><coordinates>145.9,-37.2,0</coordinates></Point>
    </Placemark>
    <Placemark>
      <name>METCALFE</name>
      <styleUrl>#closed</styleUrl>
      <Point><coordinates>144.4,-37.1,0</coordinates></Point>
    </Placemark>
    <Placemark>
      <name>MIA MIA</name>
      <styleUrl>#closed</styleUrl>
      <Point><coordinates>144.6,-37,0</coordinates></Point>
    </Placemark>
    <Placemark>
      <name>MIA MIA (SPRING PLAINS)</name>
      <styleUrl>#closed</styleUrl>
      <Point><coordinates>144.5833,-37.0833,0</coordinates></Point>
    </Placemark>
    <Placemark>
      <name>MOLESWORTH (WHANREGARWAN)</name>
      <styleUrl>#closed</styleUrl>
      <Point><coordinates>145.6,-37.2,170.7</coordinates></Point>
    </Placemark>
    <Placemark>
      <name>MOUNT MITCHELL</name>
      <styleUrl>#closed</styleUrl>
      <Point><coordinates>143.6,-37.3,0</coordinates></Point>
    </Placemark>
    <Placemark>
      <name>NEWLYN RESERVOIR</name>
      <styleUrl>#closed</styleUrl>
      <Point><coordinates>144,-37.4,535.8</coordinates></Point>
    </Placemark>
    <Placemark>
      <name>REEDY CREEK</name>
      <styleUrl>#closed</styleUrl>
      <Point><coordinates>145.1,-37.2,0</coordinates></Point>
    </Placemark>
    <Placemark>
      <name>MARYSVILLE GOLF COURSE</name>
      <styleUrl>#active</styleUrl>
      <Point><coordinates>145.7475,-37.4958,400</coordinates></Point>
    </Placemark>
    <Placemark>
      <name>TALBOT</name>
      <styleUrl>#closed</styleUrl>
      <Point><coordinates>143.7,-37.2,0</coordinates></Point>
    </Placemark>
    <Placemark>
      <name>TARADALE</name>
      <styleUrl>#closed</styleUrl>
      <Point><coordinates>144.0667,-37.0167,0</coordinates></Point>
    </Placemark>
    <Placemark>
      <name>TARRANGOWER</name>
      <styleUrl>#closed</styleUrl>
      <Point><coordinates>144,-37,0</coordinates></Point>
    </Placemark>
    <Placemark>
      <name>KILMORE RACECOURSE</name>
      <styleUrl>#active</styleUrl>
      <Point><coordinates>144.9605,-37.294,365</coordinates></Point>
    </Placemark>
    <Placemark>
      <name>VAUGHAN</name>
      <styleUrl>#active</styleUrl>
      <Point><coordinates>144.2079,-37.1566,277</coordinates></Point>
    </Placemark>
    <Placemark>
      <name>MANGALORE AIRPORT</name>
      <styleUrl>#active</styleUrl>
      <Point><coordinates>145.1859,-36.8886,140.8</coordinates></Point>
    </Placemark>
    <Placemark>
      <name>CASTLEMAINE PRISON</name>
      <styleUrl>#active</styleUrl>
      <Point><coordinates>144.2391,-37.0809,330</coordinates></Point>
    </Placemark>
    <Placemark>
      <name>MALMSBURY</name>
      <styleUrl>#closed</styleUrl>
      <Point><coordinates>144.4,-37.2,472.4</coordinates></Point>
    </Placemark>
    <Placemark>
      <name>MERTON WEIR FARM</name>
      <styleUrl>#closed</styleUrl>
      <Point><coordinates>145.7167,-36.9833,330.7</coordinates></Point>
    </Placemark>
    <Placemark>
      <name>SMEATON (BLAMPIED (BARDIA))</name>
      <styleUrl>#active</styleUrl>
      <Point><coordinates>143.9861,-37.3387,515</coordinates></Point>
    </Placemark>
    <Placemark>
      <name>WERONA (FAIRVIEW)</name>
      <styleUrl>#closed</styleUrl>
      <Point><coordinates>144.025,-37.245,419</coordinates></Point>
    </Placemark>
    <Placemark>
      <name>TRENTHAM EAST</name>
      <styleUrl>#closed</styleUrl>
      <Point><coordinates>144.4,-37.4,686</coordinates></Point>
    </Placemark>
    <Placemark>
      <name>SPRINGMOUNT (BRAESIDE)</name>
      <styleUrl>#closed</styleUrl>
      <Point><coordinates>143.9667,-37.4167,548.6</coordinates></Point>
    </Placemark>
    <Placemark>
      <name>BENLOCH</name>
      <styleUrl>#closed</styleUrl>
      <Point><coordinates>144.7143,-37.2034,578</coordinates></Point>
    </Placemark>
    <Placemark>
      <name>HARCOURT</name>
      <styleUrl>#closed</styleUrl>
      <Point><coordinates>144.2616,-36.9996,335</coordinates></Point>
    </Placemark>
    <Placemark>
      <name>ACHERON RIVER @ TAGGERTY</name>
      <styleUrl>#active</styleUrl>
      <Point><coordinates>145.7167,-37.3167,0</coordinates></Point>
    </Placemark>
    <Placemark>
      <name>KANUMBRA (BRILLIANT ESTATE)</name>
      <styleUrl>#closed</styleUrl>
      <Point><coordinates>145.6547,-37.0219,293</coordinates></Point>
    </Placemark>
    <Placemark>
      <name>HIGH CAMP (LANNERMOOR)</name>
      <styleUrl>#active</styleUrl>
      <Point><coordinates>144.9264,-37.1425,250</coordinates></Point>
    </Placemark>
    <Placemark>
      <name>FLOWERDALE (KINLOCHIEL)</name>
      <styleUrl>#closed</styleUrl>
      <Point><coordinates>145.2833,-37.3333,256</coordinates></Point>
    </Placemark>
    <Placemark>
      <name>KYNETON</name>
      <styleUrl>#active</styleUrl>
      <Point><coordinates>144.4321,-37.2496,525</coordinates></Point>
    </Placemark>
    <Placemark>
      <name>TABILK (TAHBILK WINERY)</name>
      <styleUrl>#active</styleUrl>
      <Point><coordinates>145.0865,-36.8253,131.1</coordinates></Point>
    </Placemark>
    <Placemark>
      <name>YEA RIVER AT DEVLINS BRIDGE</name>
      <styleUrl>#active</styleUrl>
      <Point><coordinates>145.4731,-37.3827,220</coordinates></Point>
    </Placemark>
    <Placemark>
      <name>GOULBURN RIVER @ SEYMOUR</name>
      <styleUrl>#active</styleUrl>
      <Point><coordinates>145.1091,-37.0213,140</coordinates></Point>
    </Placemark>
    <Placemark>
      <name>THORNTON</name>
      <styleUrl>#closed</styleUrl>
      <Point><coordinates>145.8,-37.25,0</coordinates></Point>
    </Placemark>
    <Placemark>
      <name>COBAW (HAZEL FARM)</name>
      <styleUrl>#closed</styleUrl>
      <Point><coordinates>144.6333,-37.2667,0</coordinates></Point>
    </Placemark>
    <Placemark>
      <name>CATHKIN (MOUNT EDGAR)</name>
      <styleUrl>#closed</styleUrl>
      <Point><coordinates>145.5833,-37.1333,189</coordinates></Point>
    </Placemark>
    <Placemark>
      <name>BUXTON</name>
      <styleUrl>#active</styleUrl>
      <Point><coordinates>145.7081,-37.4178,267</coordinates></Point>
    </Placemark>
    <Placemark>
      <name>NARBETHONG</name>
      <styleUrl>#closed</styleUrl>
      <Point><coordinates>145.6793,-37.4998,345</coordinates></Point>
    </Placemark>
    <Placemark>
      <name>BARINGHUP (BLUE HILLS)</name>
      <styleUrl>#closed</styleUrl>
      <Point><coordinates>144.0115,-36.9353,229</coordinates></Point>
    </Placemark>
    <Placemark>
      <name>NEWBURY</name>
      <styleUrl>#closed</styleUrl>
      <Point><coordinates>144.2833,-37.4167,768.1</coordinates></Point>
    </Placemark>
    <Placemark>
      <name>TAGGERTY (THENDARA)</name>
      <styleUrl>#closed</styleUrl>
      <Point><coordinates>145.7,-37.5833,0</coordinates></Point>
    </Placemark>
    <Placemark>
      <name>LERDERDERG (NEWBURY)</name>
      <styleUrl>#closed</styleUrl>
      <Point><coordinates>144.2724,-37.4266,781</coordinates></Point>
    </Placemark>
    <Placemark>
      <name>LERDERDERG (PROCTOR)</name>
      <styleUrl>#closed</styleUrl>
      <Point><coordinates>144.5333,-37.4333,701</coordinates></Point>
    </Placemark>
    <Placemark>
      <name>LILLICUR</name>
      <styleUrl>#active</styleUrl>
      <Point><coordinates>143.5532,-37.1644,263</coordinates></Point>
    </Placemark>
    <Placemark>
      <name>BROADFORD (KILMORE NORTH)</name>
      <styleUrl>#active</styleUrl>
      <Point><coordinates>144.9962,-37.2348,307</coordinates></Point>
    </Placemark>
    <Placemark>
      <name>BROADFORD (MOUNT HICKEY)</name>
      <styleUrl>#active</styleUrl>
      <Point><coordinates>145.1514,-37.1782,816</coordinates></Point>
    </Placemark>
    <Placemark>
      <name>LERDERDERG (TURVEY)</name>
      <styleUrl>#closed</styleUrl>
      <Point><coordinates>144.2167,-37.4,777.2</coordinates></Point>
    </Placemark>
    <Placemark>
      <name>HOMEWOOD</name>
      <styleUrl>#closed</styleUrl>
      <Point><coordinates>145.3333,-37.2,0</coordinates></Point>
    </Placemark>
    <Placemark>
      <name>GLENBURNIE</name>
      <styleUrl>#closed</styleUrl>
      <Point><coordinates>145.0833,-37.2,0</coordinates></Point>
    </Placemark>
    <Placemark>
      <name>TOOLANGI</name>
      <styleUrl>#closed</styleUrl>
      <Point><coordinates>145.4667,-37.5333,0</coordinates></Point>
    </Placemark>
    <Placemark>
      <name>CLUNES (BECKWORTH COURT)</name>
      <styleUrl>#closed</styleUrl>
      <Point><coordinates>143.6833,-37.2833,0</coordinates></Point>
    </Placemark>
    <Placemark>
      <name>AMHERST</name>
      <styleUrl>#closed</styleUrl>
      <Point><coordinates>143.6833,-37.15,254.8</coordinates></Point>
    </Placemark>
    <Placemark>
      <name>BULLARTO SOUTH POST OFFICE</name>
      <styleUrl>#closed</styleUrl>
      <Point><coordinates>144.2167,-37.4167,746.8</coordinates></Point>
    </Placemark>
    <Placemark>
      <name>SPRING CREEK BASIN ONE</name>
      <styleUrl>#closed</styleUrl>
      <Point><coordinates>145.75,-37.0667,396</coordinates></Point>
    </Placemark>
    <Placemark>
      <name>SPRING CREEK BASIN THREE</name>
      <styleUrl>#closed</styleUrl>
      <Point><coordinates>145.6967,-37.1183,283.4</coordinates></Point>
    </Placemark>
    <Placemark>
      <name>SPRING CREEK BASIN FOUR</name>
      <styleUrl>#closed</styleUrl>
      <Point><coordinates>145.6833,-37.1333,253</coordinates></Point>
    </Placemark>
    <Placemark>
      <name>MALDON (SPRING PARK)</name>
      <styleUrl>#closed</styleUrl>
      <Point><coordinates>144,-37,229</coordinates></Point>
    </Placemark>
    <Placemark>
      <name>MANGALORE</name>
      <styleUrl>#closed</styleUrl>
      <Point><coordinates>145.1833,-36.8833,140.2</coordinates></Point>
    </Placemark>
    <Placemark>
      <name>SPRING CREEK BASIN TWO</name>
      <styleUrl>#closed</styleUrl>
      <Point><coordinates>145.722,-37.0748,360</coordinates></Point>
    </Placemark>
    <Placemark>
      <name>GLENBURN (HIGHWOOD TBRG)</name>
      <styleUrl>#active</styleUrl>
      <Point><coordinates>145.4768,-37.3908,313</coordinates></Point>
    </Placemark>
    <Placemark>
      <name>ALEXANDRA (WEEKES)</name>
      <styleUrl>#closed</styleUrl>
      <Point><coordinates>145.71,-37.1933,305</coordinates></Point>
    </Placemark>
    <Placemark>
      <name>ALEXANDRA (MAINTONGOON)</name>
      <styleUrl>#closed</styleUrl>
      <Point><coordinates>145.8167,-37.1167,0</coordinates></Point>
    </Placemark>
    <Placemark>
      <name>KILMORE GAP</name>
      <styleUrl>#closed</styleUrl>
      <Point><coordinates>144.8889,-37.25,366</coordinates></Point>
    </Placemark>
    <Placemark>
      <name>STRATH CREEK</name>
      <styleUrl>#active</styleUrl>
      <Point><coordinates>145.2831,-37.2714,248</coordinates></Point>
    </Placemark>
    <Placemark>
      <name>PUCKAPUNYAL RANGE CONTROL</name>
      <styleUrl>#closed</styleUrl>
      <Point><coordinates>145.0381,-36.9861,200</coordinates></Point>
    </Placemark>
    <Placemark>
      <name>MAJORCA</name>
      <styleUrl>#closed</styleUrl>
      <Point><coordinates>143.7862,-37.1251,223</coordinates></Point>
    </Placemark>
    <Placemark>
      <name>MALDON (STUMP ST)</name>
      <styleUrl>#active</styleUrl>
      <Point><coordinates>144.0757,-36.9858,366</coordinates></Point>
    </Placemark>
    <Placemark>
      <name>WALLAN (KILMORE GAP)</name>
      <styleUrl>#active</styleUrl>
      <Point><coordinates>144.9655,-37.3807,527.8</coordinates></Point>
    </Placemark>
    <Placemark>
      <name>ALEXANDRA (CRYSTAL CREEK)</name>
      <styleUrl>#closed</styleUrl>
      <Point><coordinates>145.6201,-37.2581,332</coordinates></Point>
    </Placemark>
    <Placemark>
      <name>EILDON FIRE TOWER</name>
      <styleUrl>#active</styleUrl>
      <Point><coordinates>145.8423,-37.2091,637</coordinates></Point>
    </Placemark>
    <Placemark>
      <name>GLENLUCE</name>
      <styleUrl>#closed</styleUrl>
      <Point><coordinates>144.2435,-37.1793,336</coordinates></Point>
    </Placemark>
    <Placemark>
      <name>PUCKAPUNYAL WEST (DEFENCE)</name>
      <styleUrl>#active</styleUrl>
      <Point><coordinates>144.8546,-37.0177,293</coordinates></Point>
    </Placemark>
    <Placemark>
      <name>PUCKAPUNYAL LYON HILL (DEFENCE)</name>
      <styleUrl>#active</styleUrl>
      <Point><coordinates>145.0539,-36.9381,193</coordinates></Point>
    </Placemark>
    <Placemark>
      <name>BAYNTON (GREENS LANE)</name>
      <styleUrl>#active</styleUrl>
      <Point><coordinates>144.6642,-37.114,490</coordinates></Point>
    </Placemark>
    <Placemark>
      <name>MALMSBURY (BALDRY ST)</name>
      <styleUrl>#active</styleUrl>
      <Point><coordinates>144.3946,-37.1843,472</coordinates></Point>
    </Placemark>
    <Placemark>
      <name>ARARAT POST OFFICE</name>
      <styleUrl>#closed</styleUrl>
      <Point><coordinates>142.95,-37.2833,332.2</coordinates></Point>
    </Placemark>
    <Placemark>
      <name>BALLARAT BOTANICAL GARDENS</name>
      <styleUrl>#closed</styleUrl>
      <Point><coordinates>143.8192,-37.5489,456</coordinates></Point>
    </Placemark>
    <Placemark>
      <name>BALLARAT AERODROME</name>
      <styleUrl>#active</styleUrl>
      <Point><coordinates>143.7911,-37.5127,435.2</coordinates></Point>
    </Placemark>
    <Placemark>
      <name>BALMORAL (POST OFFICE)</name>
      <styleUrl>#active</styleUrl>
      <Point><coordinates>141.8415,-37.2472,180</coordinates></Point>
    </Placemark>
    <Placemark>
      <name>BARUNAH PLAINS</name>
      <styleUrl>#closed</styleUrl>
      <Point><coordinates>143.8667,-38.0683,119</coordinates></Point>
    </Placemark>
    <Placemark>
      <name>BEAUFORT</name>
      <styleUrl>#active</styleUrl>
      <Point><coordinates>143.3658,-37.4483,407</coordinates></Point>
    </Placemark>
    <Placemark>
      <name>BERRYBANK</name>
      <styleUrl>#closed</styleUrl>
      <Point><coordinates>143.4673,-37.9637,155</coordinates></Point>
    </Placemark>
    <Placemark>
      <name>BURRUMBEET</name>
      <styleUrl>#closed</styleUrl>
      <Point><coordinates>143.6558,-37.4739,400</coordinates></Point>
    </Placemark>
    <Placemark>
      <name>CAPE CLEAR</name>
      <styleUrl>#closed</styleUrl>
      <Point><coordinates>143.6167,-37.7833,0</coordinates></Point>
    </Placemark>
    <Placemark>
      <name>CAVENDISH (POST OFFICE)</name>
      <styleUrl>#closed</styleUrl>
      <Point><coordinates>142.0414,-37.5267,210</coordinates></Point>
    </Placemark>
    <Placemark>
      <name>CRESSY</name>
      <styleUrl>#active</styleUrl>
      <Point><coordinates>143.633,-38.0296,120</coordinates></Point>
    </Placemark>
    <Placemark>
      <name>DUNKELD</name>
      <styleUrl>#active</styleUrl>
      <Point><coordinates>142.3447,-37.655,250</coordinates></Point>
    </Placemark>
    <Placemark>
      <name>DUNKELD (COREA SOUTH)</name>
      <styleUrl>#closed</styleUrl>
      <Point><coordinates>142.2,-37.7333,0</coordinates></Point>
    </Placemark>
    <Placemark>
      <name>GLENTHOMPSON (BRIE BRIE)</name>
      <styleUrl>#closed</styleUrl>
      <Point><coordinates>142.5,-37.7,296</coordinates></Point>
    </Placemark>
    <Placemark>
      <name>KANAWALLA</name>
      <styleUrl>#closed</styleUrl>
      <Point><coordinates>142,-37.65,0</coordinates></Point>
    </Placemark>
    <Placemark>
      <name>NERRIN NERRIN</name>
      <styleUrl>#closed</styleUrl>
      <Point><coordinates>143.0167,-37.7667,236.2</coordinates></Point>
    </Placemark>
    <Placemark>
      <name>LAKE BOLAC (POST OFFICE)</name>
      <styleUrl>#active</styleUrl>
      <Point><coordinates>142.8395,-37.711,213</coordinates></Point>
    </Placemark>
    <Placemark>
      <name>LINTON POST OFFICE</name>
      <styleUrl>#closed</styleUrl>
      <Point><coordinates>143.5667,-37.6833,375</coordinates></Point>
    </Placemark>
    <Placemark>
      <name>LISMORE (POST OFFICE)</name>
      <styleUrl>#active</styleUrl>
      <Point><coordinates>143.3437,-37.9543,178</coordinates></Point>
    </Placemark>
    <Placemark>
      <name>MIRRANATWA (BOWACKA)</name>
      <styleUrl>#active</styleUrl>
      <Point><coordinates>142.3843,-37.4043,248</coordinates></Point>
    </Placemark>
    <Placemark>
      <name>MOORALLA (WOODLEIGH)</name>
      <styleUrl>#closed</styleUrl>
      <Point><coordinates>142.1,-37.4,0</coordinates></Point>
    </Placemark>
    <Placemark>
      <name>MOUNT MERCER (WOODBANK)</name>
      <styleUrl>#closed</styleUrl>
      <Point><coordinates>143.8333,-37.8333,335</coordinates></Point>
    </Placemark>
    <Placemark>
      <name>MOUTAJUP</name>
      <styleUrl>#active</styleUrl>
      <Point><coordinates>142.2308,-37.6472,221</coordinates></Point>
    </Placemark>
    <Placemark>
      <name>PURA PURA</name>
      <styleUrl>#closed</styleUrl>
      <Point><coordinates>143.0833,-37.8333,213</coordinates></Point>
    </Placemark>
    <Placemark>
      <name>ROKEWOOD (KURUC A RUC)</name>
      <styleUrl>#closed</styleUrl>
      <Point><coordinates>143.7,-37.9,167.6</coordinates></Point>
    </Placemark>
    <Placemark>
      <name>SKIPTON (GOLF COURSE)</name>
      <styleUrl>#active</styleUrl>
      <Point><coordinates>143.3704,-37.6901,299</coordinates></Point>
    </Placemark>
    <Placemark>
      <name>SKIPTON (BAANGAL)</name>
      <styleUrl>#closed</styleUrl>
      <Point><coordinates>143.4,-37.7,288.3</coordinates></Point>
    </Placemark>
    <Placemark>
      <name>SKIPTON (WAVERLEY)</name>
      <styleUrl>#closed</styleUrl>
      <Point><coordinates>143.3833,-37.6833,0</coordinates></Point>
    </Placemark>
    <Placemark>
      <name>SMYTHESDALE</name>
      <styleUrl>#closed</styleUrl>
      <Point><coordinates>143.6833,-37.65,354</coordinates></Point>
    </Placemark>
    <Placemark>
      <name>STREATHAM</name>
      <styleUrl>#closed</styleUrl>
      <Point><coordinates>143.0667,-37.6833,210</coordinates></Point>
    </Placemark>
    <Placemark>
      <name>TRAWALLA</name>
      <styleUrl>#active</styleUrl>
      <Point><coordinates>143.4684,-37.4737,415</coordinates></Point>
    </Placemark>
    <Placemark>
      <name>VICTORIA VALLEY</name>
      <styleUrl>#closed</styleUrl>
      <Point><coordinates>142.3,-37.5,0</coordinates></Point>
    </Placemark>
    <Placemark>
      <name>WESTMERE (MONTREUX)</name>
      <styleUrl>#closed</styleUrl>
      <Point><coordinates>142.9977,-37.6579,248</coordinates></Point>
    </Placemark>
    <Placemark>
      <name>WICKLIFFE</name>
      <styleUrl>#active</styleUrl>
      <Point><coordinates>142.7253,-37.6901,222</coordinates></Point>
    </Placemark>
    <Placemark>
      <name>WILLAURA (MAIN STREET)</name>
      <styleUrl>#active</styleUrl>
      <Point><coordinates>142.7393,-37.5483,250</coordinates></Point>
    </Placemark>
    <Placemark>
      <name>BEAUFORT (WONGAN)</name>
      <styleUrl>#closed</styleUrl>
      <Point><coordinates>143.1633,-37.6164,270</coordinates></Point>
    </Placemark>
    <Placemark>
      <name>WOOHLPOOER</name>
      <styleUrl>#closed</styleUrl>
      <Point><coordinates>142.15,-37.3333,249.9</coordinates></Point>
    </Placemark>
    <Placemark>
      <name>WILLAURA (YARRAM PARK)</name>
      <styleUrl>#closed</styleUrl>
      <Point><coordinates>142.5345,-37.4769,270</coordinates></Point>
    </Placemark>
    <Placemark>
      <name>BUANGOR 1</name>
      <styleUrl>#closed</styleUrl>
      <Point><coordinates>143.1833,-37.3667,337.7</coordinates></Point>
    </Placemark>
    <Placemark>
      <name>BUANGOR</name>
      <styleUrl>#closed</styleUrl>
      <Point><coordinates>143.1667,-37.3667,341.4</coordinates></Point>
    </Placemark>
    <Placemark>
      <name>MOUNT MOORNAHBOOL</name>
      <styleUrl>#closed</styleUrl>
      <Point><coordinates>142.7833,-37.3833,0</coordinates></Point>
    </Placemark>
    <Placemark>
      <name>INVERLEIGH</name>
      <styleUrl>#closed</styleUrl>
      <Point><coordinates>144.05,-38.1167,0</coordinates></Point>
    </Placemark>
    <Placemark>
      <name>GRINGEGALGONA</name>
      <styleUrl>#closed</styleUrl>
      <Point><coordinates>141.8167,-37.4167,0</coordinates></Point>
    </Placemark>
    <Placemark>
      <name>GATUM</name>
      <styleUrl>#active</styleUrl>
      <Point><coordinates>141.9194,-37.3909,266</coordinates></Point>
    </Placemark>
    <Placemark>
      <name>HARROW (SPRING VALLEY)</name>
      <styleUrl>#closed</styleUrl>
      <Point><coordinates>141.65,-37.25,0</coordinates></Point>
    </Placemark>
    <Placemark>
      <name>BUANGOR (BIRANGA)</name>
      <styleUrl>#active</styleUrl>
      <Point><coordinates>143.0561,-37.4055,395</coordinates></Point>
    </Placemark>
    <Placemark>
      <name>CHEPSTOWE</name>
      <styleUrl>#closed</styleUrl>
      <Point><coordinates>143.5,-37.6,0</coordinates></Point>
    </Placemark>
    <Placemark>
      <name>ENFIELD</name>
      <styleUrl>#closed</styleUrl>
      <Point><coordinates>143.8,-37.8,0</coordinates></Point>
    </Placemark>
    <Placemark>
      <name>GLEN PARK (WHITE SWAN RESERVOIR)</name>
      <styleUrl>#active</styleUrl>
      <Point><coordinates>143.9275,-37.517,551</coordinates></Point>
    </Placemark>
    <Placemark>
      <name>BALLARAT SURVEY OFFICE</name>
      <styleUrl>#closed</styleUrl>
      <Point><coordinates>143.8833,-37.55,526</coordinates></Point>
    </Placemark>
    <Placemark>
      <name>BALLARAT MOUNT PLEASANT OBS.</name>
      <styleUrl>#closed</styleUrl>
      <Point><coordinates>143.8833,-37.55,525.8</coordinates></Point>
    </Placemark>
    <Placemark>
      <name>BEAUFORT (WARRAPINGO)</name>
      <styleUrl>#closed</styleUrl>
      <Point><coordinates>143.2,-37.6,0</coordinates></Point>
    </Placemark>
    <Placemark>
      <name>BEAUFORT (STONELEIGH)</name>
      <styleUrl>#closed</styleUrl>
      <Point><coordinates>143.2,-37.6,0</coordinates></Point>
    </Placemark>
    <Placemark>
      <name>MAROONA</name>
      <styleUrl>#closed</styleUrl>
      <Point><coordinates>142.9549,-37.4491,340</coordinates></Point>
    </Placemark>
    <Placemark>
      <name>BERRINGA</name>
      <styleUrl>#closed</styleUrl>
      <Point><coordinates>143.6,-37.8,0</coordinates></Point>
    </Placemark>
    <Placemark>
      <name>LISMORE (THE MANSE)</name>
      <styleUrl>#closed</styleUrl>
      <Point><coordinates>143,-38,0</coordinates></Point>
    </Placemark>
    <Placemark>
      <name>DUNKELD</name>
      <styleUrl>#closed</styleUrl>
      <Point><coordinates>142.3,-37.7,0</coordinates></Point>
    </Placemark>
    <Placemark>
      <name>GLENISLA</name>
      <styleUrl>#closed</styleUrl>
      <Point><coordinates>142.2,-37.2,0</coordinates></Point>
    </Placemark>
    <Placemark>
      <name>GLENTHOMPSON (WINTOC)</name>
      <styleUrl>#closed</styleUrl>
      <Point><coordinates>142.55,-37.65,0</coordinates></Point>
    </Placemark>
    <Placemark>
      <name>LISMORE (HAZELWOOD)</name>
      <styleUrl>#closed</styleUrl>
      <Point><coordinates>143.3,-37.95,0</coordinates></Point>
    </Placemark>
    <Placemark>
      <name>LANGI CHIRAM</name>
      <styleUrl>#closed</styleUrl>
      <Point><coordinates>143,-37.3,0</coordinates></Point>
    </Placemark>
    <Placemark>
      <name>LEARMONTH</name>
      <styleUrl>#closed</styleUrl>
      <Point><coordinates>143.7,-37.4,0</coordinates></Point>
    </Placemark>
    <Placemark>
      <name>MININERA</name>
      <styleUrl>#closed</styleUrl>
      <Point><coordinates>143,-37.6,0</coordinates></Point>
    </Placemark>
    <Placemark>
      <name>MIRRANATWA (BULLAWIN PARK)</name>
      <styleUrl>#closed</styleUrl>
      <Point><coordinates>142.3833,-37.4,457.2</coordinates></Point>
    </Placemark>
    <Placemark>
      <name>MOUNT BUTE</name>
      <styleUrl>#closed</styleUrl>
      <Point><coordinates>143.4833,-37.7333,0</coordinates></Point>
    </Placemark>
    <Placemark>
      <name>MOUNT WILLIAM</name>
      <styleUrl>#closed</styleUrl>
      <Point><coordinates>142.6,-37.4,0</coordinates></Point>
    </Placemark>
    <Placemark>
      <name>NEWTOWN RAILWAY STATION</name>
      <styleUrl>#closed</styleUrl>
      <Point><coordinates>143.6,-37.7,0</coordinates></Point>
    </Placemark>
    <Placemark>
      <name>ROKEWOOD (THE MEADOWS)</name>
      <styleUrl>#closed</styleUrl>
      <Point><coordinates>143.7167,-38,0</coordinates></Point>
    </Placemark>
    <Placemark>
      <name>ROKEWOOD</name>
      <styleUrl>#active</styleUrl>
      <Point><coordinates>143.7225,-37.9022,177</coordinates></Point>
    </Placemark>
    <Placemark>
      <name>ROKEWOOD (WURROCK)</name>
      <styleUrl>#closed</styleUrl>
      <Point><coordinates>143.7,-37.8833,175.3</coordinates></Point>
    </Placemark>
    <Placemark>
      <name>SCARSDALE</name>
      <styleUrl>#closed</styleUrl>
      <Point><coordinates>143.65,-37.7,0</coordinates></Point>
    </Placemark>
    <Placemark>
      <name>STREATHAM (PRETTY TOWER)</name>
      <styleUrl>#closed</styleUrl>
      <Point><coordinates>143.0667,-37.6667,0</coordinates></Point>
    </Placemark>
    <Placemark>
      <name>WINCHELSEA (MURDEDUKE)</name>
      <styleUrl>#closed</styleUrl>
      <Point><coordinates>144,-38.2,0</coordinates></Point>
    </Placemark>
    <Placemark>
      <name>WINDERMERE</name>
      <styleUrl>#closed</styleUrl>
      <Point><coordinates>143.7,-37.5,0</coordinates></Point>
    </Placemark>
    <Placemark>
      <name>DERRINALLUM (POST OFFICE)</name>
      <styleUrl>#active</styleUrl>
      <Point><coordinates>143.2222,-37.9477,177</coordinates></Point>
    </Placemark>
    <Placemark>
      <name>GLENTHOMPSON</name>
      <styleUrl>#active</styleUrl>
      <Point><coordinates>142.5475,-37.6362,268</coordinates></Point>
    </Placemark>
    <Placemark>
      <name>LISMORE (WILLOCHRA)</name>
      <styleUrl>#closed</styleUrl>
      <Point><coordinates>143.3333,-38.05,122</coordinates></Point>
    </Placemark>
    <Placemark>
      <name>DEREEL (METCALFE)</name>
      <styleUrl>#closed</styleUrl>
      <Point><coordinates>143.75,-37.8167,335.3</coordinates></Point>
    </Placemark>
    <Placemark>
      <name>WILLAURA (LEARMONTH)</name>
      <styleUrl>#closed</styleUrl>
      <Point><coordinates>142.7992,-37.5933,243.8</coordinates></Point>
    </Placemark>
    <Placemark>
      <name>CAPE CLEAR (NARINGAL)</name>
      <styleUrl>#closed</styleUrl>
      <Point><coordinates>143.5072,-37.8442,234</coordinates></Point>
    </Placemark>
    <Placemark>
      <name>MAROONA (HILLENVALE)</name>
      <styleUrl>#closed</styleUrl>
      <Point><coordinates>142.811,-37.377,340</coordinates></Point>
    </Placemark>
    <Placemark>
      <name>MAROONA (DEIGHTON)</name>
      <styleUrl>#closed</styleUrl>
      <Point><coordinates>142.9833,-37.45,305</coordinates></Point>
    </Placemark>
    <Placemark>
      <name>BEAUFORT (SHEEPWASH)</name>
      <styleUrl>#active</styleUrl>
      <Point><coordinates>143.2792,-37.5042,332</coordinates></Point>
    </Placemark>
    <Placemark>
      <name>TATYOON</name>
      <styleUrl>#closed</styleUrl>
      <Point><coordinates>143,-37.5667,282</coordinates></Point>
    </Placemark>
    <Placemark>
      <name>WARRAMBINE CK AT WARRAMBINE</name>
      <styleUrl>#active</styleUrl>
      <Point><coordinates>143.8667,-37.9333,180</coordinates></Point>
    </Placemark>
    <Placemark>
      <name>ARARAT PRISON</name>
      <styleUrl>#active</styleUrl>
      <Point><coordinates>142.9786,-37.2769,295</coordinates></Point>
    </Placemark>
    <Placemark>
      <name>EURACK</name>
      <styleUrl>#active</styleUrl>
      <Point><coordinates>143.7173,-38.1784,121</coordinates></Point>
    </Placemark>
    <Placemark>
      <name>SHELFORD WEST</name>
      <styleUrl>#active</styleUrl>
      <Point><coordinates>143.8542,-37.9828,152.4</coordinates></Point>
    </Placemark>
    <Placemark>
      <name>VITE VITE</name>
      <styleUrl>#closed</styleUrl>
      <Point><coordinates>143.1667,-37.8833,0</coordinates></Point>
    </Placemark>
    <Placemark>
      <name>DEREEL</name>
      <styleUrl>#closed</styleUrl>
      <Point><coordinates>143.75,-37.8167,0</coordinates></Point>
    </Placemark>
    <Placemark>
      <name>WAUBRA</name>
      <styleUrl>#closed</styleUrl>
      <Point><coordinates>143.5239,-37.4203,371.9</coordinates></Point>
    </Placemark>
    <Placemark>
      <name>TRAWALLA STATE SCHOOL</name>
      <styleUrl>#closed</styleUrl>
      <Point><coordinates>143.4667,-37.4333,0</coordinates></Point>
    </Placemark>
    <Placemark>
      <name>WARRAMBINE NO 2</name>
      <styleUrl>#active</styleUrl>
      <Point><coordinates>143.9023,-37.8783,275</coordinates></Point>
    </Placemark>
    <Placemark>
      <name>WARRAMBINE BASIN FOUR</name>
      <styleUrl>#closed</styleUrl>
      <Point><coordinates>143.8667,-37.8833,210</coordinates></Point>
    </Placemark>
    <Placemark>
      <name>WARRAMBINE BASIN NO 3</name>
      <styleUrl>#closed</styleUrl>
      <Point><coordinates>143.8833,-37.8333,311</coordinates></Point>
    </Placemark>
    <Placemark>
      <name>GLENTHOMPSON STATE SCHOOL</name>
      <styleUrl>#closed</styleUrl>
      <Point><coordinates>142.55,-37.6333,0</coordinates></Point>
    </Placemark>
    <Placemark>
      <name>BALLARAT SCHOOL OF MINES</name>
      <styleUrl>#closed</styleUrl>
      <Point><coordinates>143.85,-37.5667,0</coordinates></Point>
    </Placemark>
    <Placemark>
      <name>SKIPTON (MOORAMONG STATION)</name>
      <styleUrl>#closed</styleUrl>
      <Point><coordinates>143.2333,-37.6333,0</coordinates></Point>
    </Placemark>
    <Placemark>
      <name>MAFEKING</name>
      <styleUrl>#closed</styleUrl>
      <Point><coordinates>142.5667,-37.3833,0</coordinates></Point>
    </Placemark>
    <Placemark>
      <name>WEERING ESTATE</name>
      <styleUrl>#closed</styleUrl>
      <Point><coordinates>143.7167,-38.0833,0</coordinates></Point>
    </Placemark>
    <Placemark>
      <name>PITFIELD PLAINS</name>
      <styleUrl>#closed</styleUrl>
      <Point><coordinates>143.6,-37.85,0</coordinates></Point>
    </Placemark>
    <Placemark>
      <name>CARRANBALLAC (STREATHAM)</name>
      <styleUrl>#closed</styleUrl>
      <Point><coordinates>143.1833,-37.7,0</coordinates></Point>
    </Placemark>
    <Placemark>
      <name>CRESSY AIRSTRIP</name>
      <styleUrl>#closed</styleUrl>
      <Point><coordinates>143.6167,-38.0333,0</coordinates></Point>
    </Placemark>
    <Placemark>
      <name>DERRINALLUM (CRAIGMORE)</name>
      <styleUrl>#active</styleUrl>
      <Point><coordinates>143.2189,-37.9708,173</coordinates></Point>
    </Placemark>
    <Placemark>
      <name>LEIGH RIVER @ MOUNT MERCER</name>
      <styleUrl>#active</styleUrl>
      <Point><coordinates>143.9178,-37.8128,0</coordinates></Point>
    </Placemark>
    <Placemark>
      <name>LOOKOUT HILL</name>
      <styleUrl>#closed</styleUrl>
      <Point><coordinates>143.2469,-37.2822,965</coordinates></Point>
    </Placemark>
    <Placemark>
      <name>ADDINGTON</name>
      <styleUrl>#active</styleUrl>
      <Point><coordinates>143.6718,-37.4152,485</coordinates></Point>
    </Placemark>
    <Placemark>
      <name>RAGLAN</name>
      <styleUrl>#active</styleUrl>
      <Point><coordinates>143.2952,-37.3493,510</coordinates></Point>
    </Placemark>
    <Placemark>
      <name>WARRAK (BUANGOR)</name>
      <styleUrl>#closed</styleUrl>
      <Point><coordinates>143.1642,-37.3358,350</coordinates></Point>
    </Placemark>
    <Placemark>
      <name>BUANGOR (CRAIGIE)</name>
      <styleUrl>#active</styleUrl>
      <Point><coordinates>143.1961,-37.3598,350</coordinates></Point>
    </Placemark>
    <Placemark>
      <name>LINTON</name>
      <styleUrl>#closed</styleUrl>
      <Point><coordinates>143.5159,-37.6694,420</coordinates></Point>
    </Placemark>
    <Placemark>
      <name>BALLARAT HOPETOUN RD</name>
      <styleUrl>#active</styleUrl>
      <Point><coordinates>143.7791,-37.5174,435</coordinates></Point>
    </Placemark>
    <Placemark>
      <name>WESTMERE</name>
      <styleUrl>#active</styleUrl>
      <Point><coordinates>142.9378,-37.7067,226</coordinates></Point>
    </Placemark>
    <Placemark>
      <name>ROKEWOOD (WURROOK SOUTH)</name>
      <styleUrl>#closed</styleUrl>
      <Point><coordinates>143.7864,-37.9324,183</coordinates></Point>
    </Placemark>
    <Placemark>
      <name>ALLANSFORD</name>
      <styleUrl>#closed</styleUrl>
      <Point><coordinates>142.5833,-38.3833,7.6</coordinates></Point>
    </Placemark>
    <Placemark>
      <name>APOLLO BAY</name>
      <styleUrl>#active</styleUrl>
      <Point><coordinates>143.674,-38.7592,10</coordinates></Point>
    </Placemark>
    <Placemark>
      <name>YAMBUK (AVALON)</name>
      <styleUrl>#closed</styleUrl>
      <Point><coordinates>142,-38.25,0</coordinates></Point>
    </Placemark>
    <Placemark>
      <name>BARRAMUNGA</name>
      <styleUrl>#closed</styleUrl>
      <Point><coordinates>143.7,-38.6,0</coordinates></Point>
    </Placemark>
    <Placemark>
      <name>BARWON DOWNS</name>
      <styleUrl>#active</styleUrl>
      <Point><coordinates>143.7482,-38.4669,151</coordinates></Point>
    </Placemark>
    <Placemark>
      <name>BEEAC (POST OFFICE)</name>
      <styleUrl>#active</styleUrl>
      <Point><coordinates>143.6399,-38.1954,120</coordinates></Point>
    </Placemark>
    <Placemark>
      <name>BEECH FOREST</name>
      <styleUrl>#closed</styleUrl>
      <Point><coordinates>143.5622,-38.6219,443</coordinates></Point>
    </Placemark>
    <Placemark>
      <name>BEECH FOREST STATE FOREST</name>
      <styleUrl>#closed</styleUrl>
      <Point><coordinates>143.5833,-38.7,0</coordinates></Point>
    </Placemark>
    <Placemark>
      <name>BIRREGURRA (POST OFFICE)</name>
      <styleUrl>#active</styleUrl>
      <Point><coordinates>143.7844,-38.3372,119</coordinates></Point>
    </Placemark>
    <Placemark>
      <name>BRANXHOLME</name>
      <styleUrl>#closed</styleUrl>
      <Point><coordinates>141.8011,-37.8611,98</coordinates></Point>
    </Placemark>
    <Placemark>
      <name>BRANXHOLME (BASSETT)</name>
      <styleUrl>#active</styleUrl>
      <Point><coordinates>141.7708,-37.8595,124</coordinates></Point>
    </Placemark>
    <Placemark>
      <name>CAMPERDOWN (POST OFFICE)</name>
      <styleUrl>#closed</styleUrl>
      <Point><coordinates>143.145,-38.2331,165</coordinates></Point>
    </Placemark>
    <Placemark>
      <name>CAMPERDOWN (ETTRICK)</name>
      <styleUrl>#closed</styleUrl>
      <Point><coordinates>143.2532,-37.9969,164</coordinates></Point>
    </Placemark>
    <Placemark>
      <name>CAPE BRIDGEWATER</name>
      <styleUrl>#active</styleUrl>
      <Point><coordinates>141.406,-38.3215,10</coordinates></Point>
    </Placemark>
    <Placemark>
      <name>CAPE NELSON LIGHTHOUSE COMPARISON</name>
      <styleUrl>#closed</styleUrl>
      <Point><coordinates>141.5419,-38.4319,45</coordinates></Point>
    </Placemark>
    <Placemark>
      <name>CAPE OTWAY LIGHTHOUSE</name>
      <styleUrl>#active</styleUrl>
      <Point><coordinates>143.513,-38.8557,80</coordinates></Point>
    </Placemark>
    <Placemark>
      <name>CARAMUT (BARWIDGEE)</name>
      <styleUrl>#closed</styleUrl>
      <Point><coordinates>142.5167,-38,0</coordinates></Point>
    </Placemark>
    <Placemark>
      <name>CARLISLE RIVER</name>
      <styleUrl>#closed</styleUrl>
      <Point><coordinates>143.4,-38.6,45.7</coordinates></Point>
    </Placemark>
    <Placemark>
      <name>CASTERTON POST OFFICE</name>
      <styleUrl>#closed</styleUrl>
      <Point><coordinates>141.4,-37.2667,48.2</coordinates></Point>
    </Placemark>
    <Placemark>
      <name>CASTERTON (ROSENEATH)</name>
      <styleUrl>#active</styleUrl>
      <Point><coordinates>141.2688,-37.4301,101</coordinates></Point>
    </Placemark>
    <Placemark>
      <name>CASTERTON (WARROCK)</name>
      <styleUrl>#active</styleUrl>
      <Point><coordinates>141.3428,-37.435,115</coordinates></Point>
    </Placemark>
    <Placemark>
      <name>COBDEN (POST OFFICE)</name>
      <styleUrl>#active</styleUrl>
      <Point><coordinates>143.0779,-38.3291,134</coordinates></Point>
    </Placemark>
    <Placemark>
      <name>COLAC AIRPORT</name>
      <styleUrl>#active</styleUrl>
      <Point><coordinates>143.6613,-38.2798,122</coordinates></Point>
    </Placemark>
    <Placemark>
      <name>COLAC BOTANICAL GARDENS</name>
      <styleUrl>#closed</styleUrl>
      <Point><coordinates>143.6,-38.3,133.2</coordinates></Point>
    </Placemark>
    <Placemark>
      <name>COLERAINE HOSPITAL</name>
      <styleUrl>#active</styleUrl>
      <Point><coordinates>141.6853,-37.6044,114</coordinates></Point>
    </Placemark>
    <Placemark>
      <name>COLERAINE (TULSE HILL)</name>
      <styleUrl>#closed</styleUrl>
      <Point><coordinates>141.55,-37.5,304.8</coordinates></Point>
    </Placemark>
    <Placemark>
      <name>COOJAR (KILLARA)</name>
      <styleUrl>#active</styleUrl>
      <Point><coordinates>141.6861,-37.3443,274</coordinates></Point>
    </Placemark>
    <Placemark>
      <name>COLERAINE (WILLAROO)</name>
      <styleUrl>#closed</styleUrl>
      <Point><coordinates>141.6,-37.4,0</coordinates></Point>
    </Placemark>
    <Placemark>
      <name>CONDAH</name>
      <styleUrl>#closed</styleUrl>
      <Point><coordinates>141.7,-38,0</coordinates></Point>
    </Placemark>
    <Placemark>
      <name>COORIEMUNGLE PRISON CAMP</name>
      <styleUrl>#closed</styleUrl>
      <Point><coordinates>143.1,-38.55,0</coordinates></Point>
    </Placemark>
    <Placemark>
      <name>COROROOKE</name>
      <styleUrl>#closed</styleUrl>
      <Point><coordinates>143.5167,-38.3,129.5</coordinates></Point>
    </Placemark>
    <Placemark>
      <name>DARLINGTON (WARE STREET)</name>
      <styleUrl>#closed</styleUrl>
      <Point><coordinates>143.0473,-37.9966,151</coordinates></Point>
    </Placemark>
    <Placemark>
      <name>DARTMOOR</name>
      <styleUrl>#closed</styleUrl>
      <Point><coordinates>141.3,-37.9,0</coordinates></Point>
    </Placemark>
    <Placemark>
      <name>DERGHOLM (HILLGROVE)</name>
      <styleUrl>#active</styleUrl>
      <Point><coordinates>141.2103,-37.3563,89</coordinates></Point>
    </Placemark>
    <Placemark>
      <name>DERGHOLM (DORODONG)</name>
      <styleUrl>#closed</styleUrl>
      <Point><coordinates>141.0809,-37.3322,124</coordinates></Point>
    </Placemark>
    <Placemark>
      <name>COLAC (MOUNT GELLIBRAND)</name>
      <styleUrl>#active</styleUrl>
      <Point><coordinates>143.7924,-38.2333,261</coordinates></Point>
    </Placemark>
    <Placemark>
      <name>DRIK DRIK</name>
      <styleUrl>#active</styleUrl>
      <Point><coordinates>141.3077,-37.9695,48</coordinates></Point>
    </Placemark>
    <Placemark>
      <name>EASTERN VIEW</name>
      <styleUrl>#closed</styleUrl>
      <Point><coordinates>144.1,-38.45,0</coordinates></Point>
    </Placemark>
    <Placemark>
      <name>TYRENDARRA (ELLANGOWAN)</name>
      <styleUrl>#closed</styleUrl>
      <Point><coordinates>141.7764,-38.1614,24.4</coordinates></Point>
    </Placemark>
    <Placemark>
      <name>ELLERSLIE POST OFFICE</name>
      <styleUrl>#closed</styleUrl>
      <Point><coordinates>142.6833,-38.15,100</coordinates></Point>
    </Placemark>
    <Placemark>
      <name>FORREST STATE FOREST</name>
      <styleUrl>#closed</styleUrl>
      <Point><coordinates>143.715,-38.5198,203</coordinates></Point>
    </Placemark>
    <Placemark>
      <name>GELLIBRAND RIVER EAST (LOVAT)</name>
      <styleUrl>#closed</styleUrl>
      <Point><coordinates>143.5,-38.5,85.3</coordinates></Point>
    </Placemark>
    <Placemark>
      <name>GELLIBRAND RIVER WEST</name>
      <styleUrl>#closed</styleUrl>
      <Point><coordinates>143.2764,-38.6197,24</coordinates></Point>
    </Placemark>
    <Placemark>
      <name>PORT FAIRY (GRIFFITHS ISLAND)</name>
      <styleUrl>#closed</styleUrl>
      <Point><coordinates>142.2,-38.4,6.1</coordinates></Point>
    </Placemark>
    <Placemark>
      <name>HAMILTON</name>
      <styleUrl>#closed</styleUrl>
      <Point><coordinates>142.0167,-37.7333,209</coordinates></Point>
    </Placemark>
    <Placemark>
      <name>HAWKESDALE (POST OFFICE)</name>
      <styleUrl>#active</styleUrl>
      <Point><coordinates>142.3216,-38.1058,132</coordinates></Point>
    </Placemark>
    <Placemark>
      <name>HAWKESDALE SHIRE OFFICE</name>
      <styleUrl>#closed</styleUrl>
      <Point><coordinates>142.3217,-38.1086,150</coordinates></Point>
    </Placemark>
    <Placemark>
      <name>HEYWOOD POST OFFICE</name>
      <styleUrl>#closed</styleUrl>
      <Point><coordinates>141.6333,-38.1,0</coordinates></Point>
    </Placemark>
    <Placemark>
      <name>HEYWOOD FORESTRY</name>
      <styleUrl>#closed</styleUrl>
      <Point><coordinates>141.6316,-38.1355,26.8</coordinates></Point>
    </Placemark>
    <Placemark>
      <name>JOHANNA GLEN</name>
      <styleUrl>#closed</styleUrl>
      <Point><coordinates>143.3833,-38.7667,45.7</coordinates></Point>
    </Placemark>
    <Placemark>
      <name>MOUNT RICHMOND</name>
      <styleUrl>#closed</styleUrl>
      <Point><coordinates>141.3577,-38.1968,133</coordinates></Point>
    </Placemark>
    <Placemark>
      <name>KOROIT</name>
      <styleUrl>#closed</styleUrl>
      <Point><coordinates>142.3725,-38.2928,66</coordinates></Point>
    </Placemark>
    <Placemark>
      <name>LAVERS HILL</name>
      <styleUrl>#closed</styleUrl>
      <Point><coordinates>143.4,-38.7,0</coordinates></Point>
    </Placemark>
    <Placemark>
      <name>LESLIE MANOR  (BOOLARRA)</name>
      <styleUrl>#closed</styleUrl>
      <Point><coordinates>143.3061,-38.1458,124</coordinates></Point>
    </Placemark>
    <Placemark>
      <name>LORNE POST OFFICE</name>
      <styleUrl>#closed</styleUrl>
      <Point><coordinates>143.9833,-38.55,15.2</coordinates></Point>
    </Placemark>
    <Placemark>
      <name>MACARTHUR (POST OFFICE)</name>
      <styleUrl>#active</styleUrl>
      <Point><coordinates>141.9998,-38.0339,80</coordinates></Point>
    </Placemark>
    <Placemark>
      <name>MERINO (GLENORCHY ESTATE)</name>
      <styleUrl>#closed</styleUrl>
      <Point><coordinates>141.55,-37.7,61</coordinates></Point>
    </Placemark>
    <Placemark>
      <name>MERINO</name>
      <styleUrl>#active</styleUrl>
      <Point><coordinates>141.5486,-37.7171,78</coordinates></Point>
    </Placemark>
    <Placemark>
      <name>MORTLAKE</name>
      <styleUrl>#closed</styleUrl>
      <Point><coordinates>142.79,-38.0853,130</coordinates></Point>
    </Placemark>
    <Placemark>
      <name>NELSON</name>
      <styleUrl>#active</styleUrl>
      <Point><coordinates>141.0183,-38.0329,20</coordinates></Point>
    </Placemark>
    <Placemark>
      <name>NULLAWARRE</name>
      <styleUrl>#active</styleUrl>
      <Point><coordinates>142.7504,-38.4698,55</coordinates></Point>
    </Placemark>
    <Placemark>
      <name>PENNYROYAL CREEK</name>
      <styleUrl>#active</styleUrl>
      <Point><coordinates>143.8348,-38.421,160</coordinates></Point>
    </Placemark>
    <Placemark>
      <name>PENSHURST (THE GUMS)</name>
      <styleUrl>#active</styleUrl>
      <Point><coordinates>142.4235,-37.8824,205</coordinates></Point>
    </Placemark>
    <Placemark>
      <name>PENSHURST (POST OFFICE)</name>
      <styleUrl>#active</styleUrl>
      <Point><coordinates>142.2894,-37.875,233</coordinates></Point>
    </Placemark>
    <Placemark>
      <name>PETERBOROUGH</name>
      <styleUrl>#closed</styleUrl>
      <Point><coordinates>142.8756,-38.6086,15</coordinates></Point>
    </Placemark>
    <Placemark>
      <name>POMBORNEIT</name>
      <styleUrl>#closed</styleUrl>
      <Point><coordinates>143.3,-38.3,0</coordinates></Point>
    </Placemark>
    <Placemark>
      <name>POOLAIJELO</name>
      <styleUrl>#closed</styleUrl>
      <Point><coordinates>141.1,-37.25,85.3</coordinates></Point>
    </Placemark>
    <Placemark>
      <name>PORT CAMPBELL POST OFFICE</name>
      <styleUrl>#active</styleUrl>
      <Point><coordinates>142.9944,-38.6197,11</coordinates></Point>
    </Placemark>
    <Placemark>
      <name>PORT CAMPBELL (WAARE)</name>
      <styleUrl>#closed</styleUrl>
      <Point><coordinates>142.9833,-38.6167,0</coordinates></Point>
    </Placemark>
    <Placemark>
      <name>PORT FAIRY POST OFFICE</name>
      <styleUrl>#closed</styleUrl>
      <Point><coordinates>142.225,-38.3792,6</coordinates></Point>
    </Placemark>
    <Placemark>
      <name>PORTLAND</name>
      <styleUrl>#active</styleUrl>
      <Point><coordinates>141.5905,-38.3453,55</coordinates></Point>
    </Placemark>
    <Placemark>
      <name>PRINCETOWN</name>
      <styleUrl>#active</styleUrl>
      <Point><coordinates>143.1561,-38.694,7</coordinates></Point>
    </Placemark>
    <Placemark>
      <name>PURALKA</name>
      <styleUrl>#closed</styleUrl>
      <Point><coordinates>141.1,-37.8,64.9</coordinates></Point>
    </Placemark>
    <Placemark>
      <name>PRINCETOWN (RIVERNOOK)</name>
      <styleUrl>#closed</styleUrl>
      <Point><coordinates>143.2,-38.75,0</coordinates></Point>
    </Placemark>
    <Placemark>
      <name>STRATHDOWNIE (MULGA)</name>
      <styleUrl>#closed</styleUrl>
      <Point><coordinates>141.2,-37.7,0</coordinates></Point>
    </Placemark>
    <Placemark>
      <name>TAHARA</name>
      <styleUrl>#closed</styleUrl>
      <Point><coordinates>141.6986,-37.7158,120</coordinates></Point>
    </Placemark>
    <Placemark>
      <name>TANYBRYN</name>
      <styleUrl>#active</styleUrl>
      <Point><coordinates>143.7033,-38.6602,469</coordinates></Point>
    </Placemark>
    <Placemark>
      <name>TERANG</name>
      <styleUrl>#active</styleUrl>
      <Point><coordinates>142.9166,-38.2362,131</coordinates></Point>
    </Placemark>
    <Placemark>
      <name>TERANG (SUNNYSIDE)</name>
      <styleUrl>#closed</styleUrl>
      <Point><coordinates>142.9,-38.2,0</coordinates></Point>
    </Placemark>
    <Placemark>
      <name>TIMBOON</name>
      <styleUrl>#active</styleUrl>
      <Point><coordinates>142.9791,-38.4881,103</coordinates></Point>
    </Placemark>
    <Placemark>
      <name>WARRION</name>
      <styleUrl>#active</styleUrl>
      <Point><coordinates>143.5531,-38.2127,156</coordinates></Point>
    </Placemark>
    <Placemark>
      <name>WARRNAMBOOL SHIRE OFFICE</name>
      <styleUrl>#closed</styleUrl>
      <Point><coordinates>142.4694,-38.3725,11</coordinates></Point>
    </Placemark>
    <Placemark>
      <name>WARRNAMBOOL (POST OFFICE)</name>
      <styleUrl>#closed</styleUrl>
      <Point><coordinates>142.4814,-38.3836,21</coordinates></Point>
    </Placemark>
    <Placemark>
      <name>WEEAPROINAH</name>
      <styleUrl>#closed</styleUrl>
      <Point><coordinates>143.5127,-38.6357,492</coordinates></Point>
    </Placemark>
    <Placemark>
      <name>WOOLSTHORPE</name>
      <styleUrl>#active</styleUrl>
      <Point><coordinates>142.4677,-38.183,85</coordinates></Point>
    </Placemark>
    <Placemark>
      <name>KOLORA (WOORIWYRITE)</name>
      <styleUrl>#active</styleUrl>
      <Point><coordinates>142.9919,-38.0831,142</coordinates></Point>
    </Placemark>
    <Placemark>
      <name>WYELANGTA</name>
      <styleUrl>#closed</styleUrl>
      <Point><coordinates>143.45,-38.65,0</coordinates></Point>
    </Placemark>
    <Placemark>
      <name>WYELANGTA</name>
      <styleUrl>#closed</styleUrl>
      <Point><coordinates>143.4495,-38.6636,535</coordinates></Point>
    </Placemark>
    <Placemark>
      <name>YATCHAW (AMAROO)</name>
      <styleUrl>#closed</styleUrl>
      <Point><coordinates>142.1301,-37.8096,200</coordinates></Point>
    </Placemark>
    <Placemark>
      <name>TIRRENGOWER</name>
      <styleUrl>#closed</styleUrl>
      <Point><coordinates>143.4,-38.4,0</coordinates></Point>
    </Placemark>
    <Placemark>
      <name>TOMAHAWK CREEK NORTH STATION</name>
      <styleUrl>#closed</styleUrl>
      <Point><coordinates>143.45,-38.4,0</coordinates></Point>
    </Placemark>
    <Placemark>
      <name>CHETWYND</name>
      <styleUrl>#closed</styleUrl>
      <Point><coordinates>141.4,-37.3,0</coordinates></Point>
    </Placemark>
    <Placemark>
      <name>RENNICK</name>
      <styleUrl>#closed</styleUrl>
      <Point><coordinates>140.9717,-37.8408,70</coordinates></Point>
    </Placemark>
    <Placemark>
      <name>HORDERN VALE</name>
      <styleUrl>#active</styleUrl>
      <Point><coordinates>143.5103,-38.7553,67</coordinates></Point>
    </Placemark>
    <Placemark>
      <name>CARAPOOK (THE GUMS)</name>
      <styleUrl>#closed</styleUrl>
      <Point><coordinates>141.5,-37.6,193.5</coordinates></Point>
    </Placemark>
    <Placemark>
      <name>COLERAINE (MELVILLE FOREST)</name>
      <styleUrl>#active</styleUrl>
      <Point><coordinates>141.8172,-37.5261,244</coordinates></Point>
    </Placemark>
    <Placemark>
      <name>SKENES CREEK</name>
      <styleUrl>#closed</styleUrl>
      <Point><coordinates>143.75,-38.7,0</coordinates></Point>
    </Placemark>
    <Placemark>
      <name>GRASSDALE</name>
      <styleUrl>#closed</styleUrl>
      <Point><coordinates>141.6775,-37.8031,190</coordinates></Point>
    </Placemark>
    <Placemark>
      <name>MOUNT SABINE 2</name>
      <styleUrl>#closed</styleUrl>
      <Point><coordinates>143.7333,-38.6333,0</coordinates></Point>
    </Placemark>
    <Placemark>
      <name>BENWERRIN</name>
      <styleUrl>#closed</styleUrl>
      <Point><coordinates>143.9,-38.45,0</coordinates></Point>
    </Placemark>
    <Placemark>
      <name>CAMPERDOWN (EDDINGTON)</name>
      <styleUrl>#closed</styleUrl>
      <Point><coordinates>143.0167,-38.15,0</coordinates></Point>
    </Placemark>
    <Placemark>
      <name>BIRREGURRA (RIPPLE VALE)</name>
      <styleUrl>#closed</styleUrl>
      <Point><coordinates>143.7833,-38.3167,0</coordinates></Point>
    </Placemark>
    <Placemark>
      <name>BRUCKNELL SOUTH</name>
      <styleUrl>#closed</styleUrl>
      <Point><coordinates>142.95,-38.45,0</coordinates></Point>
    </Placemark>
    <Placemark>
      <name>HAMILTON RESEARCH STATION</name>
      <styleUrl>#closed</styleUrl>
      <Point><coordinates>142.0644,-37.825,200</coordinates></Point>
    </Placemark>
    <Placemark>
      <name>CARAMUT</name>
      <styleUrl>#closed</styleUrl>
      <Point><coordinates>142.5167,-37.95,146.3</coordinates></Point>
    </Placemark>
    <Placemark>
      <name>STRATHDOWNIE</name>
      <styleUrl>#active</styleUrl>
      <Point><coordinates>141.0657,-37.7417,72</coordinates></Point>
    </Placemark>
    <Placemark>
      <name>CASTERTON (CARRINYA)</name>
      <styleUrl>#closed</styleUrl>
      <Point><coordinates>141.5,-37.55,0</coordinates></Point>
    </Placemark>
    <Placemark>
      <name>CASTERTON (NANGEELA)</name>
      <styleUrl>#closed</styleUrl>
      <Point><coordinates>141.25,-37.4,0</coordinates></Point>
    </Placemark>
    <Placemark>
      <name>CASTERTON VICARAGE</name>
      <styleUrl>#closed</styleUrl>
      <Point><coordinates>141.4,-37.5833,0</coordinates></Point>
    </Placemark>
    <Placemark>
      <name>CHETWYND (WOODACRES)</name>
      <styleUrl>#closed</styleUrl>
      <Point><coordinates>141.4,-37.3,0</coordinates></Point>
    </Placemark>
    <Placemark>
      <name>COLAC (BADLINGHAM)</name>
      <styleUrl>#closed</styleUrl>
      <Point><coordinates>143.5833,-37.3167,129.5</coordinates></Point>
    </Placemark>
    <Placemark>
      <name>COLAC WEST</name>
      <styleUrl>#closed</styleUrl>
      <Point><coordinates>143.5833,-37.3167,129.5</coordinates></Point>
    </Placemark>
    <Placemark>
      <name>COLERAINE (KONONG WOOTONG)</name>
      <styleUrl>#closed</styleUrl>
      <Point><coordinates>141.7167,-37.55,93.9</coordinates></Point>
    </Placemark>
    <Placemark>
      <name>COLERAINE (WONDO DALE)</name>
      <styleUrl>#closed</styleUrl>
      <Point><coordinates>141.7,-37.6,274.3</coordinates></Point>
    </Placemark>
    <Placemark>
      <name>COLERAINE (MONA VALE)</name>
      <styleUrl>#closed</styleUrl>
      <Point><coordinates>141.7,-37.6,0</coordinates></Point>
    </Placemark>
    <Placemark>
      <name>CUNDARE SOUTH</name>
      <styleUrl>#closed</styleUrl>
      <Point><coordinates>143.6,-38.1,0</coordinates></Point>
    </Placemark>
    <Placemark>
      <name>POLIGOLET</name>
      <styleUrl>#closed</styleUrl>
      <Point><coordinates>143.1333,-37.9833,0</coordinates></Point>
    </Placemark>
    <Placemark>
      <name>HEXHAM PARK</name>
      <styleUrl>#closed</styleUrl>
      <Point><coordinates>142.7,-38,0</coordinates></Point>
    </Placemark>
    <Placemark>
      <name>HEXHAM STATE SCHOOL</name>
      <styleUrl>#closed</styleUrl>
      <Point><coordinates>142.7,-38,0</coordinates></Point>
    </Placemark>
    <Placemark>
      <name>LARALEA</name>
      <styleUrl>#closed</styleUrl>
      <Point><coordinates>143.65,-38.3,0</coordinates></Point>
    </Placemark>
    <Placemark>
      <name>LARPENT</name>
      <styleUrl>#closed</styleUrl>
      <Point><coordinates>143.5,-38.35,0</coordinates></Point>
    </Placemark>
    <Placemark>
      <name>CRAWFORD LOWER</name>
      <styleUrl>#closed</styleUrl>
      <Point><coordinates>141.45,-38,0</coordinates></Point>
    </Placemark>
    <Placemark>
      <name>MACARTHUR (GLENHUNTLY)</name>
      <styleUrl>#closed</styleUrl>
      <Point><coordinates>142,-38.1,0</coordinates></Point>
    </Placemark>
    <Placemark>
      <name>MOUNT SABINE 1</name>
      <styleUrl>#closed</styleUrl>
      <Point><coordinates>143.7333,-38.6333,0</coordinates></Point>
    </Placemark>
    <Placemark>
      <name>NARRAWONG</name>
      <styleUrl>#closed</styleUrl>
      <Point><coordinates>141.7,-38.2,0</coordinates></Point>
    </Placemark>
    <Placemark>
      <name>PANMURE</name>
      <styleUrl>#closed</styleUrl>
      <Point><coordinates>142.7,-38.3,0</coordinates></Point>
    </Placemark>
    <Placemark>
      <name>SCOTTS CREEK</name>
      <styleUrl>#closed</styleUrl>
      <Point><coordinates>143.1,-38.4,0</coordinates></Point>
    </Placemark>
    <Placemark>
      <name>STRATHDOWNIE POST OFFICE</name>
      <styleUrl>#closed</styleUrl>
      <Point><coordinates>141.2,-37.7,0</coordinates></Point>
    </Placemark>
    <Placemark>
      <name>TOMAHAWK CREEK (IRREWILLIPE EAST)</name>
      <styleUrl>#closed</styleUrl>
      <Point><coordinates>143.5,-38.4,0</coordinates></Point>
    </Placemark>
    <Placemark>
      <name>WARRNAMBOOL (FAWSYDE)</name>
      <styleUrl>#closed</styleUrl>
      <Point><coordinates>142.4833,-38.3833,0</coordinates></Point>
    </Placemark>
    <Placemark>
      <name>WATTLE HILL</name>
      <styleUrl>#closed</styleUrl>
      <Point><coordinates>143.25,-38.75,0</coordinates></Point>
    </Placemark>
    <Placemark>
      <name>WENSLEY DALE STATE SCHOOL</name>
      <styleUrl>#closed</styleUrl>
      <Point><coordinates>144,-38.35,0</coordinates></Point>
    </Placemark>
    <Placemark>
      <name>STRATHDOWNIE (BAMBON STATION)</name>
      <styleUrl>#closed</styleUrl>
      <Point><coordinates>141.1833,-37.75,0</coordinates></Point>
    </Placemark>
    <Placemark>
      <name>APOLLO BAY NORTH</name>
      <styleUrl>#closed</styleUrl>
      <Point><coordinates>143.6667,-38.75,0</coordinates></Point>
    </Placemark>
    <Placemark>
      <name>GELLIBRAND RIVER FORESTRY</name>
      <styleUrl>#closed</styleUrl>
      <Point><coordinates>143.539,-38.5304,89</coordinates></Point>
    </Placemark>
    <Placemark>
      <name>CASTERTON SHOWGROUNDS</name>
      <styleUrl>#closed</styleUrl>
      <Point><coordinates>141.4124,-37.5909,71</coordinates></Point>
    </Placemark>
    <Placemark>
      <name>CARAMUT</name>
      <styleUrl>#closed</styleUrl>
      <Point><coordinates>142.5187,-37.9568,147</coordinates></Point>
    </Placemark>
    <Placemark>
      <name>CAPE PATTON</name>
      <styleUrl>#closed</styleUrl>
      <Point><coordinates>143.85,-38.7,0</coordinates></Point>
    </Placemark>
    <Placemark>
      <name>IRREWILLIPE (TOMAHAWK CREEK)</name>
      <styleUrl>#active</styleUrl>
      <Point><coordinates>143.662,-38.4459,170</coordinates></Point>
    </Placemark>
    <Placemark>
      <name>CHAPPLE VALE</name>
      <styleUrl>#closed</styleUrl>
      <Point><coordinates>143.3,-38.65,61</coordinates></Point>
    </Placemark>
    <Placemark>
      <name>NAREEN</name>
      <styleUrl>#active</styleUrl>
      <Point><coordinates>141.5842,-37.3644,270</coordinates></Point>
    </Placemark>
    <Placemark>
      <name>WANGOOM POST OFFICE</name>
      <styleUrl>#closed</styleUrl>
      <Point><coordinates>142.5833,-38.3333,55</coordinates></Point>
    </Placemark>
    <Placemark>
      <name>GLENELG RIVER @ DERGHOLM</name>
      <styleUrl>#active</styleUrl>
      <Point><coordinates>141.2279,-37.3665,89</coordinates></Point>
    </Placemark>
    <Placemark>
      <name>WANNON RIVER (PARK HILL CASTERTON)</name>
      <styleUrl>#closed</styleUrl>
      <Point><coordinates>141.8333,-37.7167,182.9</coordinates></Point>
    </Placemark>
    <Placemark>
      <name>BEEAC (EURACK)</name>
      <styleUrl>#closed</styleUrl>
      <Point><coordinates>143.6167,-38.2,0</coordinates></Point>
    </Placemark>
    <Placemark>
      <name>JOHANNA</name>
      <styleUrl>#closed</styleUrl>
      <Point><coordinates>143.3833,-38.7667,0</coordinates></Point>
    </Placemark>
    <Placemark>
      <name>ALVIE</name>
      <styleUrl>#closed</styleUrl>
      <Point><coordinates>143.5167,-38.2333,274.3</coordinates></Point>
    </Placemark>
    <Placemark>
      <name>COLAC (SHIRE OFFICE)</name>
      <styleUrl>#active</styleUrl>
      <Point><coordinates>143.5848,-38.3427,132</coordinates></Point>
    </Placemark>
    <Placemark>
      <name>LORNE PIER HEAD</name>
      <styleUrl>#closed</styleUrl>
      <Point><coordinates>143.9833,-38.5333,4</coordinates></Point>
    </Placemark>
    <Placemark>
      <name>YAMBUK</name>
      <styleUrl>#closed</styleUrl>
      <Point><coordinates>142.0667,-38.3167,6</coordinates></Point>
    </Placemark>
    <Placemark>
      <name>GORAE</name>
      <styleUrl>#closed</styleUrl>
      <Point><coordinates>141.6,-38.3,0</coordinates></Point>
    </Placemark>
    <Placemark>
      <name>EDENHOPE (DORODONG)</name>
      <styleUrl>#closed</styleUrl>
      <Point><coordinates>141.05,-37.3,0</coordinates></Point>
    </Placemark>
    <Placemark>
      <name>SPRINGFIELD</name>
      <styleUrl>#closed</styleUrl>
      <Point><coordinates>142.3667,-37.9,0</coordinates></Point>
    </Placemark>
    <Placemark>
      <name>CAMPERDOWN  DONALDS HILL</name>
      <styleUrl>#active</styleUrl>
      <Point><coordinates>143.1256,-38.255,245</coordinates></Point>
    </Placemark>
    <Placemark>
      <name>APOLLO BAY (TANYBRYN FARM)</name>
      <styleUrl>#closed</styleUrl>
      <Point><coordinates>143.7167,-38.6833,381</coordinates></Point>
    </Placemark>
    <Placemark>
      <name>COBRICO (SUNNYSIDE)</name>
      <styleUrl>#closed</styleUrl>
      <Point><coordinates>142.9667,-38.35,0</coordinates></Point>
    </Placemark>
    <Placemark>
      <name>MOUNY VANDYKE (LYONS)</name>
      <styleUrl>#closed</styleUrl>
      <Point><coordinates>141.4667,-38.0833,0</coordinates></Point>
    </Placemark>
    <Placemark>
      <name>BRANXHOLME (CHIRITTA)</name>
      <styleUrl>#closed</styleUrl>
      <Point><coordinates>141.8833,-37.6833,0</coordinates></Point>
    </Placemark>
    <Placemark>
      <name>DEANS MARSH</name>
      <styleUrl>#closed</styleUrl>
      <Point><coordinates>143.9,-38.3833,0</coordinates></Point>
    </Placemark>
    <Placemark>
      <name>PIRRON YALLOCK</name>
      <styleUrl>#closed</styleUrl>
      <Point><coordinates>143.4333,-38.35,0</coordinates></Point>
    </Placemark>
    <Placemark>
      <name>CARPENDEIT STATE SCHOOL</name>
      <styleUrl>#closed</styleUrl>
      <Point><coordinates>143.2667,-38.3667,0</coordinates></Point>
    </Placemark>
    <Placemark>
      <name>WINCHELSEA BARWON PARK</name>
      <styleUrl>#closed</styleUrl>
      <Point><coordinates>143.9833,-38.2167,0</coordinates></Point>
    </Placemark>
    <Placemark>
      <name>PORTLAND AERO</name>
      <styleUrl>#closed</styleUrl>
      <Point><coordinates>141.6333,-38.3833,38</coordinates></Point>
    </Placemark>
    <Placemark>
      <name>SANDFORD STATION</name>
      <styleUrl>#closed</styleUrl>
      <Point><coordinates>141.4333,-37.6167,0</coordinates></Point>
    </Placemark>
    <Placemark>
      <name>POOLAIJELO (KARINYA)</name>
      <styleUrl>#active</styleUrl>
      <Point><coordinates>141.0721,-37.1824,130</coordinates></Point>
    </Placemark>
    <Placemark>
      <name>SIMPSON SOUTH</name>
      <styleUrl>#active</styleUrl>
      <Point><coordinates>143.1822,-38.5648,170</coordinates></Point>
    </Placemark>
    <Placemark>
      <name>WINCHELSEA SHIRE DEPOT</name>
      <styleUrl>#closed</styleUrl>
      <Point><coordinates>143.9764,-38.2453,90</coordinates></Point>
    </Placemark>
    <Placemark>
      <name>WINCHELSEA (POST OFFICE)</name>
      <styleUrl>#active</styleUrl>
      <Point><coordinates>143.9887,-38.243,85</coordinates></Point>
    </Placemark>
    <Placemark>
      <name>LORNE COUNTRY CLUB</name>
      <styleUrl>#closed</styleUrl>
      <Point><coordinates>143.9722,-38.5256,90</coordinates></Point>
    </Placemark>
    <Placemark>
      <name>HAMILTON GODFREY</name>
      <styleUrl>#closed</styleUrl>
      <Point><coordinates>141.9667,-37.7167,174</coordinates></Point>
    </Placemark>
    <Placemark>
      <name>KOLORA (WIRWIN)</name>
      <styleUrl>#active</styleUrl>
      <Point><coordinates>142.9597,-38.0926,155</coordinates></Point>
    </Placemark>
    <Placemark>
      <name>PORTLAND AIRPORT</name>
      <styleUrl>#active</styleUrl>
      <Point><coordinates>141.4705,-38.3148,80.9</coordinates></Point>
    </Placemark>
    <Placemark>
      <name>WARRNAMBOOL AIRPORT</name>
      <styleUrl>#closed</styleUrl>
      <Point><coordinates>142.4353,-38.2919,75</coordinates></Point>
    </Placemark>
    <Placemark>
      <name>HAMILTON AIRPORT</name>
      <styleUrl>#active</styleUrl>
      <Point><coordinates>142.0636,-37.6486,241.1</coordinates></Point>
    </Placemark>
    <Placemark>
      <name>COLAC (ELLIMINYT)</name>
      <styleUrl>#closed</styleUrl>
      <Point><coordinates>143.5961,-38.3933,248.1</coordinates></Point>
    </Placemark>
    <Placemark>
      <name>PORT FAIRY AWS</name>
      <styleUrl>#active</styleUrl>
      <Point><coordinates>142.2348,-38.3906,10</coordinates></Point>
    </Placemark>
    <Placemark>
      <name>MORTLAKE RACECOURSE</name>
      <styleUrl>#active</styleUrl>
      <Point><coordinates>142.7744,-38.0737,130</coordinates></Point>
    </Placemark>
    <Placemark>
      <name>POOLAIJELO (DOROTHY DOWNS)</name>
      <styleUrl>#closed</styleUrl>
      <Point><coordinates>141.0944,-37.2561,135</coordinates></Point>
    </Placemark>
    <Placemark>
      <name>LANGKOOP (SPRINGDALE)</name>
      <styleUrl>#closed</styleUrl>
      <Point><coordinates>141.0029,-37.1091,106</coordinates></Point>
    </Placemark>
    <Placemark>
      <name>BURTONS LOOKOUT</name>
      <styleUrl>#closed</styleUrl>
      <Point><coordinates>143.5689,-38.4478,280</coordinates></Point>
    </Placemark>
    <Placemark>
      <name>AIREYS INLET</name>
      <styleUrl>#active</styleUrl>
      <Point><coordinates>144.0883,-38.4583,105</coordinates></Point>
    </Placemark>
    <Placemark>
      <name>CAMPERDOWN</name>
      <styleUrl>#active</styleUrl>
      <Point><coordinates>143.1393,-38.241,195</coordinates></Point>
    </Placemark>
    <Placemark>
      <name>CASTERTON</name>
      <styleUrl>#active</styleUrl>
      <Point><coordinates>141.3339,-37.583,130.6</coordinates></Point>
    </Placemark>
    <Placemark>
      <name>HAINES JUNCTION (MOUNT SABINE)</name>
      <styleUrl>#active</styleUrl>
      <Point><coordinates>143.7306,-38.6286,583</coordinates></Point>
    </Placemark>
    <Placemark>
      <name>CAPE NELSON LIGHTHOUSE</name>
      <styleUrl>#active</styleUrl>
      <Point><coordinates>141.5437,-38.4306,45.4</coordinates></Point>
    </Placemark>
    <Placemark>
      <name>LORNE (MOUNT COWLEY)</name>
      <styleUrl>#active</styleUrl>
      <Point><coordinates>143.8594,-38.5497,657</coordinates></Point>
    </Placemark>
    <Placemark>
      <name>WARRNAMBOOL AIRPORT NDB</name>
      <styleUrl>#active</styleUrl>
      <Point><coordinates>142.4524,-38.2869,70.8</coordinates></Point>
    </Placemark>
    <Placemark>
      <name>BOONAH</name>
      <styleUrl>#active</styleUrl>
      <Point><coordinates>143.9785,-38.4099,410</coordinates></Point>
    </Placemark>
    <Placemark>
      <name>BENWERRIN</name>
      <styleUrl>#active</styleUrl>
      <Point><coordinates>143.9142,-38.4831,0</coordinates></Point>
    </Placemark>
    <Placemark>
      <name>BARWON DOWNS (GERANGAMETE)</name>
      <styleUrl>#active</styleUrl>
      <Point><coordinates>143.7283,-38.4467,0</coordinates></Point>
    </Placemark>
    <Placemark>
      <name>BRANXHOLME INVERARY RD</name>
      <styleUrl>#closed</styleUrl>
      <Point><coordinates>141.8542,-37.8994,80</coordinates></Point>
    </Placemark>
    <Placemark>
      <name>PETERBOROUGH (THE LODGE)</name>
      <styleUrl>#active</styleUrl>
      <Point><coordinates>142.8666,-38.5834,8</coordinates></Point>
    </Placemark>
    <Placemark>
      <name>PORTLAND NTC AWS</name>
      <styleUrl>#active</styleUrl>
      <Point><coordinates>141.6136,-38.3439,0</coordinates></Point>
    </Placemark>
    <Placemark>
      <name>WARRNAMBOOL GOLF CLUB</name>
      <styleUrl>#closed</styleUrl>
      <Point><coordinates>142.4592,-38.3876,12</coordinates></Point>
    </Placemark>
    <Placemark>
      <name>DARTMOOR</name>
      <styleUrl>#active</styleUrl>
      <Point><coordinates>141.2614,-37.9222,51</coordinates></Point>
    </Placemark>
    <Placemark>
      <name>CAPE OTWAY COMPARISON</name>
      <styleUrl>#closed</styleUrl>
      <Point><coordinates>143.5128,-38.8556,82</coordinates></Point>
    </Placemark>
    <Placemark>
      <name>WARRNAMBOOL RACECOURSE</name>
      <styleUrl>#active</styleUrl>
      <Point><coordinates>142.5084,-38.3821,14</coordinates></Point>
    </Placemark>
    <Placemark>
      <name>MOUNT RICHMOND (BLACKS ROAD)</name>
      <styleUrl>#active</styleUrl>
      <Point><coordinates>141.3824,-38.1504,131</coordinates></Point>
    </Placemark>
    <Placemark>
      <name>TARRINGTON</name>
      <styleUrl>#active</styleUrl>
      <Point><coordinates>142.094,-37.7942,213</coordinates></Point>
    </Placemark>
    <Placemark>
      <name>PORTARLINGTON</name>
      <styleUrl>#closed</styleUrl>
      <Point><coordinates>144.65,-38.1167,33.2</coordinates></Point>
    </Placemark>
    <Placemark>
      <name>ESSO BUOY</name>
      <styleUrl>#closed</styleUrl>
      <Point><coordinates>150,-39.4167,0</coordinates></Point>
    </Placemark>
  </Folder>
</Document>
</kml>